CustomerID,Age,Gender,Tenure,MonthlyCharges,TotalCharges,ContractType,PaymentMethod,HasTechSupport,InternetService,Churn
1,56,F,52,48.12,2488.57,Two year,Electronic Check,0,Fiber optic,0
2,69,F,12,118.57,1455.01,Month-to-month,Bank Transfer,1,DSL,1
3,46,M,48,26.42,1314.77,Two year,Bank Transfer,0,None,0
4,32,M,22,80.79,1750.08,One year,Bank Transfer,0,Fiber optic,1
5,60,M,49,67.95,3286.96,Month-to-month,Electronic Check,1,Fiber optic,1
6,25,M,52,44.55,2309.26,One year,Electronic Check,1,Fiber optic,0
7,78,M,1,36.36,74.5,Month-to-month,Bank Transfer,0,Fiber optic,1
8,38,F,66,93.71,6149.89,Two year,Credit Card,1,DSL,0
9,56,M,64,111.63,7182.9,Month-to-month,Credit Card,0,Fiber optic,1
10,75,M,8,30.75,295.22,Month-to-month,Electronic Check,0,Fiber optic,1
11,36,M,25,39.4,940.4,Month-to-month,Bank Transfer,0,Fiber optic,1
12,40,M,66,118.63,7829.11,Month-to-month,Electronic Check,0,DSL,1
13,28,M,70,21.5,1487.89,Month-to-month,Electronic Check,0,DSL,1
14,28,F,51,70.83,3601.7,Month-to-month,Bank Transfer,0,Fiber optic,1
15,41,M,53,71.61,3790.49,Month-to-month,Electronic Check,1,Fiber optic,1
16,70,M,15,46.32,718.77,Month-to-month,Credit Card,0,DSL,1
17,53,M,50,86.3,4324.13,Month-to-month,Credit Card,0,Fiber optic,1
18,57,F,71,114.49,8174.91,One year,Bank Transfer,1,Fiber optic,1
19,41,F,38,65.02,2454.04,Month-to-month,Electronic Check,0,DSL,1
20,20,M,40,94.94,3801.75,Month-to-month,Credit Card,0,Fiber optic,1
21,39,M,66,84.61,5615.59,One year,Bank Transfer,1,Fiber optic,0
22,70,F,39,67.29,2611.61,Month-to-month,Bank Transfer,0,Fiber optic,1
23,19,F,17,24.98,421.19,Month-to-month,Bank Transfer,0,Fiber optic,1
24,41,F,7,94.17,677.69,Month-to-month,Electronic Check,1,None,1
25,61,M,39,56.33,2232.94,Two year,Bank Transfer,0,Fiber optic,0
26,47,M,68,42.45,2878.17,One year,Electronic Check,0,Fiber optic,0
27,55,F,35,114.83,4022.25,Month-to-month,Bank Transfer,0,Fiber optic,1
28,19,M,51,97.35,5012.36,Month-to-month,Electronic Check,1,DSL,1
29,77,F,47,116.23,5417.06,Month-to-month,Credit Card,0,DSL,1
30,38,F,36,45.62,1637.14,Month-to-month,Electronic Check,0,Fiber optic,1
31,50,F,64,103.58,6642.72,Month-to-month,Credit Card,0,Fiber optic,1
32,29,M,13,80.77,1000.85,One year,Credit Card,0,Fiber optic,1
33,75,F,18,118.15,2136.38,Month-to-month,Bank Transfer,1,Fiber optic,1
34,39,F,21,114.63,2362.85,One year,Credit Card,0,DSL,1
35,78,M,65,117.3,7660.26,Two year,Electronic Check,1,Fiber optic,0
36,61,F,8,115.18,952.15,Month-to-month,Credit Card,0,Fiber optic,1
37,42,M,48,20.77,950.19,Two year,Electronic Check,0,Fiber optic,0
38,66,F,43,94.11,4001.61,Two year,Electronic Check,0,DSL,1
39,44,M,53,47.19,2526.43,One year,Electronic Check,0,DSL,0
40,76,F,27,90.5,2430.45,Month-to-month,Bank Transfer,0,Fiber optic,1
41,59,F,19,118.06,2250.64,One year,Electronic Check,1,DSL,0
42,45,F,23,23.94,527.65,Two year,Bank Transfer,1,Fiber optic,0
43,77,F,50,76.7,3802.3,One year,Credit Card,0,Fiber optic,0
44,33,F,51,93.5,4748.11,Month-to-month,Credit Card,0,DSL,1
45,32,M,43,45.34,1924.29,One year,Bank Transfer,1,DSL,0
46,79,M,51,42.51,2162.84,Two year,Credit Card,1,None,0
47,79,F,69,26.03,1820.74,Month-to-month,Credit Card,0,DSL,1
48,64,F,41,29.39,1210.4,One year,Credit Card,1,DSL,0
49,79,F,72,85.67,6179.16,Month-to-month,Credit Card,1,DSL,1
50,68,M,11,70.52,772.73,Month-to-month,Electronic Check,0,DSL,1
51,61,M,52,23.01,1178.99,Month-to-month,Credit Card,1,Fiber optic,1
52,72,F,23,116.97,2654.66,Month-to-month,Electronic Check,0,DSL,1
53,69,M,49,85.6,4179.86,One year,Credit Card,0,Fiber optic,1
54,74,F,38,71.55,2735.42,Month-to-month,Bank Transfer,0,Fiber optic,1
55,20,F,47,47.27,2245.07,Month-to-month,Bank Transfer,0,Fiber optic,1
56,54,F,72,85.81,6175.24,Month-to-month,Electronic Check,0,DSL,1
57,68,M,7,56.42,409.44,Month-to-month,Bank Transfer,1,DSL,0
58,24,F,66,90.25,5927.55,One year,Electronic Check,0,Fiber optic,1
59,38,F,62,88.26,5508.13,Month-to-month,Credit Card,0,DSL,1
60,26,F,29,29.27,885.42,Month-to-month,Bank Transfer,0,Fiber optic,1
61,56,M,38,110.93,4197.37,Two year,Electronic Check,1,Fiber optic,1
62,35,M,33,68.7,2271.87,Month-to-month,Electronic Check,1,DSL,0
63,21,M,29,59.29,1730.08,One year,Credit Card,0,None,0
64,42,F,23,115.55,2654.89,Month-to-month,Credit Card,0,DSL,1
65,77,M,3,63.82,232.57,Month-to-month,Bank Transfer,0,DSL,1
66,31,F,45,92.12,4169.37,Month-to-month,Electronic Check,0,Fiber optic,1
67,67,M,8,85.51,701.33,Month-to-month,Credit Card,0,Fiber optic,1
68,75,F,29,36.51,1060.8,Month-to-month,Bank Transfer,0,None,1
69,26,M,2,119.11,196.7,Month-to-month,Electronic Check,1,DSL,1
70,43,F,50,66.36,3278.78,One year,Credit Card,1,DSL,0
71,70,M,65,59.48,3846.1,Month-to-month,Bank Transfer,0,DSL,1
72,19,M,20,111.96,2210.35,Month-to-month,Bank Transfer,0,DSL,1
73,37,M,52,72.92,3837.09,One year,Credit Card,1,Fiber optic,0
74,45,F,37,90.51,3339.85,Month-to-month,Credit Card,0,Fiber optic,1
75,64,M,72,104.62,7570.3,Two year,Electronic Check,0,Fiber optic,1
76,77,M,27,43.55,1207.66,Two year,Electronic Check,0,DSL,0
77,24,M,47,36.95,1767.91,Month-to-month,Credit Card,0,Fiber optic,1
78,61,M,6,26.85,132.67,Two year,Bank Transfer,1,DSL,0
79,78,F,60,109.71,6577.33,Two year,Credit Card,0,Fiber optic,1
80,25,M,45,40.04,1783.6,Two year,Electronic Check,0,Fiber optic,0
81,64,F,44,50.78,2281.36,One year,Electronic Check,1,Fiber optic,0
82,52,F,18,48.58,912.11,Two year,Credit Card,1,DSL,0
83,31,F,65,50.46,3254.89,One year,Electronic Check,0,Fiber optic,0
84,34,F,25,86.81,2151.6,Two year,Bank Transfer,0,Fiber optic,1
85,53,M,27,115.41,3118.96,One year,Electronic Check,0,Fiber optic,1
86,67,F,7,52.95,348.51,Two year,Bank Transfer,1,Fiber optic,0
87,57,F,44,60.76,2705.89,Month-to-month,Electronic Check,0,None,1
88,21,F,29,97.11,2848.11,One year,Bank Transfer,1,Fiber optic,1
89,19,F,44,63.23,2804.55,Two year,Credit Card,1,DSL,0
90,79,M,36,112.6,4072.53,Month-to-month,Bank Transfer,0,Fiber optic,1
91,23,M,19,70.32,1340.81,Month-to-month,Credit Card,1,Fiber optic,1
92,71,F,6,54.77,313.33,Month-to-month,Electronic Check,0,DSL,1
93,59,F,25,117.16,2962.69,Two year,Bank Transfer,1,Fiber optic,0
94,21,F,31,62.58,1975.86,Two year,Bank Transfer,0,None,0
95,71,M,9,43.12,343.03,Month-to-month,Electronic Check,0,DSL,1
96,46,M,37,37.77,1387.35,Two year,Electronic Check,1,Fiber optic,0
97,35,M,27,119.52,3179.7,Month-to-month,Bank Transfer,1,None,1
98,43,M,13,95.3,1272.85,Month-to-month,Credit Card,0,DSL,1
99,61,M,41,60.87,2463.38,One year,Electronic Check,1,DSL,0
100,51,F,66,102.64,6791.63,Month-to-month,Bank Transfer,1,Fiber optic,1
101,27,M,24,74.68,1778.06,Month-to-month,Electronic Check,1,Fiber optic,1
102,79,M,44,51.74,2308.17,One year,Electronic Check,0,None,0
103,53,F,60,94.34,5661.37,Month-to-month,Credit Card,1,Fiber optic,1
104,31,M,9,94.59,833.75,One year,Credit Card,0,DSL,1
105,48,M,2,70.02,122.43,Month-to-month,Credit Card,0,DSL,1
106,65,M,56,24.52,1355.81,Two year,Bank Transfer,0,Fiber optic,0
107,32,F,30,27.7,859.86,One year,Electronic Check,1,DSL,0
108,25,M,22,98.87,2196.25,One year,Credit Card,0,DSL,1
109,31,F,13,102.35,1312.47,Month-to-month,Bank Transfer,0,DSL,1
110,40,F,71,87.83,6234.95,Two year,Credit Card,0,DSL,1
111,77,M,16,103.91,1620.18,Month-to-month,Credit Card,0,DSL,1
112,74,M,45,91.95,4170.5,Month-to-month,Electronic Check,0,None,1
113,79,M,65,109.69,7106.45,Month-to-month,Bank Transfer,0,Fiber optic,1
114,57,M,11,35.04,424.36,Two year,Electronic Check,1,Fiber optic,0
115,38,F,70,58.77,4123.58,Two year,Credit Card,0,DSL,0
116,33,M,20,66.41,1334.98,Two year,Electronic Check,1,Fiber optic,0
117,62,F,63,49.77,3101.78,One year,Bank Transfer,0,DSL,0
118,35,F,12,92.54,1067.43,Month-to-month,Credit Card,1,None,1
119,64,F,62,111.24,6902.14,Two year,Credit Card,1,Fiber optic,0
120,70,F,42,61.25,2569.3,Month-to-month,Credit Card,1,None,0
121,41,F,69,114.15,7838.32,Month-to-month,Credit Card,0,Fiber optic,1
122,43,M,58,71.68,4191.0,Month-to-month,Bank Transfer,1,Fiber optic,1
123,42,F,5,72.25,352.97,Month-to-month,Electronic Check,0,Fiber optic,1
124,77,F,27,80.02,2136.59,One year,Bank Transfer,0,Fiber optic,1
125,77,M,28,46.83,1340.07,Month-to-month,Credit Card,0,Fiber optic,1
126,77,M,26,58.34,1558.15,Month-to-month,Bank Transfer,0,Fiber optic,1
127,62,F,49,75.32,3671.28,One year,Credit Card,0,DSL,0
128,58,F,21,114.2,2425.79,Month-to-month,Credit Card,1,Fiber optic,1
129,46,M,1,84.27,99.52,Month-to-month,Electronic Check,1,Fiber optic,1
130,32,F,58,53.31,3140.95,Two year,Credit Card,0,DSL,0
131,62,M,55,21.05,1128.15,Month-to-month,Bank Transfer,0,Fiber optic,1
132,18,M,26,118.17,3118.49,One year,Bank Transfer,0,Fiber optic,1
133,42,F,25,69.3,1714.03,Month-to-month,Electronic Check,1,DSL,0
134,24,M,33,113.85,3748.25,Month-to-month,Electronic Check,1,Fiber optic,1
135,26,F,72,74.93,5380.84,One year,Credit Card,0,DSL,0
136,41,F,69,80.55,5534.8,Month-to-month,Credit Card,1,DSL,1
137,18,F,6,91.19,566.46,Month-to-month,Credit Card,0,Fiber optic,1
138,61,M,23,52.1,1207.21,Month-to-month,Credit Card,0,Fiber optic,1
139,25,F,30,89.9,2677.57,Month-to-month,Bank Transfer,0,Fiber optic,1
140,41,M,54,72.68,3887.94,Month-to-month,Credit Card,0,Fiber optic,1
141,28,F,11,87.25,941.49,Month-to-month,Electronic Check,0,None,1
142,68,F,31,103.58,3199.1,Month-to-month,Bank Transfer,0,DSL,1
143,34,M,6,38.42,218.59,Two year,Bank Transfer,0,Fiber optic,0
144,25,F,11,81.36,880.69,Month-to-month,Credit Card,0,Fiber optic,1
145,52,F,12,25.21,257.39,Month-to-month,Credit Card,0,DSL,1
146,52,M,66,30.21,1990.26,One year,Bank Transfer,0,DSL,0
147,50,M,53,87.46,4669.0,Two year,Electronic Check,1,DSL,0
148,76,M,36,27.09,943.28,Month-to-month,Credit Card,0,DSL,1
149,22,F,17,79.54,1316.75,Month-to-month,Bank Transfer,0,DSL,1
150,59,M,28,42.0,1173.19,Month-to-month,Bank Transfer,0,Fiber optic,1
151,56,M,22,50.41,1096.08,Month-to-month,Credit Card,0,Fiber optic,1
152,75,F,7,32.96,236.85,Month-to-month,Electronic Check,0,DSL,1
153,58,M,15,44.87,717.76,Month-to-month,Bank Transfer,0,DSL,1
154,45,F,11,102.13,1149.52,Month-to-month,Bank Transfer,0,Fiber optic,1
155,24,F,24,83.89,2032.07,Month-to-month,Bank Transfer,1,None,1
156,26,M,67,114.98,7695.25,Month-to-month,Credit Card,1,DSL,1
157,25,F,30,24.87,724.84,One year,Bank Transfer,1,Fiber optic,0
158,29,M,70,99.24,6950.83,Month-to-month,Bank Transfer,1,DSL,1
159,51,M,66,89.91,5972.6,Month-to-month,Credit Card,0,Fiber optic,1
160,50,M,61,46.09,2849.16,Month-to-month,Electronic Check,1,DSL,0
161,65,M,41,92.92,3804.27,Month-to-month,Bank Transfer,0,DSL,1
162,72,F,51,91.65,4648.77,One year,Credit Card,1,Fiber optic,0
163,40,F,44,65.93,2873.45,Two year,Electronic Check,1,Fiber optic,0
164,79,M,13,88.86,1108.58,Month-to-month,Credit Card,1,Fiber optic,1
165,41,M,12,64.46,807.79,Month-to-month,Electronic Check,1,None,0
166,54,F,9,53.55,458.43,One year,Credit Card,0,Fiber optic,0
167,52,M,48,66.65,3185.1,Month-to-month,Electronic Check,0,Fiber optic,1
168,61,F,49,109.51,5396.91,Two year,Electronic Check,0,Fiber optic,1
169,57,M,53,58.46,3060.38,Month-to-month,Credit Card,0,DSL,1
170,39,F,56,60.37,3376.84,One year,Bank Transfer,1,Fiber optic,0
171,44,F,40,80.84,3195.83,Month-to-month,Electronic Check,1,None,1
172,52,F,24,95.3,2281.38,Month-to-month,Credit Card,0,None,1
173,18,M,72,93.46,6683.83,Month-to-month,Bank Transfer,0,Fiber optic,1
174,52,M,33,21.98,727.1,One year,Bank Transfer,0,Fiber optic,0
175,54,M,23,88.74,2070.59,One year,Credit Card,0,Fiber optic,1
176,64,M,54,65.06,3530.87,Two year,Credit Card,0,Fiber optic,0
177,31,M,53,72.41,3838.65,Month-to-month,Electronic Check,0,Fiber optic,1
178,20,F,49,76.17,3765.21,One year,Credit Card,0,DSL,0
179,18,F,49,93.17,4538.11,Month-to-month,Bank Transfer,1,Fiber optic,1
180,22,F,60,103.13,6220.88,Month-to-month,Credit Card,1,Fiber optic,1
181,43,F,65,84.63,5478.59,Month-to-month,Bank Transfer,0,Fiber optic,1
182,72,F,32,76.39,2430.73,Month-to-month,Bank Transfer,0,DSL,1
183,31,F,21,57.38,1167.82,One year,Credit Card,1,DSL,0
184,56,F,18,33.79,568.4,Two year,Bank Transfer,0,None,0
185,44,M,60,115.86,6994.81,Month-to-month,Bank Transfer,1,None,1
186,26,F,13,66.18,829.34,Month-to-month,Electronic Check,0,Fiber optic,1
187,32,M,24,76.62,1822.21,One year,Bank Transfer,1,Fiber optic,0
188,32,F,30,95.11,2856.22,Two year,Electronic Check,0,Fiber optic,1
189,43,F,2,26.84,38.47,Month-to-month,Electronic Check,0,DSL,1
190,59,M,25,105.5,2674.51,Two year,Electronic Check,0,DSL,1
191,77,F,50,99.7,5025.07,Two year,Electronic Check,1,Fiber optic,1
192,30,M,14,97.44,1346.76,Month-to-month,Bank Transfer,0,Fiber optic,1
193,68,F,6,22.2,92.4,One year,Bank Transfer,0,Fiber optic,0
194,49,M,30,72.65,2150.52,Month-to-month,Credit Card,1,Fiber optic,1
195,56,F,30,25.43,760.34,One year,Electronic Check,0,DSL,0
196,66,M,38,75.09,2832.27,Month-to-month,Bank Transfer,1,Fiber optic,1
197,69,M,58,91.84,5322.07,Month-to-month,Electronic Check,1,Fiber optic,1
198,78,F,41,32.19,1345.66,Month-to-month,Electronic Check,0,DSL,1
199,49,F,57,89.49,5092.99,One year,Credit Card,0,Fiber optic,1
200,21,M,36,64.95,2307.9,Two year,Electronic Check,0,Fiber optic,0
201,47,F,64,101.16,6460.04,Month-to-month,Bank Transfer,1,Fiber optic,1
202,54,M,16,73.36,1198.06,Month-to-month,Bank Transfer,0,Fiber optic,1
203,40,F,72,53.61,3852.33,Two year,Bank Transfer,0,Fiber optic,0
204,56,M,14,53.2,719.75,Month-to-month,Bank Transfer,0,DSL,1
205,62,F,31,109.75,3394.99,Two year,Electronic Check,1,DSL,0
206,32,M,66,65.29,4304.62,One year,Bank Transfer,0,Fiber optic,0
207,60,F,68,60.58,4099.08,One year,Credit Card,0,Fiber optic,0
208,46,M,65,23.99,1608.92,Month-to-month,Electronic Check,1,None,0
209,53,M,55,56.43,3130.41,Month-to-month,Bank Transfer,1,None,0
210,30,F,40,104.96,4217.65,Month-to-month,Bank Transfer,0,Fiber optic,1
211,49,F,25,96.1,2437.99,Month-to-month,Credit Card,0,DSL,1
212,24,M,25,42.09,1068.89,Month-to-month,Electronic Check,0,DSL,1
213,76,M,3,61.31,213.03,Month-to-month,Credit Card,1,DSL,0
214,68,M,69,39.66,2727.79,One year,Credit Card,1,DSL,0
215,39,M,26,115.42,3000.96,Two year,Bank Transfer,0,None,1
216,45,F,40,79.81,3147.1,Month-to-month,Bank Transfer,0,Fiber optic,1
217,19,M,38,95.44,3604.78,One year,Credit Card,0,Fiber optic,1
218,59,M,38,91.38,3459.24,Two year,Electronic Check,1,None,0
219,62,M,68,107.37,7313.71,Month-to-month,Electronic Check,1,Fiber optic,1
220,79,F,7,114.93,800.93,One year,Electronic Check,0,Fiber optic,1
221,74,M,30,23.24,707.98,Month-to-month,Credit Card,0,Fiber optic,1
222,70,F,19,117.53,2254.4,Month-to-month,Electronic Check,0,Fiber optic,1
223,23,F,35,107.05,3701.02,Two year,Bank Transfer,0,DSL,1
224,45,F,33,58.29,1899.4,Two year,Credit Card,0,DSL,0
225,45,F,33,103.71,3389.52,Month-to-month,Credit Card,1,Fiber optic,1
226,61,F,38,93.66,3527.83,Month-to-month,Credit Card,0,Fiber optic,1
227,61,F,10,99.31,993.41,Two year,Electronic Check,0,Fiber optic,1
228,37,F,57,42.07,2421.99,Two year,Electronic Check,1,Fiber optic,0
229,47,M,28,84.86,2353.36,One year,Bank Transfer,0,Fiber optic,1
230,79,M,38,22.59,890.86,Month-to-month,Electronic Check,0,None,1
231,28,F,16,104.82,1716.37,One year,Electronic Check,1,Fiber optic,1
232,75,M,21,115.1,2402.15,Month-to-month,Electronic Check,0,DSL,1
233,72,M,6,86.21,535.4,Two year,Electronic Check,1,Fiber optic,1
234,45,F,41,71.27,2883.77,Month-to-month,Bank Transfer,0,Fiber optic,1
235,42,M,15,92.57,1412.95,One year,Bank Transfer,0,Fiber optic,1
236,56,F,3,52.64,124.42,Month-to-month,Bank Transfer,0,Fiber optic,1
237,79,M,43,82.64,3572.26,Month-to-month,Electronic Check,0,Fiber optic,1
238,50,F,47,91.9,4311.49,One year,Electronic Check,1,DSL,0
239,18,F,14,34.27,522.63,Month-to-month,Credit Card,0,Fiber optic,1
240,74,M,66,34.01,2241.11,One year,Credit Card,0,Fiber optic,0
241,44,M,29,91.61,2609.78,One year,Electronic Check,0,DSL,1
242,79,F,4,63.18,250.79,Month-to-month,Credit Card,1,Fiber optic,1
243,74,F,26,108.92,2861.47,One year,Bank Transfer,1,DSL,0
244,69,F,12,51.19,628.99,One year,Bank Transfer,0,DSL,0
245,30,M,2,24.24,95.11,Month-to-month,Bank Transfer,0,DSL,1
246,58,M,17,84.99,1479.16,Month-to-month,Credit Card,0,Fiber optic,1
247,20,M,35,88.42,3097.36,Month-to-month,Bank Transfer,0,None,1
248,56,M,10,75.36,724.25,Month-to-month,Bank Transfer,0,Fiber optic,1
249,23,F,43,88.33,3748.57,Month-to-month,Bank Transfer,1,Fiber optic,1
250,25,F,21,72.38,1568.03,Two year,Electronic Check,0,Fiber optic,0
251,44,F,15,89.26,1382.73,One year,Electronic Check,0,Fiber optic,1
252,26,F,35,24.39,831.06,Month-to-month,Bank Transfer,0,Fiber optic,1
253,79,M,60,56.84,3424.22,One year,Bank Transfer,0,Fiber optic,0
254,54,F,44,41.08,1830.44,One year,Electronic Check,0,DSL,0
255,50,F,5,29.93,157.45,Month-to-month,Electronic Check,0,None,1
256,68,M,18,43.41,815.68,Month-to-month,Credit Card,0,Fiber optic,1
257,59,M,21,39.13,779.51,One year,Electronic Check,0,Fiber optic,0
258,61,F,72,117.31,8485.97,Month-to-month,Bank Transfer,0,Fiber optic,1
259,41,M,51,48.65,2470.35,One year,Electronic Check,1,Fiber optic,0
260,32,F,41,43.1,1765.17,Month-to-month,Bank Transfer,1,DSL,0
261,76,M,24,103.49,2478.23,One year,Credit Card,0,DSL,1
262,71,M,24,61.91,1488.97,One year,Electronic Check,0,DSL,0
263,49,F,38,62.15,2371.52,Month-to-month,Credit Card,0,DSL,1
264,49,M,44,64.36,2852.87,Month-to-month,Bank Transfer,0,DSL,1
265,41,F,57,61.65,3516.54,One year,Bank Transfer,1,Fiber optic,0
266,58,M,59,52.66,3125.42,One year,Bank Transfer,1,DSL,0
267,69,M,34,48.63,1637.25,One year,Bank Transfer,0,DSL,0
268,66,M,23,108.2,2532.27,Two year,Credit Card,0,Fiber optic,1
269,79,M,43,36.17,1511.76,Month-to-month,Electronic Check,0,Fiber optic,1
270,66,M,40,38.11,1528.95,Month-to-month,Electronic Check,0,Fiber optic,1
271,75,F,47,77.17,3585.73,One year,Bank Transfer,0,DSL,0
272,69,M,41,54.37,2223.45,Month-to-month,Bank Transfer,0,Fiber optic,1
273,29,F,47,62.15,2896.81,Month-to-month,Credit Card,1,Fiber optic,1
274,79,M,20,100.65,2056.69,One year,Credit Card,0,Fiber optic,1
275,56,F,65,110.36,7124.71,Two year,Bank Transfer,0,DSL,1
276,19,M,68,99.06,6725.2,Month-to-month,Bank Transfer,0,Fiber optic,1
277,20,F,24,43.49,1071.96,Month-to-month,Electronic Check,0,Fiber optic,1
278,66,F,36,118.0,4216.85,One year,Electronic Check,0,Fiber optic,1
279,54,M,45,56.32,2565.96,Month-to-month,Electronic Check,1,Fiber optic,1
280,66,M,2,36.91,109.79,Month-to-month,Bank Transfer,1,None,0
281,73,M,28,69.95,1979.4,One year,Credit Card,1,Fiber optic,0
282,34,F,26,92.53,2376.69,Month-to-month,Credit Card,0,DSL,1
283,76,F,23,28.33,628.79,Month-to-month,Credit Card,0,Fiber optic,1
284,66,M,36,83.43,2970.17,Month-to-month,Bank Transfer,1,DSL,1
285,19,M,6,105.81,603.27,Month-to-month,Bank Transfer,1,Fiber optic,1
286,19,F,35,46.18,1569.95,One year,Credit Card,0,DSL,0
287,45,F,38,89.31,3429.51,Month-to-month,Credit Card,0,DSL,1
288,71,M,35,59.99,2102.5,Month-to-month,Credit Card,0,None,1
289,40,F,53,61.41,3237.51,Month-to-month,Bank Transfer,1,Fiber optic,1
290,54,M,38,48.08,1806.0,Two year,Electronic Check,1,None,0
291,49,M,59,82.44,4868.43,Two year,Electronic Check,0,DSL,1
292,50,M,43,56.1,2394.97,Two year,Bank Transfer,1,DSL,0
293,18,F,4,103.09,448.73,Month-to-month,Electronic Check,1,DSL,1
294,36,F,5,116.29,552.55,Month-to-month,Credit Card,0,Fiber optic,1
295,79,F,68,113.51,7756.91,One year,Electronic Check,0,Fiber optic,1
296,19,F,45,36.31,1650.36,Month-to-month,Credit Card,1,Fiber optic,1
297,70,M,25,21.42,581.16,One year,Bank Transfer,0,DSL,0
298,61,F,11,63.85,653.86,Month-to-month,Bank Transfer,1,Fiber optic,1
299,43,M,29,92.89,2649.72,Month-to-month,Credit Card,0,Fiber optic,1
300,49,M,34,117.75,4003.59,Month-to-month,Credit Card,0,Fiber optic,1
301,23,M,14,98.34,1418.0,Month-to-month,Electronic Check,0,Fiber optic,1
302,49,F,24,78.05,1896.28,One year,Credit Card,0,Fiber optic,0
303,72,M,59,22.64,1347.97,One year,Bank Transfer,1,None,0
304,21,M,39,102.55,3952.61,Month-to-month,Bank Transfer,0,Fiber optic,1
305,72,F,26,37.71,965.88,Two year,Electronic Check,0,Fiber optic,0
306,28,M,43,25.56,1083.67,Month-to-month,Credit Card,0,Fiber optic,1
307,73,F,36,105.04,3785.65,Two year,Credit Card,0,Fiber optic,1
308,76,F,39,76.63,2964.35,Month-to-month,Electronic Check,1,Fiber optic,1
309,34,F,61,32.86,1981.18,One year,Bank Transfer,1,Fiber optic,0
310,55,M,16,58.65,950.49,Two year,Credit Card,1,Fiber optic,0
311,41,F,59,28.55,1728.91,One year,Electronic Check,0,Fiber optic,0
312,22,F,6,83.8,518.82,Month-to-month,Electronic Check,0,Fiber optic,1
313,69,F,56,48.24,2718.25,Month-to-month,Electronic Check,1,Fiber optic,1
314,51,F,8,106.61,901.5,Month-to-month,Electronic Check,1,Fiber optic,1
315,23,M,27,55.78,1471.41,Month-to-month,Credit Card,0,Fiber optic,1
316,39,F,71,69.46,4885.04,One year,Electronic Check,0,DSL,0
317,28,M,27,26.35,736.0,One year,Credit Card,0,Fiber optic,0
318,65,F,46,47.56,2181.64,Month-to-month,Bank Transfer,1,DSL,0
319,33,M,41,87.68,3587.76,Month-to-month,Electronic Check,0,DSL,1
320,50,F,25,93.63,2313.28,One year,Electronic Check,0,Fiber optic,1
321,26,M,18,44.28,797.73,Month-to-month,Bank Transfer,0,DSL,1
322,77,F,12,70.38,838.78,One year,Electronic Check,0,DSL,0
323,76,M,51,101.75,5173.8,Month-to-month,Credit Card,0,Fiber optic,1
324,23,M,39,57.99,2255.88,Month-to-month,Bank Transfer,0,Fiber optic,1
325,33,M,10,33.38,322.18,Two year,Bank Transfer,0,None,0
326,46,F,54,63.19,3456.25,Month-to-month,Credit Card,0,None,1
327,20,M,29,80.06,2369.77,One year,Credit Card,0,Fiber optic,1
328,37,M,41,20.74,884.33,Month-to-month,Bank Transfer,0,Fiber optic,1
329,77,M,9,54.86,542.78,Month-to-month,Electronic Check,0,DSL,1
330,76,M,63,80.74,5063.19,Two year,Credit Card,1,Fiber optic,0
331,53,F,37,115.19,4296.32,One year,Credit Card,1,Fiber optic,1
332,36,M,14,60.85,842.56,Two year,Credit Card,0,DSL,0
333,43,M,72,36.3,2638.21,Two year,Bank Transfer,0,Fiber optic,0
334,20,M,39,73.42,2833.52,Month-to-month,Electronic Check,0,DSL,1
335,36,F,40,48.58,1974.4,Two year,Credit Card,1,Fiber optic,0
336,37,M,54,41.48,2198.27,Month-to-month,Bank Transfer,0,None,1
337,49,M,3,79.04,214.18,Month-to-month,Bank Transfer,0,DSL,1
338,24,M,55,111.59,6169.65,One year,Electronic Check,0,Fiber optic,1
339,69,M,33,103.52,3440.88,Month-to-month,Bank Transfer,0,DSL,1
340,58,F,71,38.23,2714.45,Two year,Bank Transfer,0,Fiber optic,0
341,50,M,19,96.59,1852.49,Month-to-month,Credit Card,0,Fiber optic,1
342,57,M,34,42.99,1430.22,Month-to-month,Credit Card,0,DSL,1
343,56,F,50,49.07,2470.28,Month-to-month,Credit Card,1,Fiber optic,1
344,35,F,47,112.01,5215.27,Month-to-month,Bank Transfer,0,None,1
345,57,F,46,111.11,5144.38,Month-to-month,Electronic Check,0,DSL,1
346,18,M,56,36.86,2065.79,Month-to-month,Electronic Check,0,Fiber optic,1
347,28,F,57,26.42,1550.33,One year,Electronic Check,0,Fiber optic,0
348,45,M,51,49.31,2512.63,Two year,Bank Transfer,1,Fiber optic,0
349,74,F,54,78.18,4215.03,Month-to-month,Credit Card,0,Fiber optic,1
350,42,M,28,107.69,3010.33,Month-to-month,Bank Transfer,0,DSL,1
351,67,F,19,31.88,591.69,Month-to-month,Credit Card,0,None,1
352,40,M,27,61.5,1627.17,Month-to-month,Bank Transfer,0,Fiber optic,1
353,48,F,48,47.17,2298.37,Month-to-month,Bank Transfer,0,None,1
354,47,M,19,21.49,397.22,Month-to-month,Electronic Check,0,None,1
355,59,M,51,98.84,5043.75,One year,Bank Transfer,0,Fiber optic,1
356,52,M,7,101.33,661.3,Month-to-month,Electronic Check,1,Fiber optic,1
357,24,M,29,42.12,1177.51,Month-to-month,Bank Transfer,1,Fiber optic,1
358,77,M,43,35.12,1519.88,Two year,Electronic Check,0,Fiber optic,0
359,33,M,69,34.46,2415.66,One year,Bank Transfer,1,None,0
360,43,M,58,66.39,3849.96,Month-to-month,Bank Transfer,0,None,1
361,65,M,8,44.65,323.7,One year,Credit Card,0,Fiber optic,0
362,74,F,42,71.14,2949.49,Month-to-month,Credit Card,0,Fiber optic,1
363,69,M,42,58.49,2496.56,One year,Credit Card,1,DSL,0
364,77,M,13,41.09,554.33,Two year,Bank Transfer,0,Fiber optic,0
365,66,F,26,95.12,2519.74,Month-to-month,Credit Card,0,DSL,1
366,19,M,18,35.04,588.95,One year,Credit Card,0,Fiber optic,0
367,18,F,42,99.89,4235.64,One year,Bank Transfer,0,None,1
368,65,M,51,76.14,3917.7,One year,Bank Transfer,1,DSL,0
369,79,F,16,103.2,1690.52,Two year,Credit Card,0,Fiber optic,1
370,29,F,3,20.48,12.02,Month-to-month,Credit Card,0,DSL,1
371,22,M,45,94.92,4295.59,One year,Bank Transfer,1,Fiber optic,0
372,54,F,22,25.15,558.19,Two year,Bank Transfer,0,DSL,0
373,49,M,23,115.01,2652.55,Month-to-month,Electronic Check,0,DSL,1
374,76,M,59,90.27,5322.85,Month-to-month,Electronic Check,0,Fiber optic,1
375,72,M,62,52.02,3249.51,One year,Bank Transfer,0,DSL,0
376,26,M,68,51.99,3585.3,One year,Bank Transfer,0,Fiber optic,0
377,58,F,54,106.15,5753.15,Month-to-month,Credit Card,0,Fiber optic,1
378,52,M,57,110.28,6303.77,Month-to-month,Electronic Check,1,Fiber optic,1
379,36,F,23,109.16,2526.12,Two year,Credit Card,1,DSL,0
380,65,F,60,100.87,6071.72,Month-to-month,Electronic Check,0,DSL,1
381,33,M,55,101.9,5588.71,Month-to-month,Credit Card,1,DSL,1
382,20,M,63,77.28,4850.66,Two year,Electronic Check,0,Fiber optic,0
383,37,M,56,22.82,1306.35,Month-to-month,Bank Transfer,0,DSL,1
384,41,M,55,28.68,1532.71,One year,Bank Transfer,1,None,0
385,71,F,25,84.96,2149.92,One year,Bank Transfer,0,Fiber optic,1
386,73,M,26,60.12,1594.5,Two year,Credit Card,0,DSL,0
387,50,F,49,76.73,3761.93,Month-to-month,Electronic Check,1,DSL,0
388,41,M,63,43.11,2756.94,Two year,Credit Card,0,Fiber optic,0
389,69,M,45,84.94,3819.61,Month-to-month,Bank Transfer,0,Fiber optic,1
390,28,M,39,44.28,1694.73,Month-to-month,Electronic Check,0,Fiber optic,1
391,66,M,65,66.08,4281.34,Month-to-month,Electronic Check,0,DSL,1
392,25,F,69,67.87,4723.62,Month-to-month,Credit Card,0,Fiber optic,1
393,53,F,56,37.77,2164.49,Month-to-month,Bank Transfer,0,None,1
394,55,M,9,107.62,960.77,Two year,Credit Card,0,DSL,1
395,57,F,70,72.58,5047.28,One year,Credit Card,0,Fiber optic,0
396,37,F,28,106.68,2965.67,One year,Bank Transfer,1,Fiber optic,0
397,79,M,45,46.25,2086.58,One year,Bank Transfer,1,Fiber optic,0
398,52,M,26,37.23,975.19,Month-to-month,Credit Card,0,Fiber optic,1
399,65,F,28,21.8,623.41,Month-to-month,Electronic Check,0,DSL,1
400,79,F,40,29.39,1209.14,Month-to-month,Bank Transfer,0,Fiber optic,1
401,42,F,15,34.75,542.37,Month-to-month,Bank Transfer,1,Fiber optic,1
402,52,F,6,27.89,143.42,Month-to-month,Bank Transfer,0,DSL,1
403,42,M,27,109.69,2951.13,One year,Bank Transfer,0,Fiber optic,1
404,46,M,38,111.14,4257.3,Month-to-month,Electronic Check,0,DSL,1
405,35,F,68,113.74,7747.66,One year,Electronic Check,0,Fiber optic,1
406,63,M,64,115.99,7390.0,Month-to-month,Credit Card,1,DSL,1
407,35,F,30,69.18,2057.95,Month-to-month,Credit Card,0,Fiber optic,1
408,19,F,3,73.0,248.11,Month-to-month,Bank Transfer,1,Fiber optic,1
409,71,M,62,33.08,2018.17,One year,Credit Card,0,None,0
410,52,F,12,33.71,423.63,Month-to-month,Electronic Check,0,DSL,1
411,33,F,30,97.28,2924.75,Month-to-month,Bank Transfer,1,Fiber optic,1
412,78,M,38,105.57,3976.41,Month-to-month,Bank Transfer,0,Fiber optic,1
413,58,M,60,98.47,5927.09,One year,Bank Transfer,0,DSL,1
414,53,F,38,103.46,3895.71,One year,Credit Card,0,Fiber optic,1
415,50,F,15,47.66,704.74,Month-to-month,Bank Transfer,1,DSL,0
416,21,M,18,66.61,1179.84,Month-to-month,Bank Transfer,1,Fiber optic,1
417,50,F,52,65.92,3446.84,Month-to-month,Electronic Check,0,DSL,1
418,31,F,29,119.53,3494.61,Month-to-month,Bank Transfer,1,Fiber optic,1
419,38,M,60,114.92,6862.03,Two year,Credit Card,0,None,1
420,65,M,21,79.85,1708.05,Month-to-month,Bank Transfer,1,Fiber optic,1
421,37,M,17,33.8,525.32,Month-to-month,Credit Card,1,Fiber optic,1
422,73,M,18,45.86,828.49,Month-to-month,Electronic Check,1,DSL,0
423,25,M,57,56.38,3215.34,One year,Electronic Check,0,Fiber optic,0
424,24,M,37,107.32,3983.22,Two year,Bank Transfer,0,DSL,1
425,20,F,60,37.06,2197.57,Month-to-month,Electronic Check,0,Fiber optic,1
426,34,F,38,41.97,1545.85,One year,Bank Transfer,0,Fiber optic,0
427,50,M,12,54.94,654.76,Month-to-month,Electronic Check,1,DSL,0
428,65,M,1,112.69,69.83,One year,Electronic Check,1,Fiber optic,0
429,29,F,58,70.38,4121.26,Month-to-month,Credit Card,1,Fiber optic,1
430,76,F,3,84.68,221.41,Month-to-month,Credit Card,0,Fiber optic,1
431,68,F,63,58.72,3691.88,One year,Bank Transfer,0,DSL,0
432,39,M,21,38.85,809.25,One year,Bank Transfer,0,DSL,0
433,72,M,23,42.28,977.73,Two year,Credit Card,0,Fiber optic,0
434,39,F,9,100.27,930.68,Month-to-month,Electronic Check,0,Fiber optic,1
435,63,M,55,109.35,6011.46,Month-to-month,Bank Transfer,0,Fiber optic,1
436,47,M,19,69.31,1269.47,Month-to-month,Electronic Check,0,None,1
437,55,M,62,55.7,3480.51,One year,Credit Card,0,Fiber optic,0
438,55,F,39,100.78,3888.64,Month-to-month,Electronic Check,1,DSL,1
439,62,F,27,87.31,2371.53,One year,Electronic Check,0,DSL,1
440,68,M,46,24.09,1138.48,Month-to-month,Bank Transfer,0,Fiber optic,1
441,71,M,34,55.07,1850.65,Month-to-month,Electronic Check,0,DSL,1
442,25,M,33,88.22,2906.17,One year,Credit Card,0,DSL,1
443,44,M,50,77.37,3819.93,Month-to-month,Electronic Check,1,Fiber optic,1
444,44,M,20,117.81,2386.59,Month-to-month,Credit Card,0,DSL,1
445,51,F,40,106.61,4284.73,One year,Credit Card,0,Fiber optic,1
446,38,M,58,25.97,1479.4,Month-to-month,Bank Transfer,0,Fiber optic,1
447,47,M,31,92.58,2859.0,One year,Credit Card,1,Fiber optic,1
448,50,M,38,53.63,2057.47,Month-to-month,Credit Card,1,None,0
449,45,F,45,88.21,3955.27,One year,Bank Transfer,0,Fiber optic,1
450,64,F,41,81.72,3316.76,Month-to-month,Bank Transfer,1,DSL,1
451,50,M,9,70.31,634.64,Month-to-month,Bank Transfer,0,Fiber optic,1
452,22,F,9,105.29,969.97,One year,Credit Card,1,Fiber optic,1
453,77,F,63,90.87,5706.89,Month-to-month,Bank Transfer,0,Fiber optic,1
454,78,F,22,108.96,2359.3,Month-to-month,Credit Card,0,Fiber optic,1
455,65,F,16,48.16,803.51,Month-to-month,Credit Card,1,DSL,0
456,36,F,32,54.81,1729.2,Two year,Credit Card,0,Fiber optic,0
457,21,F,66,82.2,5426.48,Month-to-month,Bank Transfer,1,Fiber optic,1
458,52,M,14,116.65,1652.23,Month-to-month,Credit Card,0,DSL,1
459,66,F,38,57.16,2153.79,Month-to-month,Credit Card,0,DSL,1
460,34,F,8,23.23,200.7,Two year,Bank Transfer,0,Fiber optic,0
461,61,M,21,64.59,1352.36,Month-to-month,Bank Transfer,0,Fiber optic,1
462,45,M,56,74.39,4172.88,Month-to-month,Credit Card,1,Fiber optic,1
463,47,M,46,100.1,4613.66,Month-to-month,Credit Card,0,Fiber optic,1
464,46,M,43,92.86,4025.4,One year,Credit Card,0,Fiber optic,1
465,63,F,46,116.47,5373.25,Month-to-month,Bank Transfer,0,DSL,1
466,70,F,48,98.27,4693.39,Month-to-month,Bank Transfer,1,Fiber optic,1
467,23,F,70,49.86,3446.16,Month-to-month,Electronic Check,1,Fiber optic,1
468,52,F,31,84.14,2558.54,Month-to-month,Bank Transfer,0,DSL,1
469,77,M,33,87.22,2918.7,Two year,Credit Card,0,Fiber optic,1
470,58,F,44,119.8,5315.41,One year,Bank Transfer,0,Fiber optic,1
471,54,F,71,33.87,2364.18,Month-to-month,Bank Transfer,0,Fiber optic,1
472,41,M,8,39.13,311.75,Month-to-month,Electronic Check,0,DSL,1
473,46,F,2,35.55,36.26,One year,Electronic Check,1,Fiber optic,0
474,66,F,17,78.91,1386.34,Month-to-month,Credit Card,0,Fiber optic,1
475,63,F,52,33.53,1718.24,Month-to-month,Electronic Check,0,None,1
476,70,F,45,85.6,3852.16,Month-to-month,Credit Card,0,None,1
477,48,M,37,100.38,3680.62,Month-to-month,Credit Card,1,DSL,1
478,52,M,42,63.28,2641.04,Month-to-month,Credit Card,0,None,1
479,77,M,44,76.07,3323.76,Month-to-month,Credit Card,0,Fiber optic,1
480,50,M,38,111.27,4225.8,Two year,Electronic Check,0,Fiber optic,1
481,69,M,6,76.96,453.74,One year,Credit Card,1,Fiber optic,0
482,78,F,68,40.86,2761.56,Month-to-month,Credit Card,0,Fiber optic,1
483,38,F,51,54.32,2730.91,One year,Bank Transfer,0,None,0
484,49,M,35,72.98,2552.75,One year,Credit Card,0,Fiber optic,0
485,40,M,58,35.49,2093.44,Month-to-month,Bank Transfer,0,Fiber optic,1
486,50,M,57,81.25,4654.27,Month-to-month,Electronic Check,0,DSL,1
487,20,F,6,119.92,741.58,Month-to-month,Bank Transfer,1,Fiber optic,1
488,35,M,13,85.25,1094.86,Month-to-month,Electronic Check,0,Fiber optic,1
489,42,F,59,57.24,3398.0,Month-to-month,Electronic Check,1,Fiber optic,1
490,59,F,30,53.17,1591.65,Month-to-month,Bank Transfer,0,Fiber optic,1
491,48,F,2,113.16,191.35,Month-to-month,Electronic Check,0,Fiber optic,1
492,71,F,58,107.15,6206.6,Month-to-month,Electronic Check,0,Fiber optic,1
493,75,M,36,67.24,2383.91,Month-to-month,Electronic Check,0,Fiber optic,1
494,20,F,72,55.34,3945.93,One year,Bank Transfer,0,Fiber optic,0
495,57,F,45,91.05,4049.56,Month-to-month,Electronic Check,0,Fiber optic,1
496,63,M,9,51.45,441.34,Month-to-month,Credit Card,0,DSL,1
497,41,F,65,31.94,2059.19,One year,Bank Transfer,0,None,0
498,67,F,50,51.02,2570.94,One year,Credit Card,0,DSL,0
499,49,F,32,63.43,2033.56,Two year,Bank Transfer,0,None,0
500,64,M,43,45.54,1994.06,Month-to-month,Credit Card,1,Fiber optic,1
501,39,F,54,41.68,2218.37,One year,Electronic Check,1,Fiber optic,0
502,40,F,47,20.61,945.27,One year,Credit Card,0,Fiber optic,0
503,19,M,14,83.08,1207.23,Month-to-month,Credit Card,1,DSL,1
504,44,M,48,81.44,3903.52,One year,Credit Card,0,DSL,1
505,59,F,55,38.8,2162.91,Month-to-month,Bank Transfer,1,Fiber optic,1
506,19,F,29,114.37,3315.95,Month-to-month,Electronic Check,1,DSL,1
507,43,M,47,60.96,2862.23,Month-to-month,Electronic Check,1,Fiber optic,1
508,34,F,63,22.55,1385.46,One year,Credit Card,0,Fiber optic,0
509,57,M,19,41.98,832.74,Two year,Credit Card,0,Fiber optic,0
510,50,F,9,89.21,760.73,Month-to-month,Bank Transfer,1,DSL,1
511,26,M,37,40.16,1466.95,One year,Credit Card,0,None,0
512,60,F,52,25.39,1337.63,Two year,Credit Card,1,DSL,0
513,71,M,57,81.77,4661.62,One year,Credit Card,1,Fiber optic,1
514,65,M,28,71.84,2049.66,One year,Bank Transfer,1,Fiber optic,0
515,56,M,36,96.13,3414.61,Month-to-month,Credit Card,0,Fiber optic,1
516,46,M,64,97.26,6239.58,Month-to-month,Credit Card,0,Fiber optic,1
517,59,M,18,115.99,2085.57,Month-to-month,Credit Card,0,DSL,1
518,72,F,35,25.7,864.93,Two year,Bank Transfer,1,Fiber optic,0
519,43,F,68,23.9,1649.53,One year,Bank Transfer,0,Fiber optic,0
520,52,M,39,118.72,4621.21,Two year,Electronic Check,0,Fiber optic,1
521,67,F,8,84.48,679.0,Month-to-month,Bank Transfer,0,Fiber optic,1
522,42,F,15,91.54,1419.83,One year,Electronic Check,0,Fiber optic,1
523,41,F,7,29.65,206.17,One year,Electronic Check,0,DSL,0
524,30,F,17,26.98,491.0,Month-to-month,Credit Card,0,DSL,1
525,77,F,64,36.03,2332.88,Two year,Electronic Check,0,Fiber optic,0
526,75,F,12,62.72,768.92,Month-to-month,Credit Card,0,Fiber optic,1
527,24,M,56,31.02,1776.8,Month-to-month,Bank Transfer,0,Fiber optic,1
528,74,F,46,64.63,2948.14,Month-to-month,Bank Transfer,1,None,0
529,53,F,47,76.15,3611.13,Month-to-month,Electronic Check,1,Fiber optic,1
530,62,F,16,20.03,308.26,Month-to-month,Credit Card,0,Fiber optic,1
531,37,M,69,31.42,2199.23,Month-to-month,Electronic Check,0,Fiber optic,1
532,18,F,2,57.52,114.42,Month-to-month,Electronic Check,1,None,0
533,25,F,54,25.33,1403.59,One year,Bank Transfer,0,DSL,0
534,63,F,27,33.35,939.93,Month-to-month,Electronic Check,0,Fiber optic,1
535,33,M,31,43.18,1348.34,Month-to-month,Credit Card,0,Fiber optic,1
536,31,F,41,62.96,2582.12,Month-to-month,Bank Transfer,0,DSL,1
537,29,M,36,91.48,3321.61,Month-to-month,Bank Transfer,0,Fiber optic,1
538,68,F,47,33.27,1540.39,Month-to-month,Electronic Check,1,Fiber optic,1
539,40,M,43,93.8,3984.93,Month-to-month,Electronic Check,0,Fiber optic,1
540,32,M,65,105.51,6848.86,One year,Electronic Check,0,DSL,1
541,45,M,50,85.15,4258.28,Month-to-month,Credit Card,0,DSL,1
542,51,F,1,24.37,4.1,Month-to-month,Electronic Check,0,DSL,1
543,19,M,72,64.07,4601.38,Month-to-month,Credit Card,0,Fiber optic,1
544,49,M,57,86.01,4865.88,Month-to-month,Electronic Check,0,DSL,1
545,40,M,16,117.85,1863.33,One year,Electronic Check,1,Fiber optic,0
546,39,M,28,115.18,3199.05,Month-to-month,Bank Transfer,1,DSL,1
547,68,F,22,59.57,1290.64,One year,Bank Transfer,0,Fiber optic,0
548,42,F,41,81.59,3325.1,Month-to-month,Credit Card,0,DSL,1
549,75,F,19,109.08,2078.42,One year,Electronic Check,0,Fiber optic,1
550,79,F,50,103.1,5130.06,Two year,Credit Card,0,Fiber optic,1
551,78,M,59,67.94,4052.56,Month-to-month,Bank Transfer,0,DSL,1
552,39,F,69,46.12,3183.41,Month-to-month,Bank Transfer,0,Fiber optic,1
553,75,M,34,33.71,1109.04,Month-to-month,Bank Transfer,0,Fiber optic,1
554,75,F,39,68.8,2661.16,Month-to-month,Bank Transfer,1,Fiber optic,1
555,39,F,7,92.28,668.94,Month-to-month,Credit Card,1,Fiber optic,1
556,66,F,52,116.98,6034.33,One year,Electronic Check,0,Fiber optic,1
557,69,M,60,106.18,6414.58,Two year,Credit Card,1,DSL,0
558,59,F,52,40.42,2096.36,Month-to-month,Electronic Check,0,None,1
559,23,F,24,91.98,2209.63,One year,Bank Transfer,0,Fiber optic,1
560,32,F,26,48.91,1320.5,One year,Credit Card,0,DSL,0
561,71,M,10,88.35,883.84,Month-to-month,Electronic Check,0,Fiber optic,1
562,60,F,17,86.58,1516.63,One year,Electronic Check,0,DSL,1
563,77,F,2,47.24,136.0,Month-to-month,Bank Transfer,1,Fiber optic,1
564,54,M,27,43.44,1217.01,One year,Electronic Check,1,DSL,0
565,50,M,71,30.39,2188.93,Month-to-month,Electronic Check,0,DSL,1
566,25,F,48,25.05,1182.04,Month-to-month,Credit Card,0,Fiber optic,1
567,70,F,9,105.85,937.29,One year,Bank Transfer,1,Fiber optic,1
568,77,F,23,24.98,561.04,Month-to-month,Bank Transfer,1,DSL,0
569,61,M,71,28.87,2097.69,One year,Electronic Check,0,Fiber optic,0
570,61,M,27,43.89,1171.11,Month-to-month,Electronic Check,1,DSL,0
571,22,M,71,108.77,7683.54,Month-to-month,Bank Transfer,0,Fiber optic,1
572,56,F,43,53.29,2319.3,Month-to-month,Bank Transfer,0,None,1
573,21,M,7,39.18,260.87,Month-to-month,Bank Transfer,1,DSL,0
574,23,F,63,91.56,5780.37,Month-to-month,Electronic Check,0,DSL,1
575,62,M,44,51.91,2326.48,Two year,Electronic Check,0,Fiber optic,0
576,49,M,39,53.34,2087.81,Month-to-month,Bank Transfer,0,Fiber optic,1
577,69,M,40,93.9,3769.77,Month-to-month,Bank Transfer,0,Fiber optic,1
578,47,F,7,45.17,330.48,One year,Electronic Check,0,Fiber optic,0
579,64,F,70,109.68,7688.84,Month-to-month,Electronic Check,0,Fiber optic,1
580,52,F,25,76.14,1869.48,Month-to-month,Electronic Check,0,Fiber optic,1
581,72,F,59,73.78,4348.66,Month-to-month,Credit Card,0,Fiber optic,1
582,57,M,13,46.48,555.01,Month-to-month,Bank Transfer,0,Fiber optic,1
583,69,F,62,103.51,6430.25,Month-to-month,Credit Card,0,Fiber optic,1
584,33,M,8,77.27,625.7,One year,Credit Card,0,Fiber optic,0
585,30,F,45,35.55,1581.56,Month-to-month,Electronic Check,0,Fiber optic,1
586,67,F,18,40.63,733.73,Two year,Bank Transfer,0,DSL,0
587,77,M,60,66.83,4009.11,Month-to-month,Electronic Check,0,Fiber optic,1
588,59,M,60,97.96,5852.69,One year,Electronic Check,0,DSL,1
589,47,F,2,113.93,207.19,One year,Electronic Check,1,Fiber optic,0
590,36,F,66,86.35,5725.35,Month-to-month,Electronic Check,0,Fiber optic,1
591,34,M,14,70.61,1014.11,Month-to-month,Bank Transfer,1,Fiber optic,1
592,73,M,48,45.07,2160.34,Two year,Bank Transfer,0,None,0
593,36,M,56,87.29,4909.99,One year,Electronic Check,0,None,1
594,45,M,12,118.22,1413.72,Month-to-month,Credit Card,0,DSL,1
595,75,M,55,67.62,3754.24,Month-to-month,Electronic Check,0,DSL,1
596,72,F,28,36.21,997.16,Two year,Credit Card,0,DSL,0
597,43,F,4,30.33,164.05,Month-to-month,Credit Card,0,Fiber optic,1
598,54,F,36,46.93,1693.71,Month-to-month,Electronic Check,1,Fiber optic,1
599,43,F,50,76.94,3850.57,Two year,Bank Transfer,0,DSL,0
600,70,M,3,114.68,361.12,Month-to-month,Electronic Check,1,Fiber optic,1
601,79,M,1,49.92,34.01,Month-to-month,Bank Transfer,0,Fiber optic,1
602,40,M,17,50.54,881.61,One year,Credit Card,1,Fiber optic,0
603,26,F,71,68.12,4818.56,One year,Bank Transfer,1,Fiber optic,0
604,29,M,62,111.85,6924.45,Month-to-month,Bank Transfer,0,Fiber optic,1
605,70,M,48,61.91,2989.15,Two year,Bank Transfer,0,DSL,0
606,18,F,62,42.32,2611.68,Two year,Electronic Check,0,Fiber optic,0
607,75,F,69,36.31,2475.39,Month-to-month,Credit Card,0,Fiber optic,1
608,75,F,19,65.7,1285.49,Month-to-month,Credit Card,1,Fiber optic,1
609,18,M,34,100.07,3444.6,Two year,Bank Transfer,0,DSL,1
610,64,M,49,49.14,2420.53,Month-to-month,Credit Card,1,Fiber optic,1
611,51,F,47,71.25,3379.87,Month-to-month,Bank Transfer,0,DSL,1
612,49,F,50,80.3,4063.67,One year,Bank Transfer,0,Fiber optic,1
613,79,M,26,65.05,1702.78,One year,Bank Transfer,0,DSL,0
614,71,F,56,39.17,2234.4,One year,Bank Transfer,0,DSL,0
615,65,M,14,112.17,1556.31,One year,Electronic Check,0,Fiber optic,1
616,42,F,25,76.54,1933.55,Month-to-month,Bank Transfer,0,Fiber optic,1
617,57,F,4,92.91,327.22,One year,Credit Card,1,Fiber optic,0
618,62,F,32,83.6,2704.1,Month-to-month,Electronic Check,0,None,1
619,70,M,65,119.8,7819.98,Month-to-month,Credit Card,0,DSL,1
620,18,M,61,65.63,3993.55,Month-to-month,Electronic Check,0,Fiber optic,1
621,33,F,20,62.5,1263.9,Month-to-month,Bank Transfer,0,DSL,1
622,78,M,10,56.01,595.94,Month-to-month,Electronic Check,0,Fiber optic,1
623,56,F,34,56.16,1947.8,Month-to-month,Credit Card,0,Fiber optic,1
624,22,F,61,47.58,2863.03,One year,Electronic Check,0,DSL,0
625,39,M,27,118.06,3220.37,Month-to-month,Electronic Check,0,Fiber optic,1
626,46,M,40,107.08,4260.62,Month-to-month,Bank Transfer,0,DSL,1
627,72,M,65,51.67,3381.28,Month-to-month,Bank Transfer,0,Fiber optic,1
628,20,M,33,50.52,1649.68,Two year,Electronic Check,0,Fiber optic,0
629,29,F,68,30.35,2019.43,One year,Bank Transfer,1,Fiber optic,0
630,43,M,71,107.7,7617.69,Month-to-month,Bank Transfer,0,None,1
631,33,M,9,57.18,505.49,Two year,Electronic Check,0,DSL,0
632,68,F,16,77.26,1260.28,Month-to-month,Credit Card,0,None,1
633,54,F,5,110.04,510.27,One year,Bank Transfer,0,Fiber optic,1
634,39,F,23,60.81,1429.92,Month-to-month,Electronic Check,0,None,1
635,74,F,43,100.69,4379.37,Month-to-month,Electronic Check,0,Fiber optic,1
636,46,M,57,63.03,3621.54,Month-to-month,Electronic Check,1,Fiber optic,1
637,31,M,51,90.09,4591.96,One year,Credit Card,0,Fiber optic,1
638,45,F,13,63.12,827.38,Month-to-month,Credit Card,0,Fiber optic,1
639,22,F,24,59.28,1373.34,Month-to-month,Credit Card,1,DSL,0
640,64,M,11,119.07,1280.7,One year,Bank Transfer,0,Fiber optic,1
641,66,M,52,81.23,4263.86,Month-to-month,Electronic Check,1,Fiber optic,1
642,47,M,17,56.74,916.75,One year,Electronic Check,1,None,0
643,63,M,37,45.78,1734.34,Month-to-month,Credit Card,0,Fiber optic,1
644,79,M,13,23.98,273.07,Month-to-month,Bank Transfer,0,DSL,1
645,69,F,62,90.66,5584.23,One year,Bank Transfer,1,DSL,0
646,22,F,8,57.22,425.29,Two year,Electronic Check,0,Fiber optic,0
647,29,F,56,102.13,5749.22,One year,Credit Card,0,Fiber optic,1
648,33,F,70,56.39,3945.12,Month-to-month,Electronic Check,1,DSL,0
649,43,M,44,57.33,2487.04,Two year,Credit Card,0,Fiber optic,0
650,43,F,60,97.92,5893.88,Month-to-month,Credit Card,0,DSL,1
651,65,M,41,68.95,2871.02,Month-to-month,Electronic Check,0,Fiber optic,1
652,38,M,21,108.49,2285.54,Two year,Credit Card,0,DSL,1
653,56,M,42,79.01,3278.29,Month-to-month,Credit Card,1,Fiber optic,1
654,53,M,29,44.06,1233.22,Month-to-month,Credit Card,0,DSL,1
655,50,M,65,76.83,5023.54,Two year,Credit Card,1,Fiber optic,0
656,79,M,17,20.4,359.41,Month-to-month,Bank Transfer,0,Fiber optic,1
657,47,M,30,51.24,1579.47,Month-to-month,Credit Card,0,DSL,1
658,54,F,26,40.8,1065.53,Month-to-month,Credit Card,0,DSL,1
659,40,M,53,85.42,4483.5,Two year,Credit Card,0,DSL,1
660,75,F,19,33.6,628.77,Month-to-month,Electronic Check,0,DSL,1
661,27,F,53,49.01,2613.33,Month-to-month,Bank Transfer,0,DSL,1
662,71,M,17,53.13,891.7,Month-to-month,Credit Card,0,Fiber optic,1
663,22,M,46,20.33,985.14,Month-to-month,Credit Card,1,Fiber optic,1
664,53,F,53,24.68,1298.58,One year,Electronic Check,0,DSL,0
665,51,F,64,51.11,3275.66,Month-to-month,Bank Transfer,0,DSL,1
666,69,F,45,42.24,1873.34,Month-to-month,Bank Transfer,1,Fiber optic,1
667,48,F,49,31.69,1518.02,One year,Bank Transfer,1,Fiber optic,0
668,27,M,19,35.42,687.51,Month-to-month,Credit Card,1,DSL,0
669,75,M,71,103.55,7360.91,One year,Bank Transfer,0,DSL,1
670,36,M,65,88.33,5691.88,Month-to-month,Electronic Check,0,DSL,1
671,75,F,37,68.41,2509.65,One year,Electronic Check,0,Fiber optic,0
672,49,M,70,110.89,7776.66,Month-to-month,Credit Card,0,DSL,1
673,18,F,26,22.96,628.18,One year,Credit Card,0,DSL,0
674,73,M,2,54.49,90.22,Two year,Credit Card,0,Fiber optic,0
675,22,F,59,102.34,6052.8,One year,Credit Card,0,Fiber optic,1
676,62,M,5,82.83,390.68,One year,Electronic Check,1,Fiber optic,1
677,21,M,37,118.17,4391.33,One year,Credit Card,0,DSL,1
678,33,F,31,114.45,3567.74,Month-to-month,Credit Card,0,DSL,1
679,41,F,48,36.99,1738.54,Month-to-month,Credit Card,1,Fiber optic,1
680,33,F,6,117.2,719.71,One year,Credit Card,1,Fiber optic,1
681,72,F,15,114.55,1701.61,One year,Electronic Check,0,Fiber optic,1
682,19,F,15,57.36,827.66,Month-to-month,Bank Transfer,0,Fiber optic,1
683,66,M,61,118.29,7215.73,Month-to-month,Credit Card,0,Fiber optic,1
684,45,F,16,23.58,372.51,Month-to-month,Electronic Check,0,DSL,1
685,49,M,20,86.08,1748.99,Month-to-month,Bank Transfer,0,Fiber optic,1
686,44,M,44,46.61,2009.29,Two year,Electronic Check,1,Fiber optic,0
687,37,M,42,32.95,1412.88,One year,Bank Transfer,0,Fiber optic,0
688,41,M,46,77.75,3537.11,Month-to-month,Electronic Check,1,DSL,0
689,29,M,34,50.64,1692.51,Month-to-month,Credit Card,0,None,1
690,67,F,64,86.68,5549.11,Month-to-month,Bank Transfer,0,Fiber optic,1
691,52,F,29,74.0,2142.32,Month-to-month,Electronic Check,1,Fiber optic,1
692,77,M,3,59.26,226.67,Month-to-month,Credit Card,0,Fiber optic,1
693,50,M,9,38.18,352.57,Two year,Credit Card,0,DSL,0
694,50,F,25,80.13,1985.99,Month-to-month,Bank Transfer,0,Fiber optic,1
695,78,F,42,102.92,4362.65,Month-to-month,Electronic Check,0,None,1
696,68,M,46,80.0,3661.22,Month-to-month,Credit Card,0,DSL,1
697,60,F,59,81.05,4759.33,One year,Electronic Check,0,Fiber optic,1
698,54,F,21,71.18,1494.22,One year,Credit Card,0,Fiber optic,0
699,29,F,22,58.82,1335.36,Month-to-month,Credit Card,0,Fiber optic,1
700,20,M,29,65.75,1927.6,Month-to-month,Credit Card,1,DSL,0
701,18,F,63,118.95,7511.6,Two year,Bank Transfer,0,Fiber optic,1
702,50,M,61,94.97,5815.78,Month-to-month,Electronic Check,1,Fiber optic,1
703,57,M,64,63.06,4051.8,One year,Bank Transfer,0,Fiber optic,0
704,27,M,69,65.73,4561.35,Month-to-month,Bank Transfer,0,Fiber optic,1
705,60,M,40,69.96,2767.68,One year,Bank Transfer,1,Fiber optic,0
706,61,M,1,85.93,53.66,Month-to-month,Bank Transfer,0,DSL,1
707,46,F,65,66.6,4315.22,Two year,Bank Transfer,0,DSL,0
708,30,M,62,88.62,5529.54,One year,Credit Card,0,DSL,1
709,29,M,54,52.92,2879.13,Month-to-month,Credit Card,0,Fiber optic,1
710,48,M,60,61.06,3670.25,Month-to-month,Credit Card,1,DSL,0
711,63,F,46,106.41,4846.8,Month-to-month,Bank Transfer,1,Fiber optic,1
712,19,F,5,52.89,238.03,Two year,Credit Card,1,Fiber optic,0
713,78,F,22,116.44,2592.03,Month-to-month,Credit Card,0,DSL,1
714,68,F,53,37.25,1948.5,Month-to-month,Credit Card,0,Fiber optic,1
715,67,F,70,44.17,3114.93,Month-to-month,Bank Transfer,1,Fiber optic,1
716,52,F,32,66.37,2092.3,One year,Electronic Check,0,DSL,0
717,40,F,11,99.74,1107.78,Month-to-month,Electronic Check,0,DSL,1
718,34,M,10,93.16,944.42,Month-to-month,Credit Card,1,None,1
719,43,M,39,37.45,1485.75,Two year,Bank Transfer,0,None,0
720,25,F,31,43.67,1347.6,One year,Electronic Check,0,Fiber optic,0
721,46,M,12,77.53,943.63,Month-to-month,Credit Card,0,Fiber optic,1
722,43,M,38,49.52,1880.46,Month-to-month,Bank Transfer,0,Fiber optic,1
723,27,F,67,62.23,4214.14,Month-to-month,Electronic Check,0,Fiber optic,1
724,43,M,66,68.66,4533.75,Month-to-month,Electronic Check,0,Fiber optic,1
725,79,M,52,79.42,4100.8,Month-to-month,Bank Transfer,0,Fiber optic,1
726,51,F,5,45.11,242.34,Month-to-month,Electronic Check,0,Fiber optic,1
727,68,M,11,36.31,404.26,Month-to-month,Credit Card,1,Fiber optic,1
728,58,F,25,59.86,1526.88,Month-to-month,Credit Card,1,Fiber optic,1
729,24,F,35,28.2,954.69,One year,Bank Transfer,1,None,0
730,21,M,35,72.68,2519.89,Month-to-month,Bank Transfer,1,Fiber optic,1
731,75,M,22,103.96,2329.28,Two year,Credit Card,0,DSL,1
732,70,M,37,31.9,1223.3,Month-to-month,Bank Transfer,0,DSL,1
733,67,F,55,31.27,1714.08,Month-to-month,Electronic Check,0,Fiber optic,1
734,62,F,72,28.02,1972.22,Month-to-month,Electronic Check,0,Fiber optic,1
735,28,F,64,104.79,6687.22,One year,Electronic Check,1,Fiber optic,0
736,46,M,20,28.07,536.11,Month-to-month,Electronic Check,0,DSL,1
737,73,M,4,118.35,464.87,Month-to-month,Bank Transfer,1,None,1
738,53,F,18,55.83,986.72,Month-to-month,Electronic Check,0,Fiber optic,1
739,42,M,51,52.88,2729.78,Month-to-month,Bank Transfer,0,Fiber optic,1
740,38,M,68,29.16,1933.18,Two year,Credit Card,1,Fiber optic,0
741,78,F,20,78.56,1585.66,Month-to-month,Electronic Check,0,None,1
742,74,F,9,78.59,723.74,One year,Bank Transfer,0,Fiber optic,0
743,53,M,26,69.38,1819.94,One year,Credit Card,0,Fiber optic,0
744,27,F,25,51.1,1279.56,Month-to-month,Electronic Check,0,Fiber optic,1
745,54,M,68,56.86,3877.59,Two year,Electronic Check,1,Fiber optic,0
746,26,F,41,52.05,2165.1,Month-to-month,Electronic Check,0,Fiber optic,1
747,41,F,59,62.61,3722.41,Month-to-month,Bank Transfer,1,None,0
748,52,F,45,54.18,2391.56,Month-to-month,Bank Transfer,0,DSL,1
749,66,M,41,87.55,3542.59,One year,Credit Card,0,None,1
750,52,M,38,49.58,1917.93,Two year,Electronic Check,0,Fiber optic,0
751,65,F,19,55.08,1053.99,Month-to-month,Credit Card,1,DSL,0
752,53,F,14,63.55,935.44,Two year,Bank Transfer,1,Fiber optic,0
753,35,F,21,20.4,421.56,Two year,Electronic Check,0,Fiber optic,0
754,66,M,15,69.21,1005.82,Month-to-month,Credit Card,1,DSL,0
755,56,F,3,45.58,134.06,Month-to-month,Electronic Check,0,Fiber optic,1
756,49,F,37,25.62,941.59,Month-to-month,Bank Transfer,0,None,1
757,41,F,46,111.1,5112.32,One year,Credit Card,1,None,0
758,40,F,16,52.24,866.63,Month-to-month,Electronic Check,1,Fiber optic,1
759,79,M,14,62.61,892.1,One year,Electronic Check,0,Fiber optic,0
760,49,M,9,102.73,893.1,Two year,Electronic Check,0,Fiber optic,1
761,54,F,7,36.68,280.21,One year,Credit Card,1,DSL,0
762,29,M,14,105.03,1479.61,One year,Bank Transfer,0,None,1
763,66,M,6,44.16,272.79,One year,Bank Transfer,1,Fiber optic,0
764,72,M,15,78.9,1201.33,One year,Credit Card,0,DSL,0
765,30,F,52,88.57,4612.04,Month-to-month,Electronic Check,0,Fiber optic,1
766,40,M,72,110.5,7951.75,Month-to-month,Credit Card,0,DSL,1
767,42,M,34,80.76,2759.88,Month-to-month,Credit Card,0,DSL,1
768,52,M,1,65.32,87.69,Month-to-month,Bank Transfer,0,DSL,1
769,58,F,69,77.23,5301.45,Month-to-month,Credit Card,0,DSL,1
770,47,F,20,40.21,803.9,Month-to-month,Electronic Check,0,Fiber optic,1
771,34,M,7,88.91,618.19,One year,Bank Transfer,0,None,1
772,66,M,7,38.69,224.82,Month-to-month,Bank Transfer,0,DSL,1
773,79,F,50,75.72,3819.44,One year,Electronic Check,0,Fiber optic,0
774,37,F,2,84.76,157.26,One year,Credit Card,0,DSL,1
775,65,M,47,109.86,5120.69,Two year,Bank Transfer,0,DSL,1
776,42,M,14,65.02,906.07,Month-to-month,Credit Card,0,Fiber optic,1
777,39,F,31,97.53,2989.58,Month-to-month,Electronic Check,1,Fiber optic,1
778,30,F,50,36.75,1857.94,One year,Bank Transfer,1,Fiber optic,0
779,76,M,61,35.62,2180.0,Month-to-month,Electronic Check,0,Fiber optic,1
780,36,F,41,72.48,2948.69,One year,Bank Transfer,0,Fiber optic,0
781,66,M,14,79.63,1159.87,Two year,Electronic Check,0,Fiber optic,0
782,53,M,5,83.23,395.32,Month-to-month,Credit Card,1,DSL,1
783,29,M,5,94.57,478.35,Month-to-month,Electronic Check,1,DSL,1
784,78,F,64,49.49,3197.52,Month-to-month,Electronic Check,0,DSL,1
785,58,M,29,82.26,2386.93,Two year,Electronic Check,0,DSL,1
786,36,M,5,38.81,240.14,Month-to-month,Electronic Check,0,Fiber optic,1
787,29,F,36,41.9,1542.79,Month-to-month,Electronic Check,0,DSL,1
788,26,F,19,26.73,549.97,Month-to-month,Credit Card,0,Fiber optic,1
789,24,M,64,94.7,6048.07,One year,Credit Card,0,None,1
790,45,M,22,70.7,1560.24,One year,Bank Transfer,0,Fiber optic,0
791,31,F,34,43.82,1523.9,Month-to-month,Electronic Check,0,DSL,1
792,48,F,56,75.62,4275.07,Month-to-month,Credit Card,1,Fiber optic,1
793,69,F,17,55.42,986.58,Month-to-month,Electronic Check,0,None,1
794,36,M,56,103.72,5846.24,One year,Electronic Check,0,Fiber optic,1
795,75,M,17,72.81,1260.85,Month-to-month,Bank Transfer,0,Fiber optic,1
796,64,M,18,22.98,366.06,Month-to-month,Electronic Check,0,Fiber optic,1
797,33,F,45,118.51,5314.45,One year,Credit Card,1,Fiber optic,0
798,70,M,56,27.43,1498.97,Two year,Bank Transfer,0,Fiber optic,0
799,22,F,50,89.6,4445.48,Month-to-month,Bank Transfer,0,Fiber optic,1
800,52,M,58,63.73,3675.43,Month-to-month,Bank Transfer,0,None,1
801,29,F,18,44.93,766.21,Month-to-month,Electronic Check,0,DSL,1
802,42,M,7,87.65,587.85,Month-to-month,Bank Transfer,0,Fiber optic,1
803,69,M,10,32.59,371.6,One year,Credit Card,0,Fiber optic,0
804,76,F,69,105.82,7282.77,Month-to-month,Credit Card,1,Fiber optic,1
805,38,F,3,45.06,101.15,One year,Bank Transfer,1,Fiber optic,0
806,53,M,44,56.15,2492.43,Month-to-month,Bank Transfer,0,DSL,1
807,70,F,70,83.26,5861.05,Month-to-month,Bank Transfer,0,DSL,1
808,40,F,14,20.1,262.8,One year,Electronic Check,0,DSL,0
809,33,M,4,67.27,246.93,Month-to-month,Bank Transfer,1,None,0
810,74,F,18,109.42,1943.74,Month-to-month,Bank Transfer,0,Fiber optic,1
811,56,M,52,88.04,4567.41,Two year,Electronic Check,0,DSL,1
812,62,M,38,58.79,2192.74,One year,Bank Transfer,0,Fiber optic,0
813,70,F,20,86.04,1737.71,Two year,Bank Transfer,1,Fiber optic,1
814,59,F,44,113.66,5033.26,Month-to-month,Credit Card,1,DSL,1
815,75,M,51,38.78,1994.15,Month-to-month,Credit Card,0,Fiber optic,1
816,56,M,19,73.18,1382.54,Two year,Credit Card,0,Fiber optic,0
817,31,M,68,43.47,2934.86,Month-to-month,Electronic Check,1,Fiber optic,1
818,48,M,66,105.42,6948.66,Two year,Credit Card,0,Fiber optic,1
819,75,M,13,92.11,1189.81,Two year,Credit Card,0,Fiber optic,1
820,22,M,62,100.11,6223.42,One year,Bank Transfer,0,Fiber optic,1
821,52,F,61,114.3,7015.11,Month-to-month,Electronic Check,0,Fiber optic,1
822,40,F,30,43.23,1253.96,Two year,Bank Transfer,0,Fiber optic,0
823,46,F,30,24.87,791.44,One year,Bank Transfer,0,Fiber optic,0
824,60,M,51,49.09,2544.61,One year,Electronic Check,1,DSL,0
825,28,F,48,59.91,2837.45,One year,Electronic Check,0,Fiber optic,0
826,35,M,33,82.52,2691.52,Month-to-month,Bank Transfer,0,Fiber optic,1
827,64,M,19,99.77,1876.79,Month-to-month,Bank Transfer,0,Fiber optic,1
828,29,F,71,54.98,3909.55,Month-to-month,Bank Transfer,0,DSL,1
829,26,M,57,67.35,3802.4,Month-to-month,Electronic Check,0,DSL,1
830,27,M,19,98.55,1842.48,One year,Bank Transfer,0,DSL,1
831,75,M,41,42.53,1784.0,Month-to-month,Bank Transfer,1,Fiber optic,1
832,61,M,42,41.71,1712.75,Month-to-month,Credit Card,0,Fiber optic,1
833,34,M,52,78.92,4093.73,Month-to-month,Credit Card,0,Fiber optic,1
834,78,M,4,63.61,280.74,Month-to-month,Credit Card,0,DSL,1
835,55,F,4,114.89,498.42,One year,Credit Card,1,None,0
836,24,M,5,55.7,262.1,One year,Credit Card,1,None,0
837,63,M,41,95.96,3900.8,Month-to-month,Bank Transfer,1,Fiber optic,1
838,30,M,61,78.31,4800.61,One year,Bank Transfer,0,Fiber optic,0
839,57,M,55,25.46,1427.56,Month-to-month,Electronic Check,0,Fiber optic,1
840,59,F,13,28.44,417.72,One year,Electronic Check,0,Fiber optic,0
841,26,F,14,40.32,528.43,Month-to-month,Electronic Check,1,Fiber optic,1
842,67,M,60,34.32,2080.14,Month-to-month,Bank Transfer,0,None,1
843,44,M,72,52.94,3803.41,Month-to-month,Credit Card,1,Fiber optic,1
844,75,M,25,77.9,1988.96,Month-to-month,Bank Transfer,0,DSL,1
845,19,F,44,80.24,3521.34,Two year,Bank Transfer,1,None,0
846,22,F,10,78.78,782.4,Two year,Electronic Check,0,Fiber optic,0
847,46,F,71,31.76,2217.64,One year,Electronic Check,1,None,0
848,54,F,50,80.02,3983.09,Month-to-month,Electronic Check,0,None,1
849,55,M,44,60.97,2672.76,Month-to-month,Electronic Check,0,Fiber optic,1
850,36,F,14,110.31,1496.09,One year,Bank Transfer,0,Fiber optic,1
851,25,F,15,111.2,1661.76,Month-to-month,Electronic Check,0,Fiber optic,1
852,65,M,16,96.82,1532.75,Two year,Credit Card,1,Fiber optic,1
853,62,M,2,90.31,211.0,Month-to-month,Bank Transfer,0,Fiber optic,1
854,18,F,30,31.5,905.71,Month-to-month,Credit Card,0,Fiber optic,1
855,39,F,30,28.47,880.12,Two year,Bank Transfer,0,DSL,0
856,69,F,31,104.08,3247.88,Two year,Bank Transfer,1,Fiber optic,1
857,34,F,20,62.7,1228.18,Two year,Electronic Check,0,DSL,0
858,24,M,49,65.14,3150.19,Month-to-month,Credit Card,0,Fiber optic,1
859,42,M,35,104.78,3701.48,One year,Bank Transfer,1,DSL,0
860,62,F,23,82.14,1864.16,Month-to-month,Credit Card,1,Fiber optic,1
861,21,F,61,37.94,2278.9,Month-to-month,Bank Transfer,1,Fiber optic,1
862,53,F,55,41.1,2246.4,Month-to-month,Bank Transfer,1,Fiber optic,1
863,23,F,67,20.64,1372.97,Two year,Bank Transfer,0,Fiber optic,0
864,77,F,8,91.07,711.17,Month-to-month,Credit Card,0,Fiber optic,1
865,48,M,40,68.56,2790.05,Month-to-month,Bank Transfer,0,None,1
866,36,M,59,115.0,6823.08,One year,Credit Card,0,Fiber optic,1
867,78,M,32,91.4,2962.1,Month-to-month,Credit Card,0,DSL,1
868,61,F,7,30.32,202.12,Month-to-month,Electronic Check,0,DSL,1
869,71,F,2,36.15,118.59,Month-to-month,Credit Card,0,Fiber optic,1
870,56,M,6,70.17,439.42,Two year,Bank Transfer,0,DSL,0
871,44,M,36,112.49,4082.84,Month-to-month,Bank Transfer,1,Fiber optic,1
872,27,F,32,44.73,1431.45,One year,Bank Transfer,0,Fiber optic,0
873,43,M,45,102.56,4581.26,Month-to-month,Bank Transfer,1,DSL,1
874,36,F,42,51.23,2190.35,Month-to-month,Credit Card,1,DSL,0
875,56,F,53,46.99,2489.11,Month-to-month,Electronic Check,0,Fiber optic,1
876,79,M,9,110.14,1038.12,Month-to-month,Credit Card,0,DSL,1
877,20,M,49,24.72,1186.77,Month-to-month,Bank Transfer,0,DSL,1
878,62,M,2,86.07,221.38,Month-to-month,Credit Card,0,None,1
879,30,F,67,24.32,1601.68,One year,Electronic Check,0,Fiber optic,0
880,67,F,11,100.08,1087.7,One year,Electronic Check,0,Fiber optic,1
881,45,M,50,102.94,5156.4,One year,Electronic Check,0,Fiber optic,1
882,79,F,35,109.34,3846.23,Two year,Electronic Check,0,Fiber optic,1
883,75,F,15,38.61,601.18,One year,Electronic Check,0,Fiber optic,0
884,37,F,31,32.45,1003.58,Month-to-month,Credit Card,0,Fiber optic,1
885,45,M,62,70.35,4319.38,Month-to-month,Electronic Check,1,Fiber optic,1
886,25,F,28,47.16,1320.08,Month-to-month,Electronic Check,1,Fiber optic,1
887,78,M,25,80.63,1999.22,One year,Bank Transfer,1,Fiber optic,1
888,58,M,25,71.37,1800.02,Month-to-month,Electronic Check,1,None,0
889,56,F,1,34.49,2.72,Month-to-month,Credit Card,0,Fiber optic,1
890,18,M,59,93.93,5531.26,Month-to-month,Bank Transfer,0,Fiber optic,1
891,20,F,69,100.38,6972.83,Two year,Credit Card,0,Fiber optic,1
892,30,M,42,116.3,4843.49,One year,Bank Transfer,1,DSL,0
893,45,M,34,59.55,2034.93,Month-to-month,Electronic Check,0,Fiber optic,1
894,79,F,66,53.77,3507.88,Month-to-month,Credit Card,0,Fiber optic,1
895,74,M,18,39.23,671.84,Month-to-month,Bank Transfer,1,DSL,0
896,77,M,5,38.09,200.94,Month-to-month,Credit Card,1,Fiber optic,1
897,66,M,20,52.11,1036.6,Month-to-month,Bank Transfer,0,DSL,1
898,42,F,66,118.18,7804.73,Month-to-month,Electronic Check,0,Fiber optic,1
899,73,F,62,29.23,1850.25,One year,Credit Card,0,None,0
900,50,M,32,45.94,1501.8,Month-to-month,Credit Card,0,Fiber optic,1
901,55,M,58,28.6,1697.6,Two year,Credit Card,1,Fiber optic,0
902,70,M,50,47.36,2379.63,Month-to-month,Electronic Check,1,Fiber optic,1
903,23,F,38,29.24,1110.08,Two year,Electronic Check,0,DSL,0
904,75,F,55,70.83,3891.57,One year,Bank Transfer,0,Fiber optic,0
905,61,M,28,63.84,1811.5,Two year,Credit Card,1,DSL,0
906,62,F,22,37.41,825.15,One year,Bank Transfer,1,DSL,0
907,49,F,43,37.48,1572.22,Month-to-month,Bank Transfer,0,Fiber optic,1
908,62,F,36,82.61,2938.15,Month-to-month,Electronic Check,0,Fiber optic,1
909,78,F,52,58.71,3038.63,Month-to-month,Credit Card,0,Fiber optic,1
910,64,M,36,25.62,879.1,Month-to-month,Electronic Check,0,DSL,1
911,38,F,28,112.02,3110.48,Month-to-month,Credit Card,1,Fiber optic,1
912,33,F,58,60.5,3524.64,Month-to-month,Bank Transfer,1,DSL,0
913,71,M,36,79.1,2798.84,Month-to-month,Electronic Check,0,Fiber optic,1
914,38,M,70,108.54,7608.21,Month-to-month,Electronic Check,0,Fiber optic,1
915,28,F,9,60.22,569.22,One year,Credit Card,1,Fiber optic,0
916,77,F,21,102.07,2110.49,Two year,Bank Transfer,0,Fiber optic,1
917,54,M,64,111.48,7102.82,One year,Electronic Check,1,Fiber optic,0
918,53,M,61,37.41,2234.9,Month-to-month,Bank Transfer,0,DSL,1
919,52,M,40,109.25,4371.25,Month-to-month,Electronic Check,0,Fiber optic,1
920,36,F,56,31.98,1806.34,Month-to-month,Electronic Check,0,Fiber optic,1
921,37,F,4,47.51,185.73,Month-to-month,Electronic Check,1,DSL,0
922,74,M,31,100.82,3114.36,Two year,Bank Transfer,0,DSL,1
923,35,F,27,110.07,2967.33,Month-to-month,Bank Transfer,0,Fiber optic,1
924,64,M,58,88.41,5155.93,Month-to-month,Bank Transfer,1,Fiber optic,1
925,58,F,25,30.48,715.35,One year,Bank Transfer,1,Fiber optic,0
926,66,M,69,72.3,5017.08,Month-to-month,Bank Transfer,0,DSL,1
927,31,M,70,77.26,5424.83,Two year,Bank Transfer,0,Fiber optic,0
928,32,F,5,48.19,215.09,Month-to-month,Bank Transfer,0,Fiber optic,1
929,48,F,8,119.13,955.51,Two year,Credit Card,0,DSL,1
930,18,F,9,53.56,436.97,Month-to-month,Bank Transfer,1,Fiber optic,1
931,70,F,15,41.03,603.41,Month-to-month,Bank Transfer,1,Fiber optic,1
932,71,F,7,31.01,184.47,Month-to-month,Credit Card,0,Fiber optic,1
933,71,F,72,57.85,4117.43,Month-to-month,Credit Card,1,None,0
934,20,M,15,89.26,1324.61,Month-to-month,Bank Transfer,0,None,1
935,33,F,37,43.14,1618.79,Two year,Bank Transfer,0,None,0
936,40,M,39,96.95,3823.15,One year,Bank Transfer,0,Fiber optic,1
937,74,M,6,33.54,217.47,One year,Credit Card,1,Fiber optic,0
938,28,F,57,64.05,3641.05,Month-to-month,Electronic Check,0,DSL,1
939,29,M,19,90.24,1764.51,Month-to-month,Electronic Check,0,Fiber optic,1
940,27,M,63,33.53,2090.68,Month-to-month,Electronic Check,0,DSL,1
941,49,F,31,79.78,2441.89,Month-to-month,Electronic Check,1,DSL,0
942,33,F,10,99.9,995.37,Month-to-month,Electronic Check,1,Fiber optic,1
943,25,F,67,79.55,5330.34,Month-to-month,Bank Transfer,0,Fiber optic,1
944,55,M,62,71.15,4396.78,Month-to-month,Electronic Check,0,DSL,1
945,29,F,3,103.83,331.04,Month-to-month,Bank Transfer,1,DSL,1
946,41,F,18,118.54,2102.11,Two year,Credit Card,1,Fiber optic,1
947,45,F,25,38.13,954.28,Month-to-month,Credit Card,1,Fiber optic,1
948,70,F,20,89.13,1782.61,Month-to-month,Electronic Check,1,Fiber optic,1
949,25,M,58,28.07,1660.44,One year,Credit Card,0,DSL,0
950,75,F,50,24.28,1256.7,One year,Bank Transfer,1,None,0
951,45,M,10,48.08,497.13,Two year,Electronic Check,1,Fiber optic,0
952,53,F,21,117.09,2439.43,Month-to-month,Electronic Check,1,Fiber optic,1
953,43,M,29,75.22,2200.34,Month-to-month,Bank Transfer,0,Fiber optic,1
954,25,M,10,46.83,443.44,Two year,Bank Transfer,1,Fiber optic,0
955,75,M,13,33.26,479.03,Two year,Bank Transfer,1,Fiber optic,0
956,77,F,47,112.02,5297.18,Two year,Electronic Check,1,DSL,0
957,67,M,23,56.24,1286.64,Two year,Credit Card,0,Fiber optic,0
958,45,F,50,50.67,2561.93,Month-to-month,Credit Card,0,DSL,1
959,45,F,4,105.8,414.07,Two year,Credit Card,0,Fiber optic,1
960,54,F,67,80.44,5346.94,Two year,Credit Card,1,Fiber optic,0
961,58,F,53,36.86,1974.26,Month-to-month,Electronic Check,0,None,1
962,53,F,2,62.15,114.76,One year,Bank Transfer,0,DSL,0
963,44,M,68,112.82,7714.79,One year,Credit Card,0,Fiber optic,1
964,71,F,65,110.12,7138.46,Month-to-month,Electronic Check,1,None,1
965,34,M,57,27.01,1573.9,Month-to-month,Electronic Check,0,DSL,1
966,26,M,70,46.86,3298.24,Two year,Credit Card,1,DSL,0
967,50,M,7,35.45,283.48,Month-to-month,Bank Transfer,0,Fiber optic,1
968,70,M,19,73.38,1373.41,Month-to-month,Bank Transfer,1,DSL,0
969,37,M,44,95.0,4176.13,Month-to-month,Electronic Check,1,Fiber optic,1
970,30,M,63,49.55,3153.96,Month-to-month,Bank Transfer,1,Fiber optic,1
971,45,M,65,95.8,6241.38,One year,Electronic Check,0,DSL,1
972,65,F,39,86.87,3373.92,Month-to-month,Bank Transfer,0,Fiber optic,1
973,46,M,26,92.82,2414.52,Month-to-month,Credit Card,0,DSL,1
974,30,F,44,114.82,5101.69,Two year,Bank Transfer,0,Fiber optic,1
975,63,M,12,62.46,773.7,Two year,Credit Card,1,DSL,0
976,52,M,22,54.26,1205.17,Month-to-month,Credit Card,0,Fiber optic,1
977,78,M,14,88.38,1270.11,One year,Electronic Check,0,DSL,1
978,23,M,30,100.76,3017.0,Month-to-month,Credit Card,0,Fiber optic,1
979,35,F,44,39.14,1767.17,Month-to-month,Electronic Check,1,None,0
980,68,F,38,104.68,3983.04,Month-to-month,Credit Card,0,DSL,1
981,22,F,59,25.79,1504.3,Month-to-month,Credit Card,0,DSL,1
982,64,M,42,20.64,825.48,Month-to-month,Credit Card,0,Fiber optic,1
983,42,M,52,35.84,1851.25,Month-to-month,Bank Transfer,0,Fiber optic,1
984,19,M,63,117.87,7432.67,Month-to-month,Bank Transfer,0,Fiber optic,1
985,27,F,61,72.36,4434.28,One year,Credit Card,0,Fiber optic,0
986,73,M,34,24.66,875.95,Month-to-month,Electronic Check,0,Fiber optic,1
987,47,F,39,119.72,4713.48,Month-to-month,Credit Card,0,Fiber optic,1
988,67,F,41,94.49,3834.34,Month-to-month,Electronic Check,1,Fiber optic,1
989,76,M,37,103.8,3850.69,Month-to-month,Credit Card,1,Fiber optic,1
990,62,M,65,41.29,2700.51,Month-to-month,Credit Card,0,DSL,1
991,22,F,32,30.54,944.49,Month-to-month,Electronic Check,0,Fiber optic,1
992,72,F,8,71.51,576.64,One year,Electronic Check,0,DSL,0
993,73,F,18,97.22,1733.44,One year,Bank Transfer,0,DSL,1
994,50,M,45,83.78,3727.84,One year,Electronic Check,0,None,1
995,71,M,33,83.11,2699.22,Month-to-month,Credit Card,0,DSL,1
996,18,M,5,95.71,504.47,Two year,Electronic Check,0,DSL,1
997,35,M,36,42.7,1548.75,Month-to-month,Bank Transfer,0,Fiber optic,1
998,49,M,23,86.15,2002.96,Month-to-month,Credit Card,1,Fiber optic,1
999,64,M,40,59.21,2386.93,Two year,Credit Card,0,Fiber optic,0
1000,66,F,5,26.98,98.33,Month-to-month,Credit Card,0,Fiber optic,1
1001,28,F,34,40.21,1332.3,Two year,Electronic Check,1,DSL,0
1002,38,F,24,99.4,2360.85,Month-to-month,Credit Card,1,DSL,1
1003,43,M,17,109.59,1852.94,Month-to-month,Credit Card,0,DSL,1
1004,42,F,71,48.28,3471.8,Two year,Electronic Check,0,DSL,0
1005,39,M,22,39.04,876.27,Month-to-month,Credit Card,0,DSL,1
1006,76,M,15,22.67,315.57,Month-to-month,Electronic Check,0,Fiber optic,1
1007,44,F,15,114.77,1677.15,Month-to-month,Electronic Check,1,None,1
1008,66,M,25,88.39,2228.17,One year,Bank Transfer,0,Fiber optic,1
1009,30,F,53,115.7,6144.63,Month-to-month,Credit Card,1,Fiber optic,1
1010,50,F,21,106.38,2251.56,One year,Electronic Check,1,Fiber optic,1
1011,51,M,66,54.05,3543.42,One year,Bank Transfer,0,DSL,0
1012,58,F,32,31.27,1002.34,Month-to-month,Electronic Check,0,DSL,1
1013,52,F,21,69.91,1454.28,One year,Credit Card,0,Fiber optic,0
1014,18,F,68,22.68,1574.01,Two year,Bank Transfer,1,Fiber optic,0
1015,38,F,44,34.99,1496.5,Two year,Electronic Check,0,DSL,0
1016,65,M,66,43.34,2837.98,Month-to-month,Bank Transfer,1,None,0
1017,72,F,14,86.56,1222.14,One year,Credit Card,1,Fiber optic,0
1018,23,F,15,70.99,1035.37,One year,Electronic Check,0,Fiber optic,0
1019,45,F,20,50.24,1022.07,Two year,Credit Card,0,DSL,0
1020,34,M,34,76.48,2564.0,Month-to-month,Electronic Check,0,DSL,1
1021,22,F,36,32.52,1123.0,Month-to-month,Bank Transfer,0,Fiber optic,1
1022,48,M,9,95.57,896.48,Month-to-month,Credit Card,0,DSL,1
1023,22,F,71,91.2,6458.54,Month-to-month,Bank Transfer,0,None,1
1024,55,F,30,41.65,1215.18,Month-to-month,Electronic Check,0,Fiber optic,1
1025,20,F,63,80.64,5047.59,One year,Electronic Check,0,Fiber optic,1
1026,70,M,35,70.33,2500.14,Month-to-month,Credit Card,0,None,1
1027,40,M,13,26.08,354.48,One year,Credit Card,1,DSL,0
1028,54,M,46,47.82,2245.35,Month-to-month,Electronic Check,0,Fiber optic,1
1029,70,M,56,119.95,6747.2,Month-to-month,Bank Transfer,0,DSL,1
1030,54,M,9,29.95,296.3,Month-to-month,Electronic Check,1,Fiber optic,1
1031,27,M,36,70.64,2543.02,One year,Bank Transfer,0,DSL,0
1032,27,F,3,104.93,346.87,Month-to-month,Credit Card,0,Fiber optic,1
1033,36,M,19,50.07,942.6,Month-to-month,Bank Transfer,1,Fiber optic,1
1034,34,F,28,46.07,1322.66,Month-to-month,Electronic Check,0,Fiber optic,1
1035,38,M,23,109.08,2534.61,Month-to-month,Bank Transfer,0,Fiber optic,1
1036,31,M,7,50.48,371.2,Month-to-month,Credit Card,0,Fiber optic,1
1037,26,M,14,85.15,1175.07,Month-to-month,Bank Transfer,1,DSL,1
1038,63,F,46,94.03,4338.45,Month-to-month,Electronic Check,1,DSL,1
1039,18,M,15,98.86,1483.58,Month-to-month,Electronic Check,1,Fiber optic,1
1040,68,M,67,119.48,8001.31,One year,Bank Transfer,1,Fiber optic,0
1041,62,F,15,100.32,1553.82,Month-to-month,Electronic Check,0,DSL,1
1042,30,F,51,85.7,4371.14,Month-to-month,Credit Card,1,Fiber optic,1
1043,21,F,8,109.55,829.6,Month-to-month,Bank Transfer,0,None,1
1044,79,F,69,110.57,7641.98,Month-to-month,Bank Transfer,1,Fiber optic,1
1045,18,M,62,117.32,7296.64,Month-to-month,Bank Transfer,1,Fiber optic,1
1046,66,F,51,97.65,5018.67,One year,Electronic Check,1,Fiber optic,0
1047,57,M,63,39.49,2501.14,Two year,Bank Transfer,1,None,0
1048,49,M,68,90.98,6138.59,Month-to-month,Bank Transfer,0,None,1
1049,51,F,16,27.51,402.13,One year,Bank Transfer,0,None,0
1050,45,M,24,51.8,1209.32,One year,Bank Transfer,1,Fiber optic,0
1051,48,F,6,31.58,160.61,Month-to-month,Credit Card,1,Fiber optic,1
1052,25,M,57,114.99,6584.41,Month-to-month,Electronic Check,0,Fiber optic,1
1053,56,F,31,53.88,1651.26,Month-to-month,Credit Card,0,Fiber optic,1
1054,43,F,6,91.32,529.16,Month-to-month,Bank Transfer,0,DSL,1
1055,75,F,29,77.13,2262.33,Month-to-month,Electronic Check,1,DSL,0
1056,51,F,67,30.75,2051.49,Month-to-month,Bank Transfer,0,Fiber optic,1
1057,71,F,3,76.13,184.85,One year,Credit Card,0,Fiber optic,0
1058,71,F,28,86.1,2419.31,One year,Bank Transfer,0,Fiber optic,1
1059,20,M,48,108.15,5154.21,Month-to-month,Credit Card,0,DSL,1
1060,76,M,10,27.01,277.27,Month-to-month,Credit Card,1,None,0
1061,67,M,33,49.56,1663.44,One year,Electronic Check,0,DSL,0
1062,29,F,67,89.23,6021.36,Two year,Bank Transfer,1,DSL,0
1063,18,M,69,23.43,1573.38,One year,Bank Transfer,0,Fiber optic,0
1064,71,F,12,40.36,464.72,Month-to-month,Bank Transfer,0,Fiber optic,1
1065,61,M,57,41.87,2401.84,Month-to-month,Electronic Check,0,DSL,1
1066,22,M,44,86.93,3806.47,Two year,Credit Card,1,DSL,0
1067,47,F,13,48.6,626.9,One year,Electronic Check,0,None,0
1068,47,M,24,79.96,1871.05,Month-to-month,Electronic Check,1,DSL,0
1069,76,M,44,116.53,5146.67,One year,Credit Card,0,DSL,1
1070,74,M,57,99.32,5699.57,Month-to-month,Bank Transfer,1,Fiber optic,1
1071,34,F,16,53.29,900.33,Month-to-month,Credit Card,1,None,0
1072,65,M,21,67.24,1445.09,Month-to-month,Credit Card,0,Fiber optic,1
1073,64,F,51,40.07,1996.75,One year,Credit Card,0,Fiber optic,0
1074,40,M,21,21.57,468.16,Month-to-month,Bank Transfer,0,Fiber optic,1
1075,32,M,60,48.97,2937.77,Month-to-month,Credit Card,0,None,1
1076,54,M,51,56.94,2947.73,One year,Electronic Check,0,DSL,0
1077,38,M,21,76.44,1645.45,One year,Credit Card,0,Fiber optic,0
1078,31,F,6,114.41,735.26,Month-to-month,Credit Card,0,Fiber optic,1
1079,19,M,65,114.79,7497.54,Month-to-month,Electronic Check,0,None,1
1080,28,F,58,27.01,1571.27,Month-to-month,Bank Transfer,1,Fiber optic,1
1081,68,F,6,81.46,510.25,Month-to-month,Electronic Check,1,Fiber optic,1
1082,56,M,65,24.24,1622.07,Month-to-month,Bank Transfer,0,Fiber optic,1
1083,55,M,34,84.81,2891.35,Month-to-month,Bank Transfer,0,None,1
1084,77,F,56,31.77,1813.12,Month-to-month,Bank Transfer,0,Fiber optic,1
1085,51,F,3,114.64,388.14,Two year,Bank Transfer,0,Fiber optic,1
1086,55,M,42,106.43,4477.11,Two year,Electronic Check,1,None,0
1087,67,M,62,22.23,1344.18,Month-to-month,Bank Transfer,0,Fiber optic,1
1088,51,M,6,98.21,554.82,Month-to-month,Electronic Check,0,Fiber optic,1
1089,35,M,6,83.59,463.07,Month-to-month,Credit Card,0,DSL,1
1090,47,M,63,69.54,4378.65,Month-to-month,Electronic Check,0,Fiber optic,1
1091,32,F,20,80.26,1603.21,One year,Credit Card,0,DSL,1
1092,44,M,21,87.83,1856.17,One year,Electronic Check,0,Fiber optic,1
1093,68,M,2,108.45,215.19,Two year,Credit Card,0,DSL,1
1094,51,F,56,96.74,5464.75,Two year,Electronic Check,0,Fiber optic,1
1095,69,M,10,77.54,754.53,Two year,Electronic Check,0,Fiber optic,0
1096,74,M,70,102.46,7209.58,Month-to-month,Electronic Check,0,DSL,1
1097,55,F,23,118.69,2689.9,Two year,Electronic Check,0,Fiber optic,1
1098,50,M,30,50.02,1510.79,Month-to-month,Credit Card,1,DSL,0
1099,41,F,37,31.84,1192.91,Two year,Bank Transfer,0,Fiber optic,0
1100,32,M,55,93.14,5149.92,Month-to-month,Electronic Check,0,Fiber optic,1
1101,77,M,49,117.86,5775.44,Month-to-month,Credit Card,0,DSL,1
1102,47,M,34,31.67,1046.5,Month-to-month,Electronic Check,0,DSL,1
1103,72,F,44,63.17,2766.38,Month-to-month,Bank Transfer,0,DSL,1
1104,59,F,22,26.23,554.28,One year,Credit Card,0,Fiber optic,0
1105,68,F,31,97.65,3019.06,Two year,Credit Card,0,Fiber optic,1
1106,34,F,7,114.87,807.09,Month-to-month,Credit Card,0,Fiber optic,1
1107,22,M,21,69.9,1480.41,Month-to-month,Electronic Check,0,Fiber optic,1
1108,46,F,16,60.95,1009.71,Month-to-month,Electronic Check,0,Fiber optic,1
1109,21,F,20,110.77,2256.4,Month-to-month,Bank Transfer,1,Fiber optic,1
1110,27,F,43,33.34,1429.88,Month-to-month,Bank Transfer,1,None,0
1111,73,M,44,109.16,4761.91,Month-to-month,Electronic Check,0,Fiber optic,1
1112,34,M,47,59.21,2812.58,Month-to-month,Electronic Check,1,Fiber optic,1
1113,27,F,19,75.94,1440.58,Two year,Credit Card,0,Fiber optic,0
1114,34,F,48,72.83,3500.48,Two year,Electronic Check,0,Fiber optic,0
1115,77,M,69,81.6,5639.98,Month-to-month,Credit Card,0,Fiber optic,1
1116,37,F,11,114.21,1273.1,Two year,Bank Transfer,0,Fiber optic,1
1117,41,F,29,115.11,3377.2,Month-to-month,Electronic Check,0,Fiber optic,1
1118,22,F,45,103.11,4685.16,One year,Bank Transfer,0,DSL,1
1119,51,F,68,39.15,2706.22,One year,Electronic Check,0,None,0
1120,23,M,36,53.35,1951.55,Month-to-month,Electronic Check,1,Fiber optic,1
1121,70,M,48,68.78,3340.36,Month-to-month,Credit Card,1,None,0
1122,19,M,15,110.55,1613.22,Two year,Electronic Check,1,DSL,0
1123,30,F,44,72.09,3206.87,Month-to-month,Bank Transfer,1,Fiber optic,1
1124,79,F,67,117.74,7845.81,Month-to-month,Electronic Check,1,Fiber optic,1
1125,60,M,40,118.38,4759.82,Two year,Bank Transfer,0,Fiber optic,1
1126,60,M,14,79.86,1084.98,Month-to-month,Electronic Check,0,Fiber optic,1
1127,65,M,63,107.75,6774.26,Month-to-month,Bank Transfer,1,None,1
1128,28,F,51,119.92,6084.34,Two year,Bank Transfer,0,Fiber optic,1
1129,68,M,58,104.97,6082.61,Two year,Bank Transfer,1,Fiber optic,1
1130,64,F,15,85.69,1276.52,Two year,Electronic Check,0,Fiber optic,1
1131,74,F,65,104.51,6747.96,Month-to-month,Credit Card,0,Fiber optic,1
1132,40,M,55,28.27,1587.9,Month-to-month,Bank Transfer,1,Fiber optic,1
1133,72,M,10,83.48,870.22,One year,Bank Transfer,0,DSL,1
1134,33,F,42,41.65,1778.05,One year,Credit Card,0,Fiber optic,0
1135,48,M,11,31.61,382.47,Month-to-month,Bank Transfer,1,DSL,0
1136,28,M,16,109.29,1773.73,Two year,Bank Transfer,0,Fiber optic,1
1137,71,F,19,83.96,1638.99,Two year,Electronic Check,0,Fiber optic,1
1138,33,F,31,44.35,1382.49,One year,Credit Card,1,Fiber optic,0
1139,25,F,53,58.68,3118.3,Month-to-month,Bank Transfer,0,Fiber optic,1
1140,21,F,8,117.33,974.63,Month-to-month,Electronic Check,0,Fiber optic,1
1141,57,F,24,106.22,2534.22,Month-to-month,Electronic Check,1,Fiber optic,1
1142,21,M,8,21.56,127.49,Month-to-month,Electronic Check,0,Fiber optic,1
1143,73,F,48,117.98,5688.03,Month-to-month,Electronic Check,0,Fiber optic,1
1144,42,F,30,56.85,1680.96,One year,Credit Card,0,Fiber optic,0
1145,20,F,58,89.54,5190.74,One year,Credit Card,0,Fiber optic,1
1146,49,M,55,91.27,4993.89,One year,Electronic Check,0,Fiber optic,1
1147,20,F,62,111.17,6925.25,Month-to-month,Credit Card,0,Fiber optic,1
1148,44,F,48,108.51,5254.31,Month-to-month,Electronic Check,0,Fiber optic,1
1149,46,F,4,48.17,148.18,Month-to-month,Bank Transfer,0,DSL,1
1150,49,M,37,84.35,3094.29,One year,Bank Transfer,1,Fiber optic,1
1151,67,F,8,59.37,443.92,Month-to-month,Electronic Check,1,Fiber optic,1
1152,78,F,1,72.55,89.87,Month-to-month,Bank Transfer,1,DSL,0
1153,75,F,70,75.47,5275.77,Month-to-month,Electronic Check,0,None,1
1154,68,M,47,59.63,2798.24,Month-to-month,Bank Transfer,1,Fiber optic,1
1155,36,M,5,66.39,297.66,Two year,Bank Transfer,0,DSL,0
1156,38,M,50,40.83,2032.97,Month-to-month,Credit Card,0,DSL,1
1157,22,M,24,80.76,1918.56,One year,Electronic Check,0,DSL,1
1158,35,F,47,95.9,4518.42,Month-to-month,Credit Card,1,DSL,1
1159,45,F,18,62.97,1105.18,Month-to-month,Electronic Check,0,DSL,1
1160,59,M,28,117.77,3309.04,Month-to-month,Bank Transfer,1,DSL,1
1161,78,M,5,25.72,116.37,Two year,Electronic Check,0,Fiber optic,0
1162,39,F,30,78.92,2352.23,Month-to-month,Electronic Check,0,None,1
1163,38,F,1,78.36,58.92,Two year,Electronic Check,1,DSL,0
1164,23,M,46,23.63,1104.36,One year,Electronic Check,0,DSL,0
1165,18,M,69,42.46,2935.98,One year,Bank Transfer,0,None,0
1166,22,M,31,110.55,3462.22,Month-to-month,Bank Transfer,1,DSL,1
1167,58,M,70,74.45,5185.66,Two year,Credit Card,0,DSL,0
1168,29,F,56,63.64,3517.85,Month-to-month,Electronic Check,0,DSL,1
1169,43,M,28,61.55,1691.6,Month-to-month,Credit Card,0,DSL,1
1170,63,M,16,108.82,1725.46,Month-to-month,Bank Transfer,1,Fiber optic,1
1171,51,F,54,56.7,3029.77,Month-to-month,Bank Transfer,0,DSL,1
1172,66,F,53,105.92,5572.11,Month-to-month,Electronic Check,0,Fiber optic,1
1173,31,F,12,50.92,605.57,Two year,Electronic Check,0,Fiber optic,0
1174,43,F,20,73.15,1480.69,One year,Credit Card,0,Fiber optic,0
1175,62,F,34,34.38,1194.08,Month-to-month,Bank Transfer,1,Fiber optic,1
1176,44,M,53,102.5,5422.37,Month-to-month,Credit Card,0,DSL,1
1177,26,M,64,93.6,5988.2,One year,Bank Transfer,0,Fiber optic,1
1178,43,M,23,73.01,1704.78,Month-to-month,Bank Transfer,0,None,1
1179,74,F,27,22.59,595.2,Month-to-month,Credit Card,0,DSL,1
1180,64,M,17,68.13,1186.69,Month-to-month,Bank Transfer,0,DSL,1
1181,74,F,48,42.52,2087.7,Month-to-month,Bank Transfer,0,Fiber optic,1
1182,39,M,21,61.34,1326.19,Month-to-month,Credit Card,0,Fiber optic,1
1183,64,M,50,105.64,5277.36,Two year,Bank Transfer,0,DSL,1
1184,73,F,40,96.96,3886.35,Two year,Credit Card,0,Fiber optic,1
1185,47,F,3,44.2,154.24,Month-to-month,Electronic Check,0,DSL,1
1186,60,M,17,118.5,1999.43,Month-to-month,Bank Transfer,1,Fiber optic,1
1187,65,M,61,110.32,6759.44,One year,Credit Card,0,Fiber optic,1
1188,78,M,50,72.87,3637.19,One year,Bank Transfer,0,Fiber optic,0
1189,34,M,6,73.02,472.8,Month-to-month,Bank Transfer,1,DSL,0
1190,43,M,28,110.13,3059.11,Month-to-month,Credit Card,0,Fiber optic,1
1191,53,F,72,83.61,5971.06,Month-to-month,Electronic Check,1,Fiber optic,1
1192,18,F,55,73.67,4065.12,Two year,Credit Card,0,Fiber optic,0
1193,25,F,58,94.91,5499.97,One year,Bank Transfer,1,DSL,0
1194,66,F,45,43.51,1913.93,Month-to-month,Electronic Check,0,None,1
1195,52,M,72,107.84,7763.24,Two year,Electronic Check,0,Fiber optic,1
1196,78,M,19,73.14,1356.52,Two year,Bank Transfer,1,DSL,0
1197,69,F,29,80.35,2343.12,Month-to-month,Credit Card,0,Fiber optic,1
1198,32,M,23,28.99,661.27,One year,Credit Card,0,DSL,0
1199,64,F,32,50.95,1597.51,One year,Bank Transfer,1,DSL,0
1200,73,M,10,62.67,617.89,One year,Credit Card,0,DSL,0
1201,39,M,49,61.39,2981.38,One year,Credit Card,0,DSL,0
1202,31,M,65,97.83,6374.26,Month-to-month,Credit Card,0,DSL,1
1203,43,F,29,48.23,1378.18,Two year,Electronic Check,0,Fiber optic,0
1204,45,F,59,38.21,2286.59,Month-to-month,Electronic Check,0,Fiber optic,1
1205,40,F,45,78.26,3473.12,Month-to-month,Credit Card,1,Fiber optic,1
1206,31,F,67,81.5,5450.84,Month-to-month,Bank Transfer,1,Fiber optic,1
1207,41,M,51,32.16,1651.87,Month-to-month,Bank Transfer,0,Fiber optic,1
1208,19,M,11,20.25,175.01,Month-to-month,Bank Transfer,0,DSL,1
1209,62,M,6,111.76,642.14,Month-to-month,Bank Transfer,1,Fiber optic,1
1210,43,M,67,27.96,1856.06,Two year,Credit Card,0,None,0
1211,31,F,62,109.79,6759.16,Two year,Credit Card,0,Fiber optic,1
1212,76,M,5,59.92,304.27,One year,Bank Transfer,1,Fiber optic,0
1213,73,M,9,85.31,780.88,Two year,Credit Card,0,Fiber optic,1
1214,68,M,28,38.56,1052.43,Month-to-month,Bank Transfer,0,Fiber optic,1
1215,24,F,38,102.39,3895.17,Month-to-month,Bank Transfer,0,DSL,1
1216,20,F,43,38.02,1684.77,Month-to-month,Electronic Check,1,Fiber optic,1
1217,64,F,21,58.65,1270.34,Month-to-month,Bank Transfer,0,Fiber optic,1
1218,40,M,62,43.8,2671.47,Two year,Electronic Check,1,None,0
1219,63,F,46,103.75,4735.29,One year,Bank Transfer,0,DSL,1
1220,60,M,70,105.83,7407.54,Month-to-month,Credit Card,0,Fiber optic,1
1221,64,M,38,57.2,2148.12,Month-to-month,Electronic Check,1,Fiber optic,1
1222,77,M,49,50.74,2444.36,Month-to-month,Credit Card,1,Fiber optic,1
1223,62,F,39,97.36,3772.5,Month-to-month,Bank Transfer,0,DSL,1
1224,35,F,71,107.85,7613.47,Month-to-month,Electronic Check,0,Fiber optic,1
1225,75,M,30,82.4,2474.99,One year,Bank Transfer,0,DSL,1
1226,55,M,21,112.74,2366.57,Two year,Bank Transfer,0,Fiber optic,1
1227,52,F,1,58.3,8.93,Two year,Credit Card,0,Fiber optic,0
1228,68,F,32,35.19,1124.33,Month-to-month,Electronic Check,1,DSL,0
1229,32,F,8,37.96,305.66,Month-to-month,Credit Card,1,Fiber optic,1
1230,42,M,69,86.98,6012.19,Two year,Credit Card,0,Fiber optic,1
1231,72,M,30,60.75,1869.51,One year,Electronic Check,0,DSL,0
1232,54,M,8,35.63,333.31,Month-to-month,Credit Card,0,DSL,1
1233,45,F,19,49.22,937.87,One year,Bank Transfer,1,DSL,0
1234,27,F,59,73.06,4345.06,Month-to-month,Electronic Check,1,Fiber optic,1
1235,56,F,55,32.14,1726.22,Month-to-month,Electronic Check,1,Fiber optic,1
1236,74,M,30,20.34,613.32,Two year,Electronic Check,0,None,0
1237,34,M,36,111.73,4040.17,Month-to-month,Electronic Check,0,DSL,1
1238,56,F,55,50.49,2783.42,One year,Electronic Check,0,Fiber optic,0
1239,39,M,44,42.15,1827.67,Month-to-month,Electronic Check,0,DSL,1
1240,43,F,27,89.85,2382.22,Month-to-month,Bank Transfer,0,DSL,1
1241,79,M,54,105.34,5677.03,Month-to-month,Electronic Check,1,DSL,1
1242,61,F,48,83.23,4009.8,Month-to-month,Credit Card,0,Fiber optic,1
1243,42,M,30,45.45,1412.67,Month-to-month,Credit Card,1,Fiber optic,1
1244,34,M,39,106.16,4113.89,Month-to-month,Credit Card,0,Fiber optic,1
1245,30,F,13,71.04,965.3,Month-to-month,Electronic Check,0,DSL,1
1246,37,F,16,58.12,886.75,Two year,Credit Card,0,Fiber optic,0
1247,42,F,44,80.47,3583.78,One year,Bank Transfer,0,Fiber optic,1
1248,21,F,71,90.06,6427.5,Month-to-month,Credit Card,1,DSL,1
1249,27,F,27,79.38,2095.35,One year,Electronic Check,0,Fiber optic,0
1250,20,M,45,112.02,5020.72,Month-to-month,Bank Transfer,0,DSL,1
1251,58,F,35,82.8,2853.1,One year,Bank Transfer,1,DSL,0
1252,62,F,28,107.86,3069.63,Month-to-month,Bank Transfer,0,Fiber optic,1
1253,35,F,7,78.7,543.68,Month-to-month,Credit Card,0,DSL,1
1254,64,M,62,52.97,3300.36,Two year,Credit Card,0,Fiber optic,0
1255,53,F,51,73.23,3708.15,Month-to-month,Electronic Check,0,DSL,1
1256,64,F,46,28.63,1360.35,Month-to-month,Bank Transfer,0,DSL,1
1257,39,F,20,43.02,837.82,Month-to-month,Electronic Check,0,Fiber optic,1
1258,51,M,38,96.62,3647.58,Month-to-month,Electronic Check,1,Fiber optic,1
1259,64,M,61,86.15,5236.61,One year,Electronic Check,0,Fiber optic,1
1260,25,F,32,36.65,1169.05,Two year,Bank Transfer,0,Fiber optic,0
1261,57,M,26,63.8,1610.65,One year,Bank Transfer,0,Fiber optic,0
1262,66,F,58,34.2,1993.38,One year,Electronic Check,1,Fiber optic,0
1263,61,M,39,105.58,4070.79,One year,Bank Transfer,1,None,0
1264,36,F,20,30.92,622.32,Month-to-month,Credit Card,0,DSL,1
1265,59,M,50,85.42,4266.79,Month-to-month,Bank Transfer,1,Fiber optic,1
1266,58,F,52,80.7,4170.65,Month-to-month,Credit Card,0,Fiber optic,1
1267,54,F,22,67.28,1463.14,Month-to-month,Bank Transfer,1,Fiber optic,1
1268,23,M,53,47.82,2555.03,One year,Electronic Check,1,Fiber optic,0
1269,69,F,66,60.4,3937.36,Month-to-month,Electronic Check,0,DSL,1
1270,43,F,43,100.64,4309.18,Month-to-month,Credit Card,0,Fiber optic,1
1271,51,F,23,96.16,2229.71,Month-to-month,Credit Card,1,Fiber optic,1
1272,76,F,64,93.88,5973.55,Month-to-month,Bank Transfer,1,Fiber optic,1
1273,73,M,9,94.98,860.86,One year,Credit Card,0,DSL,1
1274,76,F,7,34.39,207.62,Two year,Electronic Check,1,Fiber optic,0
1275,62,M,41,29.91,1191.79,Month-to-month,Bank Transfer,1,Fiber optic,1
1276,23,M,54,106.15,5759.33,One year,Credit Card,1,None,0
1277,54,M,65,103.72,6718.45,Month-to-month,Electronic Check,1,DSL,1
1278,74,M,2,88.13,163.84,Month-to-month,Electronic Check,0,Fiber optic,1
1279,50,F,4,80.59,345.36,Month-to-month,Bank Transfer,1,Fiber optic,1
1280,70,F,32,56.69,1782.03,Month-to-month,Bank Transfer,0,Fiber optic,1
1281,39,M,2,42.41,87.99,Month-to-month,Bank Transfer,0,Fiber optic,1
1282,38,F,64,86.77,5595.06,Month-to-month,Bank Transfer,0,Fiber optic,1
1283,23,M,14,111.3,1563.58,Month-to-month,Credit Card,1,None,1
1284,23,F,20,63.7,1228.88,Month-to-month,Bank Transfer,0,Fiber optic,1
1285,72,F,49,50.32,2474.65,One year,Credit Card,0,Fiber optic,0
1286,65,F,8,47.07,335.58,One year,Electronic Check,1,Fiber optic,0
1287,21,M,63,22.37,1387.52,One year,Bank Transfer,0,DSL,0
1288,47,M,46,72.03,3348.35,Month-to-month,Bank Transfer,1,Fiber optic,1
1289,28,F,21,118.82,2446.33,One year,Bank Transfer,1,Fiber optic,0
1290,79,M,32,101.52,3206.34,Month-to-month,Bank Transfer,1,Fiber optic,1
1291,79,M,8,109.75,864.34,Month-to-month,Bank Transfer,1,Fiber optic,1
1292,47,F,16,82.12,1363.86,One year,Bank Transfer,0,Fiber optic,1
1293,48,M,40,68.14,2704.79,One year,Bank Transfer,0,Fiber optic,0
1294,41,F,27,119.05,3180.08,Two year,Credit Card,0,DSL,1
1295,72,F,18,64.72,1169.9,Two year,Bank Transfer,0,Fiber optic,0
1296,26,F,35,111.68,3910.73,One year,Bank Transfer,1,Fiber optic,1
1297,72,M,52,96.18,4996.32,Two year,Bank Transfer,0,DSL,1
1298,20,F,15,53.1,841.17,One year,Credit Card,1,Fiber optic,0
1299,68,F,63,70.31,4407.54,Month-to-month,Bank Transfer,0,Fiber optic,1
1300,48,M,53,58.43,3076.12,Month-to-month,Bank Transfer,1,Fiber optic,1
1301,57,M,66,33.62,2182.95,One year,Electronic Check,0,Fiber optic,0
1302,54,M,31,55.68,1745.81,Month-to-month,Bank Transfer,1,Fiber optic,1
1303,53,M,61,108.9,6625.04,Month-to-month,Electronic Check,0,Fiber optic,1
1304,41,F,64,95.26,6126.91,Month-to-month,Electronic Check,0,Fiber optic,1
1305,48,M,34,47.76,1671.02,Month-to-month,Bank Transfer,0,Fiber optic,1
1306,23,M,55,56.79,3077.82,Month-to-month,Bank Transfer,0,Fiber optic,1
1307,19,M,59,81.64,4866.07,One year,Bank Transfer,1,Fiber optic,1
1308,37,M,3,61.61,160.24,One year,Electronic Check,1,Fiber optic,0
1309,45,F,17,70.3,1187.11,Month-to-month,Credit Card,0,Fiber optic,1
1310,28,M,46,89.82,4159.49,Month-to-month,Credit Card,1,Fiber optic,1
1311,21,F,38,66.73,2552.27,Month-to-month,Bank Transfer,1,Fiber optic,1
1312,32,M,35,39.1,1396.34,Two year,Bank Transfer,0,Fiber optic,0
1313,23,F,1,72.06,68.69,Month-to-month,Electronic Check,0,Fiber optic,1
1314,71,F,29,55.61,1654.3,Month-to-month,Electronic Check,0,Fiber optic,1
1315,66,M,4,49.07,225.27,Month-to-month,Credit Card,0,DSL,1
1316,47,F,61,52.81,3202.33,Month-to-month,Electronic Check,1,Fiber optic,1
1317,73,M,17,63.9,1131.15,Month-to-month,Credit Card,0,Fiber optic,1
1318,55,F,28,108.66,3088.59,Month-to-month,Bank Transfer,1,Fiber optic,1
1319,68,F,50,93.41,4662.01,Month-to-month,Credit Card,0,Fiber optic,1
1320,79,F,8,86.79,709.52,Month-to-month,Credit Card,1,Fiber optic,1
1321,74,M,34,67.13,2313.9,Two year,Bank Transfer,0,Fiber optic,0
1322,19,F,59,20.18,1222.35,Month-to-month,Credit Card,0,Fiber optic,1
1323,32,M,18,54.06,924.49,Month-to-month,Electronic Check,1,DSL,0
1324,28,F,59,101.32,5990.78,Month-to-month,Electronic Check,0,DSL,1
1325,25,F,27,58.82,1635.51,Month-to-month,Bank Transfer,0,Fiber optic,1
1326,43,F,16,76.38,1195.21,Month-to-month,Bank Transfer,0,DSL,1
1327,68,F,10,40.47,434.26,One year,Electronic Check,0,Fiber optic,0
1328,62,F,22,111.59,2458.4,Two year,Electronic Check,1,None,0
1329,61,F,16,112.32,1769.27,One year,Electronic Check,0,DSL,1
1330,22,M,12,34.61,370.42,Two year,Electronic Check,1,Fiber optic,0
1331,23,M,51,92.42,4739.41,Two year,Credit Card,0,DSL,1
1332,43,M,1,27.52,9.17,Month-to-month,Electronic Check,0,DSL,1
1333,71,F,27,79.85,2143.51,Two year,Bank Transfer,0,Fiber optic,0
1334,21,M,67,37.87,2535.81,Month-to-month,Bank Transfer,1,DSL,0
1335,36,F,12,34.57,415.56,Month-to-month,Electronic Check,1,Fiber optic,1
1336,37,M,30,20.41,582.92,One year,Credit Card,0,Fiber optic,0
1337,50,M,9,114.09,1043.87,Month-to-month,Electronic Check,0,Fiber optic,1
1338,37,F,53,102.93,5474.54,Month-to-month,Electronic Check,0,DSL,1
1339,66,F,61,27.75,1656.98,Month-to-month,Bank Transfer,0,Fiber optic,1
1340,29,M,54,79.94,4320.05,One year,Bank Transfer,0,Fiber optic,0
1341,64,M,37,43.29,1612.66,Month-to-month,Credit Card,1,DSL,0
1342,18,M,65,46.4,2984.63,Month-to-month,Credit Card,0,DSL,1
1343,43,M,42,107.42,4551.09,Month-to-month,Credit Card,0,None,1
1344,31,F,49,31.43,1538.35,Month-to-month,Bank Transfer,0,Fiber optic,1
1345,55,M,4,80.15,282.1,Month-to-month,Credit Card,0,Fiber optic,1
1346,54,F,64,60.13,3831.76,Month-to-month,Electronic Check,1,Fiber optic,1
1347,79,F,51,39.08,1990.78,Two year,Electronic Check,0,Fiber optic,0
1348,28,M,72,65.19,4644.69,Month-to-month,Bank Transfer,0,Fiber optic,1
1349,53,F,60,114.05,6796.19,Two year,Electronic Check,0,Fiber optic,1
1350,30,M,31,98.16,2998.51,Month-to-month,Credit Card,1,DSL,1
1351,60,F,72,33.21,2394.93,Month-to-month,Electronic Check,1,DSL,0
1352,20,F,58,104.94,6070.13,One year,Credit Card,0,Fiber optic,1
1353,50,M,4,113.74,494.27,Two year,Credit Card,1,Fiber optic,0
1354,23,F,22,47.7,1055.32,Month-to-month,Credit Card,0,Fiber optic,1
1355,67,F,3,53.34,186.01,One year,Electronic Check,0,DSL,0
1356,73,M,47,32.63,1552.32,Month-to-month,Bank Transfer,0,Fiber optic,1
1357,27,F,38,54.49,2072.65,Month-to-month,Credit Card,1,Fiber optic,1
1358,22,F,33,87.31,2905.7,One year,Electronic Check,1,Fiber optic,1
1359,40,M,48,47.22,2271.03,Month-to-month,Bank Transfer,0,DSL,1
1360,27,M,65,20.68,1332.75,One year,Electronic Check,0,Fiber optic,0
1361,61,F,26,53.85,1393.68,Month-to-month,Bank Transfer,0,Fiber optic,1
1362,19,F,8,65.32,556.41,One year,Electronic Check,1,Fiber optic,0
1363,30,F,50,76.64,3838.33,One year,Credit Card,1,Fiber optic,0
1364,57,M,38,88.38,3346.17,One year,Electronic Check,1,Fiber optic,1
1365,19,F,10,26.18,229.77,Month-to-month,Bank Transfer,0,Fiber optic,1
1366,37,F,42,66.98,2812.7,Month-to-month,Credit Card,0,Fiber optic,1
1367,18,F,37,46.64,1700.92,Two year,Credit Card,0,Fiber optic,0
1368,54,F,26,114.8,3030.36,Two year,Electronic Check,0,Fiber optic,1
1369,26,F,12,55.99,670.98,Month-to-month,Credit Card,0,Fiber optic,1
1370,34,F,49,30.01,1421.38,Month-to-month,Bank Transfer,0,Fiber optic,1
1371,26,M,14,24.15,297.39,One year,Credit Card,1,Fiber optic,0
1372,28,M,46,46.54,2119.27,Month-to-month,Bank Transfer,0,None,1
1373,32,F,35,37.89,1285.37,Month-to-month,Bank Transfer,1,Fiber optic,1
1374,41,F,29,84.98,2503.82,One year,Bank Transfer,1,Fiber optic,1
1375,55,M,12,104.7,1291.84,Month-to-month,Credit Card,1,DSL,1
1376,72,M,44,51.26,2302.53,Two year,Credit Card,0,Fiber optic,0
1377,52,M,66,77.78,5154.13,Month-to-month,Electronic Check,0,Fiber optic,1
1378,47,F,2,93.03,200.61,Month-to-month,Bank Transfer,0,Fiber optic,1
1379,48,F,59,59.85,3573.5,One year,Bank Transfer,0,Fiber optic,0
1380,66,F,17,26.63,497.35,Month-to-month,Electronic Check,0,Fiber optic,1
1381,22,F,10,42.92,466.95,Month-to-month,Electronic Check,1,None,0
1382,79,M,18,108.31,1985.73,One year,Bank Transfer,0,None,1
1383,77,M,22,102.45,2271.07,Month-to-month,Bank Transfer,0,DSL,1
1384,61,M,58,28.65,1611.86,Month-to-month,Electronic Check,1,Fiber optic,1
1385,67,M,53,42.39,2239.62,Month-to-month,Credit Card,0,Fiber optic,1
1386,31,F,1,96.92,110.49,Month-to-month,Electronic Check,1,None,1
1387,70,F,61,68.59,4188.7,Month-to-month,Bank Transfer,0,DSL,1
1388,73,M,31,96.0,3008.11,One year,Bank Transfer,0,Fiber optic,1
1389,28,M,31,41.11,1306.3,Month-to-month,Credit Card,1,Fiber optic,1
1390,26,M,66,115.27,7617.69,One year,Bank Transfer,0,Fiber optic,1
1391,51,M,19,98.36,1821.04,One year,Bank Transfer,1,DSL,0
1392,29,M,53,39.75,2093.68,One year,Electronic Check,0,Fiber optic,0
1393,52,F,22,75.84,1641.36,One year,Credit Card,0,DSL,0
1394,52,F,23,31.31,704.01,Month-to-month,Electronic Check,1,Fiber optic,1
1395,18,M,15,56.14,853.83,Two year,Credit Card,1,Fiber optic,0
1396,57,M,26,85.96,2191.61,Month-to-month,Bank Transfer,0,Fiber optic,1
1397,39,M,3,53.01,111.25,Month-to-month,Electronic Check,0,Fiber optic,1
1398,77,F,20,85.68,1707.29,Month-to-month,Electronic Check,0,Fiber optic,1
1399,46,F,40,44.48,1808.56,One year,Electronic Check,0,DSL,0
1400,25,F,39,92.12,3545.75,One year,Credit Card,1,DSL,0
1401,28,M,72,55.96,4064.02,One year,Bank Transfer,1,DSL,0
1402,58,F,18,99.05,1771.29,Month-to-month,Bank Transfer,1,Fiber optic,1
1403,54,M,41,33.67,1342.29,Month-to-month,Credit Card,1,DSL,0
1404,31,F,70,56.2,3940.75,One year,Electronic Check,0,DSL,0
1405,77,F,27,66.39,1837.77,Two year,Bank Transfer,0,DSL,0
1406,47,F,15,62.38,939.95,Month-to-month,Bank Transfer,0,Fiber optic,1
1407,52,M,37,63.31,2361.13,Two year,Electronic Check,1,Fiber optic,0
1408,38,M,58,64.48,3771.48,Month-to-month,Credit Card,1,Fiber optic,1
1409,54,F,5,118.88,624.33,One year,Bank Transfer,0,Fiber optic,1
1410,22,M,7,39.32,232.55,Month-to-month,Electronic Check,1,Fiber optic,1
1411,36,M,41,96.87,3995.77,One year,Electronic Check,1,Fiber optic,0
1412,76,M,10,75.18,796.74,Two year,Electronic Check,0,Fiber optic,0
1413,31,M,62,61.36,3824.39,Month-to-month,Credit Card,0,Fiber optic,1
1414,43,M,26,83.35,2200.74,Month-to-month,Bank Transfer,0,Fiber optic,1
1415,79,M,68,105.35,7162.35,Two year,Credit Card,0,Fiber optic,1
1416,21,M,24,66.66,1581.75,Month-to-month,Credit Card,0,Fiber optic,1
1417,42,F,41,106.48,4383.3,Month-to-month,Electronic Check,0,Fiber optic,1
1418,62,M,65,29.38,1908.92,Month-to-month,Electronic Check,1,Fiber optic,1
1419,59,M,17,85.31,1489.8,One year,Electronic Check,0,Fiber optic,1
1420,42,F,24,53.32,1327.12,Month-to-month,Credit Card,1,Fiber optic,1
1421,35,F,27,58.67,1616.07,Month-to-month,Bank Transfer,0,DSL,1
1422,57,F,7,77.1,588.97,Month-to-month,Electronic Check,0,Fiber optic,1
1423,25,F,12,67.99,800.72,Month-to-month,Bank Transfer,0,Fiber optic,1
1424,56,M,3,58.18,214.12,One year,Bank Transfer,0,Fiber optic,0
1425,57,F,10,50.83,491.29,Month-to-month,Bank Transfer,0,Fiber optic,1
1426,31,F,33,81.83,2662.19,Two year,Electronic Check,0,DSL,1
1427,49,M,46,70.56,3257.9,Month-to-month,Bank Transfer,1,Fiber optic,1
1428,68,M,59,52.33,3082.97,Month-to-month,Credit Card,1,Fiber optic,1
1429,78,M,52,40.5,2148.17,One year,Credit Card,0,Fiber optic,0
1430,55,F,6,97.45,583.92,Month-to-month,Credit Card,0,Fiber optic,1
1431,50,M,2,99.97,242.7,One year,Electronic Check,1,Fiber optic,1
1432,40,F,29,41.38,1157.88,Two year,Credit Card,1,None,0
1433,32,M,40,46.16,1879.45,Month-to-month,Bank Transfer,0,Fiber optic,1
1434,50,M,61,43.91,2704.42,Month-to-month,Electronic Check,0,DSL,1
1435,42,F,68,108.46,7397.28,One year,Electronic Check,0,Fiber optic,1
1436,34,M,68,97.41,6609.39,One year,Bank Transfer,1,DSL,0
1437,50,M,29,27.46,824.72,One year,Credit Card,0,DSL,0
1438,64,M,62,103.27,6401.07,Two year,Bank Transfer,0,Fiber optic,1
1439,72,M,60,23.69,1442.92,Month-to-month,Bank Transfer,0,Fiber optic,1
1440,19,M,41,45.32,1863.34,Month-to-month,Electronic Check,0,None,1
1441,31,F,65,111.9,7239.24,Month-to-month,Credit Card,0,DSL,1
1442,70,F,64,106.43,6767.98,Month-to-month,Credit Card,0,DSL,1
1443,57,M,63,98.14,6169.44,One year,Credit Card,0,None,1
1444,57,F,48,65.75,3199.28,Month-to-month,Bank Transfer,0,DSL,1
1445,68,F,20,52.14,1045.77,Month-to-month,Electronic Check,0,DSL,1
1446,56,F,37,108.15,4031.77,Two year,Electronic Check,0,Fiber optic,1
1447,68,M,64,85.71,5493.04,Month-to-month,Electronic Check,0,DSL,1
1448,23,M,5,49.55,293.54,Month-to-month,Credit Card,1,DSL,0
1449,23,M,34,66.32,2241.83,Month-to-month,Credit Card,0,Fiber optic,1
1450,20,F,39,108.15,4173.56,Month-to-month,Electronic Check,0,DSL,1
1451,24,F,67,110.35,7421.52,Month-to-month,Bank Transfer,0,Fiber optic,1
1452,68,M,62,85.93,5348.21,Two year,Electronic Check,1,Fiber optic,1
1453,25,M,24,93.26,2240.99,Two year,Bank Transfer,0,DSL,1
1454,59,F,3,23.93,54.43,Month-to-month,Electronic Check,0,Fiber optic,1
1455,69,F,71,80.46,5681.49,Month-to-month,Bank Transfer,0,Fiber optic,1
1456,32,M,67,88.9,5954.53,One year,Electronic Check,0,DSL,1
1457,64,F,50,22.04,1118.62,Month-to-month,Credit Card,0,DSL,1
1458,46,F,29,104.39,3035.2,Month-to-month,Credit Card,1,Fiber optic,1
1459,50,F,32,112.83,3604.31,Two year,Credit Card,1,Fiber optic,0
1460,69,F,39,43.79,1711.78,One year,Credit Card,0,DSL,0
1461,47,F,9,104.58,902.02,Month-to-month,Electronic Check,0,Fiber optic,1
1462,56,F,14,86.55,1231.28,Month-to-month,Credit Card,0,Fiber optic,1
1463,44,F,68,78.07,5332.19,One year,Bank Transfer,0,Fiber optic,0
1464,53,M,64,104.31,6626.99,Month-to-month,Bank Transfer,0,Fiber optic,1
1465,46,M,20,48.56,948.25,Month-to-month,Credit Card,0,DSL,1
1466,55,F,28,99.09,2733.73,Month-to-month,Credit Card,0,Fiber optic,1
1467,74,F,14,51.45,770.12,Month-to-month,Credit Card,0,DSL,1
1468,50,F,44,98.75,4354.33,Two year,Electronic Check,0,DSL,1
1469,78,M,39,65.11,2535.86,Month-to-month,Bank Transfer,1,DSL,0
1470,54,M,28,31.69,883.62,One year,Bank Transfer,0,DSL,0
1471,44,F,64,58.15,3768.08,Two year,Bank Transfer,0,DSL,0
1472,72,M,32,43.35,1403.19,Month-to-month,Electronic Check,0,Fiber optic,1
1473,50,F,9,30.05,237.32,Month-to-month,Electronic Check,0,Fiber optic,1
1474,79,F,28,31.03,863.66,Two year,Bank Transfer,0,Fiber optic,0
1475,21,F,17,98.01,1693.59,One year,Bank Transfer,0,Fiber optic,1
1476,39,F,55,108.14,5940.04,One year,Bank Transfer,1,Fiber optic,0
1477,19,F,10,112.71,1108.05,One year,Credit Card,1,Fiber optic,1
1478,27,F,6,105.39,681.46,Month-to-month,Electronic Check,0,Fiber optic,1
1479,22,F,48,103.02,4988.52,One year,Bank Transfer,1,DSL,0
1480,76,M,67,26.88,1845.12,One year,Credit Card,0,Fiber optic,0
1481,27,F,41,99.01,4022.58,Month-to-month,Bank Transfer,0,DSL,1
1482,50,M,60,98.33,5873.23,Month-to-month,Bank Transfer,0,Fiber optic,1
1483,71,F,42,33.13,1385.67,Month-to-month,Electronic Check,1,None,0
1484,55,F,71,86.2,6153.41,Month-to-month,Bank Transfer,1,DSL,1
1485,30,M,28,65.25,1850.68,Two year,Electronic Check,1,DSL,0
1486,48,M,13,110.0,1464.97,One year,Electronic Check,1,Fiber optic,1
1487,64,F,15,89.54,1385.18,Month-to-month,Bank Transfer,0,Fiber optic,1
1488,53,M,36,115.1,4171.68,One year,Credit Card,1,Fiber optic,1
1489,62,F,15,30.49,433.53,Month-to-month,Bank Transfer,0,DSL,1
1490,41,F,56,24.06,1325.9,Two year,Bank Transfer,1,DSL,0
1491,69,M,4,117.36,454.69,One year,Bank Transfer,1,Fiber optic,1
1492,73,M,52,28.02,1437.35,One year,Credit Card,1,DSL,0
1493,32,M,10,58.62,561.11,Month-to-month,Electronic Check,0,None,1
1494,46,M,45,85.0,3850.25,Month-to-month,Credit Card,0,Fiber optic,1
1495,25,F,29,108.01,3085.69,Month-to-month,Credit Card,0,Fiber optic,1
1496,22,M,53,45.46,2432.22,Month-to-month,Bank Transfer,0,None,1
1497,46,M,29,22.91,696.75,One year,Bank Transfer,1,Fiber optic,0
1498,64,M,23,72.13,1615.59,Month-to-month,Credit Card,0,Fiber optic,1
1499,21,M,57,67.11,3781.45,Month-to-month,Electronic Check,1,DSL,0
1500,29,M,50,50.69,2513.05,One year,Electronic Check,1,DSL,0
1501,62,F,21,107.39,2226.02,Month-to-month,Bank Transfer,0,Fiber optic,1
1502,19,F,43,94.93,4090.1,Month-to-month,Electronic Check,0,Fiber optic,1
1503,44,M,10,105.81,1075.65,Two year,Electronic Check,0,Fiber optic,1
1504,48,M,30,36.18,1098.81,Month-to-month,Electronic Check,0,DSL,1
1505,68,F,51,89.24,4536.97,Month-to-month,Credit Card,1,Fiber optic,1
1506,68,M,33,117.51,3877.67,One year,Credit Card,1,Fiber optic,1
1507,53,F,18,81.19,1475.42,One year,Bank Transfer,0,DSL,1
1508,53,F,22,37.14,779.02,One year,Electronic Check,0,DSL,0
1509,43,M,64,119.58,7626.07,One year,Bank Transfer,1,Fiber optic,1
1510,60,F,21,72.83,1568.48,Two year,Credit Card,1,Fiber optic,0
1511,44,M,1,104.01,88.24,Month-to-month,Bank Transfer,1,Fiber optic,1
1512,22,M,15,34.94,554.22,Month-to-month,Credit Card,0,Fiber optic,1
1513,37,F,36,86.61,3093.06,One year,Credit Card,1,DSL,0
1514,28,F,47,111.26,5183.38,One year,Bank Transfer,1,Fiber optic,1
1515,79,M,54,73.2,3952.84,Month-to-month,Electronic Check,0,Fiber optic,1
1516,27,F,32,48.87,1603.09,Month-to-month,Bank Transfer,0,DSL,1
1517,57,M,58,32.74,1930.85,One year,Electronic Check,0,None,0
1518,55,F,46,49.59,2256.43,Month-to-month,Bank Transfer,1,DSL,0
1519,23,F,54,55.49,3037.45,Two year,Bank Transfer,0,Fiber optic,0
1520,25,M,33,91.0,3000.97,Month-to-month,Bank Transfer,0,Fiber optic,1
1521,40,M,39,37.86,1431.44,Two year,Credit Card,0,Fiber optic,0
1522,64,M,23,30.61,656.82,One year,Bank Transfer,0,Fiber optic,0
1523,43,F,43,58.69,2522.18,One year,Credit Card,0,Fiber optic,0
1524,63,M,55,65.87,3627.48,Month-to-month,Credit Card,0,Fiber optic,1
1525,60,M,2,82.84,123.67,Month-to-month,Credit Card,1,Fiber optic,1
1526,29,F,66,90.75,6031.72,Two year,Bank Transfer,1,Fiber optic,0
1527,43,F,38,108.93,4161.16,Month-to-month,Bank Transfer,0,DSL,1
1528,30,M,29,48.9,1448.23,Month-to-month,Bank Transfer,0,None,1
1529,57,M,67,72.86,4890.02,Month-to-month,Bank Transfer,1,Fiber optic,1
1530,79,M,71,56.6,4034.95,Month-to-month,Credit Card,0,DSL,1
1531,35,M,36,20.14,713.83,Month-to-month,Electronic Check,0,DSL,1
1532,42,F,29,77.94,2278.19,Month-to-month,Electronic Check,0,Fiber optic,1
1533,50,F,37,101.58,3806.28,Month-to-month,Credit Card,1,Fiber optic,1
1534,64,M,45,23.64,1078.57,One year,Credit Card,1,DSL,0
1535,57,M,16,20.35,309.76,Two year,Electronic Check,0,DSL,0
1536,77,M,31,92.78,2854.7,Month-to-month,Electronic Check,0,DSL,1
1537,60,F,34,88.39,3051.59,Month-to-month,Electronic Check,1,Fiber optic,1
1538,29,M,50,60.59,2998.0,Month-to-month,Electronic Check,0,Fiber optic,1
1539,61,M,65,86.16,5631.02,One year,Electronic Check,0,Fiber optic,1
1540,53,F,62,115.34,7147.61,Month-to-month,Bank Transfer,0,Fiber optic,1
1541,65,F,43,44.79,1920.35,Month-to-month,Electronic Check,0,DSL,1
1542,21,M,56,44.59,2521.79,Month-to-month,Bank Transfer,0,Fiber optic,1
1543,22,M,15,38.62,544.1,Month-to-month,Bank Transfer,1,Fiber optic,1
1544,73,F,48,92.4,4431.83,Month-to-month,Credit Card,1,DSL,1
1545,54,M,49,55.32,2664.26,Two year,Credit Card,0,Fiber optic,0
1546,25,M,44,118.87,5247.32,Month-to-month,Electronic Check,1,Fiber optic,1
1547,59,F,10,91.46,870.44,Two year,Credit Card,1,Fiber optic,0
1548,66,F,20,56.74,1093.53,Two year,Electronic Check,0,Fiber optic,0
1549,45,F,70,34.92,2478.88,Month-to-month,Credit Card,0,Fiber optic,1
1550,48,M,8,79.2,627.9,Two year,Credit Card,0,DSL,0
1551,75,F,45,49.49,2197.15,Month-to-month,Electronic Check,0,Fiber optic,1
1552,26,F,34,110.55,3767.96,Month-to-month,Credit Card,0,Fiber optic,1
1553,71,M,51,64.14,3273.07,Month-to-month,Electronic Check,0,DSL,1
1554,68,M,4,49.26,188.13,Month-to-month,Credit Card,0,None,1
1555,46,F,39,78.86,3116.08,Month-to-month,Electronic Check,0,Fiber optic,1
1556,31,F,24,33.7,833.75,Month-to-month,Bank Transfer,0,Fiber optic,1
1557,57,M,55,76.15,4153.41,Month-to-month,Electronic Check,0,Fiber optic,1
1558,58,M,26,25.61,672.94,Month-to-month,Credit Card,1,Fiber optic,1
1559,39,F,25,80.69,1976.12,Month-to-month,Bank Transfer,1,DSL,1
1560,28,F,36,73.02,2603.19,Month-to-month,Bank Transfer,0,DSL,1
1561,40,M,71,72.08,5158.67,One year,Electronic Check,0,Fiber optic,0
1562,18,F,58,88.42,5124.57,One year,Electronic Check,0,DSL,1
1563,63,M,12,24.45,332.61,One year,Bank Transfer,1,Fiber optic,0
1564,54,F,1,65.97,32.57,Two year,Electronic Check,1,Fiber optic,0
1565,38,M,50,64.4,3190.53,Month-to-month,Electronic Check,0,Fiber optic,1
1566,43,M,25,65.98,1634.78,One year,Electronic Check,0,Fiber optic,0
1567,63,F,5,117.99,576.58,Month-to-month,Credit Card,1,None,1
1568,53,F,68,33.93,2331.77,Month-to-month,Credit Card,1,Fiber optic,1
1569,71,M,6,89.04,544.18,Month-to-month,Bank Transfer,1,Fiber optic,1
1570,40,F,26,60.2,1570.52,Month-to-month,Bank Transfer,0,Fiber optic,1
1571,74,F,55,71.17,3924.59,One year,Bank Transfer,0,Fiber optic,0
1572,18,F,39,96.24,3776.58,One year,Electronic Check,0,DSL,1
1573,71,M,9,35.74,360.94,One year,Electronic Check,0,Fiber optic,0
1574,72,F,45,96.36,4327.67,Month-to-month,Electronic Check,0,DSL,1
1575,68,F,14,27.03,408.71,Month-to-month,Bank Transfer,1,Fiber optic,1
1576,57,M,55,68.33,3757.66,Month-to-month,Bank Transfer,0,DSL,1
1577,32,F,9,94.21,870.1,Month-to-month,Credit Card,0,None,1
1578,38,F,15,39.26,626.38,Month-to-month,Electronic Check,1,Fiber optic,1
1579,64,M,37,97.09,3545.55,Two year,Electronic Check,0,Fiber optic,1
1580,26,M,50,36.68,1838.66,Two year,Credit Card,1,DSL,0
1581,70,F,72,99.92,7243.18,One year,Bank Transfer,0,None,1
1582,26,F,21,66.89,1404.31,Month-to-month,Bank Transfer,0,DSL,1
1583,27,M,57,88.46,5078.65,Month-to-month,Bank Transfer,0,None,1
1584,69,M,19,111.74,2091.65,Month-to-month,Electronic Check,0,Fiber optic,1
1585,74,F,58,60.84,3539.15,Month-to-month,Credit Card,0,Fiber optic,1
1586,70,F,6,43.3,296.83,Month-to-month,Credit Card,0,Fiber optic,1
1587,43,F,4,106.72,420.03,Month-to-month,Bank Transfer,1,DSL,1
1588,58,M,43,36.16,1553.55,One year,Electronic Check,0,Fiber optic,0
1589,52,F,42,83.15,3450.5,Two year,Credit Card,0,DSL,1
1590,69,M,3,112.33,291.21,Month-to-month,Electronic Check,1,DSL,1
1591,42,M,1,87.44,84.31,Two year,Bank Transfer,0,Fiber optic,1
1592,43,M,55,39.57,2210.7,Two year,Bank Transfer,0,None,0
1593,28,F,15,35.23,571.58,Month-to-month,Credit Card,0,None,1
1594,55,F,47,45.23,2141.68,One year,Bank Transfer,1,Fiber optic,0
1595,19,F,46,59.14,2753.08,Month-to-month,Credit Card,0,None,1
1596,24,M,58,35.92,2106.85,Month-to-month,Bank Transfer,0,None,1
1597,35,F,71,99.78,7104.53,Month-to-month,Credit Card,1,DSL,1
1598,44,M,39,55.7,2199.2,Month-to-month,Bank Transfer,0,DSL,1
1599,51,M,3,113.61,341.36,Two year,Bank Transfer,0,DSL,1
1600,44,M,30,104.25,3123.29,Two year,Electronic Check,0,DSL,1
1601,34,M,35,110.88,3846.71,Month-to-month,Electronic Check,0,Fiber optic,1
1602,60,M,57,49.45,2853.03,Month-to-month,Bank Transfer,0,None,1
1603,76,M,29,77.37,2198.19,Month-to-month,Credit Card,1,Fiber optic,1
1604,61,F,50,52.14,2583.74,Month-to-month,Bank Transfer,0,DSL,1
1605,76,M,62,45.69,2834.77,Month-to-month,Electronic Check,0,Fiber optic,1
1606,68,F,52,80.71,4244.08,One year,Credit Card,0,Fiber optic,1
1607,71,M,14,101.8,1453.8,Month-to-month,Bank Transfer,0,None,1
1608,41,F,35,29.36,1014.47,Month-to-month,Bank Transfer,0,Fiber optic,1
1609,42,F,28,47.58,1353.63,One year,Electronic Check,0,Fiber optic,0
1610,24,F,58,40.51,2392.72,One year,Credit Card,0,Fiber optic,0
1611,69,F,30,99.84,2999.09,Two year,Credit Card,1,DSL,0
1612,23,M,7,113.34,789.57,One year,Credit Card,1,Fiber optic,0
1613,70,M,39,27.99,1096.91,Month-to-month,Bank Transfer,0,Fiber optic,1
1614,41,M,69,57.92,3977.63,Month-to-month,Electronic Check,1,None,0
1615,50,M,35,111.45,3941.48,Two year,Bank Transfer,1,None,0
1616,66,F,52,54.46,2861.65,Month-to-month,Electronic Check,0,Fiber optic,1
1617,46,F,14,91.27,1298.33,Two year,Electronic Check,1,Fiber optic,1
1618,60,F,63,30.07,1903.32,Month-to-month,Credit Card,0,DSL,1
1619,39,M,36,64.44,2366.79,One year,Bank Transfer,1,DSL,0
1620,43,F,24,70.33,1667.69,Month-to-month,Credit Card,1,Fiber optic,1
1621,45,M,40,95.77,3809.11,One year,Electronic Check,0,Fiber optic,1
1622,67,F,29,48.88,1391.73,Month-to-month,Electronic Check,0,Fiber optic,1
1623,38,F,53,46.42,2484.44,Month-to-month,Credit Card,1,Fiber optic,1
1624,66,F,22,50.3,1136.33,One year,Credit Card,0,Fiber optic,0
1625,24,F,72,75.57,5450.75,Month-to-month,Electronic Check,0,Fiber optic,1
1626,34,F,15,107.6,1629.2,Two year,Bank Transfer,0,DSL,1
1627,37,M,69,103.09,7098.11,Month-to-month,Credit Card,0,Fiber optic,1
1628,58,F,64,25.79,1604.54,Two year,Bank Transfer,0,DSL,0
1629,66,M,4,107.9,406.96,Month-to-month,Electronic Check,0,Fiber optic,1
1630,37,M,18,29.51,539.61,One year,Credit Card,0,Fiber optic,0
1631,71,M,42,61.53,2615.55,Two year,Credit Card,0,Fiber optic,0
1632,39,M,30,96.54,2923.92,Month-to-month,Electronic Check,1,Fiber optic,1
1633,45,M,15,28.15,390.2,Two year,Credit Card,0,None,0
1634,78,M,70,24.04,1637.94,One year,Credit Card,0,Fiber optic,0
1635,57,M,55,53.0,2950.06,Month-to-month,Bank Transfer,0,DSL,1
1636,66,M,53,92.99,4886.03,Month-to-month,Credit Card,0,Fiber optic,1
1637,24,F,16,72.18,1144.21,Two year,Bank Transfer,0,None,0
1638,18,F,34,61.7,2057.22,Two year,Credit Card,0,DSL,0
1639,49,M,27,101.31,2741.77,Month-to-month,Credit Card,0,Fiber optic,1
1640,30,M,13,96.67,1243.04,Month-to-month,Electronic Check,1,Fiber optic,1
1641,47,M,27,98.6,2632.45,Month-to-month,Electronic Check,1,Fiber optic,1
1642,40,F,69,65.97,4561.45,Month-to-month,Credit Card,0,Fiber optic,1
1643,68,F,31,21.94,666.48,Month-to-month,Bank Transfer,0,DSL,1
1644,76,M,3,37.21,78.31,Month-to-month,Electronic Check,0,Fiber optic,1
1645,73,M,30,94.13,2843.91,One year,Electronic Check,0,None,1
1646,36,F,21,95.32,2035.4,Month-to-month,Electronic Check,1,DSL,1
1647,79,F,6,117.23,680.75,One year,Credit Card,1,Fiber optic,0
1648,49,M,32,39.02,1217.28,Month-to-month,Bank Transfer,0,Fiber optic,1
1649,47,M,42,32.29,1313.71,One year,Bank Transfer,1,DSL,0
1650,46,M,62,33.88,2103.35,Month-to-month,Credit Card,1,Fiber optic,1
1651,66,M,32,38.48,1264.49,Month-to-month,Electronic Check,1,DSL,0
1652,62,F,39,72.85,2816.23,One year,Bank Transfer,1,DSL,0
1653,46,F,64,117.52,7517.34,Month-to-month,Bank Transfer,1,Fiber optic,1
1654,47,M,30,78.94,2334.28,Month-to-month,Credit Card,1,Fiber optic,1
1655,33,M,63,72.27,4543.43,One year,Bank Transfer,0,DSL,0
1656,57,M,31,87.34,2659.08,Month-to-month,Bank Transfer,1,DSL,1
1657,36,F,40,27.39,1136.67,Two year,Electronic Check,0,Fiber optic,0
1658,35,M,33,101.54,3368.48,One year,Electronic Check,1,DSL,0
1659,18,M,63,84.69,5318.75,Month-to-month,Electronic Check,1,DSL,1
1660,31,M,25,37.12,966.12,Month-to-month,Bank Transfer,0,Fiber optic,1
1661,68,F,36,83.07,2958.81,One year,Electronic Check,0,Fiber optic,1
1662,64,M,24,79.62,1868.75,Month-to-month,Credit Card,0,None,1
1663,67,F,58,26.49,1580.68,One year,Electronic Check,0,Fiber optic,0
1664,19,M,39,46.69,1801.81,Month-to-month,Electronic Check,0,DSL,1
1665,71,M,46,59.09,2761.74,One year,Bank Transfer,0,Fiber optic,0
1666,45,M,10,44.49,458.66,Two year,Electronic Check,0,None,0
1667,66,F,32,44.32,1466.24,Month-to-month,Credit Card,0,Fiber optic,1
1668,67,M,36,77.29,2807.78,Two year,Electronic Check,0,DSL,0
1669,47,M,28,67.09,1839.07,Month-to-month,Electronic Check,0,None,1
1670,55,F,16,86.73,1422.9,Month-to-month,Credit Card,0,Fiber optic,1
1671,68,F,16,115.64,1815.03,Month-to-month,Credit Card,0,DSL,1
1672,21,F,18,86.06,1568.3,Month-to-month,Electronic Check,0,None,1
1673,18,M,8,78.21,625.72,Month-to-month,Bank Transfer,0,DSL,1
1674,25,F,70,104.76,7353.97,Month-to-month,Credit Card,1,Fiber optic,1
1675,46,M,1,83.21,109.71,Month-to-month,Credit Card,1,Fiber optic,1
1676,72,F,62,36.56,2297.09,Month-to-month,Bank Transfer,0,Fiber optic,1
1677,56,F,38,51.47,1989.36,Month-to-month,Credit Card,0,Fiber optic,1
1678,20,F,45,93.34,4235.02,Month-to-month,Credit Card,0,DSL,1
1679,49,M,58,93.84,5433.98,Two year,Bank Transfer,1,DSL,0
1680,27,M,1,118.7,157.62,Two year,Electronic Check,1,Fiber optic,0
1681,27,M,32,82.7,2668.36,One year,Bank Transfer,0,DSL,1
1682,36,M,8,109.95,913.5,Month-to-month,Electronic Check,0,DSL,1
1683,63,M,40,25.46,1067.32,Month-to-month,Credit Card,0,Fiber optic,1
1684,51,M,56,76.62,4252.36,Month-to-month,Credit Card,0,Fiber optic,1
1685,77,M,63,111.98,7041.8,Month-to-month,Electronic Check,1,DSL,1
1686,50,M,36,48.72,1784.57,Two year,Bank Transfer,0,Fiber optic,0
1687,40,M,57,35.49,1981.56,Two year,Credit Card,1,DSL,0
1688,72,F,45,55.05,2481.33,Month-to-month,Bank Transfer,0,None,1
1689,45,F,2,99.22,234.28,Month-to-month,Electronic Check,1,DSL,1
1690,49,M,68,28.47,1887.86,One year,Electronic Check,0,Fiber optic,0
1691,67,M,50,80.03,4045.45,One year,Electronic Check,0,DSL,1
1692,24,M,29,33.56,1021.05,Month-to-month,Bank Transfer,0,Fiber optic,1
1693,46,M,10,63.55,617.73,Month-to-month,Bank Transfer,1,None,0
1694,25,F,27,116.6,3174.88,Month-to-month,Electronic Check,1,Fiber optic,1
1695,18,F,15,39.51,555.37,Month-to-month,Credit Card,0,Fiber optic,1
1696,74,M,60,23.4,1431.29,One year,Electronic Check,1,Fiber optic,0
1697,72,F,31,62.72,1942.47,Month-to-month,Credit Card,1,Fiber optic,1
1698,20,F,21,77.77,1669.2,Month-to-month,Credit Card,0,Fiber optic,1
1699,41,M,60,49.75,2956.26,Month-to-month,Credit Card,1,Fiber optic,1
1700,40,M,58,74.18,4319.71,Month-to-month,Bank Transfer,1,Fiber optic,1
1701,76,M,41,115.34,4757.55,One year,Credit Card,1,Fiber optic,0
1702,78,M,46,51.18,2324.53,Month-to-month,Credit Card,0,Fiber optic,1
1703,25,F,45,50.94,2324.13,Month-to-month,Electronic Check,0,DSL,1
1704,71,M,26,68.28,1821.08,One year,Credit Card,0,Fiber optic,0
1705,74,F,51,71.53,3659.64,Month-to-month,Credit Card,0,DSL,1
1706,64,M,36,20.14,753.53,Month-to-month,Electronic Check,1,Fiber optic,1
1707,54,F,52,81.59,4245.94,Month-to-month,Bank Transfer,1,DSL,1
1708,20,M,51,119.74,6116.55,Month-to-month,Credit Card,0,Fiber optic,1
1709,68,M,3,49.2,98.94,Month-to-month,Bank Transfer,0,Fiber optic,1
1710,50,F,14,83.08,1165.55,Month-to-month,Electronic Check,0,DSL,1
1711,45,F,49,20.46,1010.1,One year,Bank Transfer,0,Fiber optic,0
1712,64,F,1,80.43,97.43,Month-to-month,Credit Card,0,Fiber optic,1
1713,25,M,57,64.71,3655.41,One year,Bank Transfer,0,Fiber optic,0
1714,51,F,17,73.03,1215.65,Two year,Bank Transfer,0,Fiber optic,0
1715,52,F,50,74.39,3745.1,Month-to-month,Electronic Check,1,Fiber optic,1
1716,49,F,14,37.7,494.56,One year,Electronic Check,0,DSL,0
1717,41,F,59,97.0,5714.6,One year,Electronic Check,0,None,1
1718,31,F,3,75.55,201.7,Two year,Electronic Check,0,Fiber optic,0
1719,49,F,40,47.02,1885.32,One year,Electronic Check,0,Fiber optic,0
1720,73,F,66,113.74,7555.53,Month-to-month,Electronic Check,0,DSL,1
1721,63,F,34,21.28,758.72,Month-to-month,Electronic Check,0,Fiber optic,1
1722,60,F,9,92.59,810.26,Month-to-month,Electronic Check,1,None,1
1723,33,M,21,58.12,1207.38,Two year,Bank Transfer,0,DSL,0
1724,21,M,25,72.25,1848.11,Month-to-month,Electronic Check,0,Fiber optic,1
1725,69,F,44,49.15,2202.43,Month-to-month,Bank Transfer,0,DSL,1
1726,54,M,25,52.13,1269.3,One year,Credit Card,0,Fiber optic,0
1727,71,M,9,21.52,226.61,Month-to-month,Electronic Check,0,Fiber optic,1
1728,38,F,62,92.98,5744.52,Month-to-month,Credit Card,0,Fiber optic,1
1729,31,F,26,91.08,2372.46,Two year,Electronic Check,0,Fiber optic,1
1730,48,F,57,85.44,4820.59,One year,Credit Card,0,Fiber optic,1
1731,72,F,37,107.8,4038.46,Month-to-month,Bank Transfer,0,DSL,1
1732,65,F,16,110.13,1788.19,Month-to-month,Electronic Check,0,DSL,1
1733,35,F,37,75.64,2772.85,Month-to-month,Bank Transfer,1,DSL,0
1734,24,M,24,88.48,2141.9,Month-to-month,Credit Card,0,Fiber optic,1
1735,27,F,26,21.1,527.93,Month-to-month,Bank Transfer,1,Fiber optic,1
1736,24,M,20,104.63,2051.55,Month-to-month,Electronic Check,0,Fiber optic,1
1737,50,F,9,101.64,907.29,Month-to-month,Bank Transfer,0,DSL,1
1738,40,F,29,22.02,649.95,Month-to-month,Bank Transfer,0,DSL,1
1739,38,M,31,74.28,2261.66,Month-to-month,Credit Card,1,None,0
1740,36,F,19,110.67,2104.57,One year,Credit Card,0,Fiber optic,1
1741,65,F,20,38.14,764.29,Two year,Electronic Check,0,Fiber optic,0
1742,78,M,27,55.26,1504.88,Month-to-month,Credit Card,0,DSL,1
1743,36,F,44,53.11,2311.3,Month-to-month,Bank Transfer,0,Fiber optic,1
1744,53,M,35,55.59,1897.71,One year,Credit Card,0,DSL,0
1745,46,F,71,24.19,1699.98,One year,Electronic Check,0,Fiber optic,0
1746,77,F,22,47.9,1043.66,Month-to-month,Credit Card,0,Fiber optic,1
1747,35,M,15,49.49,755.92,One year,Electronic Check,0,Fiber optic,0
1748,19,F,13,106.59,1428.69,Month-to-month,Electronic Check,1,None,1
1749,18,M,4,55.21,191.18,One year,Bank Transfer,1,Fiber optic,0
1750,64,M,56,64.72,3643.05,One year,Bank Transfer,1,None,0
1751,22,M,23,58.07,1295.35,One year,Bank Transfer,1,DSL,0
1752,37,F,34,32.07,1059.44,Two year,Electronic Check,1,Fiber optic,0
1753,28,F,17,119.04,2024.59,Month-to-month,Credit Card,1,Fiber optic,1
1754,59,M,28,102.58,2893.08,Month-to-month,Credit Card,0,DSL,1
1755,19,F,14,74.09,1073.12,Month-to-month,Electronic Check,0,Fiber optic,1
1756,20,F,34,67.64,2324.15,Month-to-month,Electronic Check,1,DSL,0
1757,40,F,57,84.93,4792.55,One year,Credit Card,0,Fiber optic,1
1758,72,M,55,52.64,2913.59,One year,Credit Card,1,DSL,0
1759,29,F,66,25.03,1684.45,One year,Electronic Check,1,Fiber optic,0
1760,37,M,37,60.43,2238.46,Month-to-month,Credit Card,1,Fiber optic,1
1761,22,F,68,118.4,8097.76,One year,Credit Card,0,Fiber optic,1
1762,54,F,26,38.23,944.41,Month-to-month,Electronic Check,0,Fiber optic,1
1763,55,M,61,72.77,4470.84,Month-to-month,Electronic Check,0,Fiber optic,1
1764,47,F,67,20.85,1380.43,Month-to-month,Bank Transfer,0,Fiber optic,1
1765,26,M,52,32.2,1689.44,Month-to-month,Bank Transfer,1,DSL,0
1766,51,F,18,78.72,1436.31,Two year,Credit Card,1,None,0
1767,70,M,53,49.74,2616.84,Month-to-month,Electronic Check,1,None,0
1768,61,F,63,110.57,7015.45,Month-to-month,Credit Card,0,DSL,1
1769,52,F,53,60.62,3173.19,One year,Electronic Check,0,Fiber optic,0
1770,69,F,27,40.8,1067.3,Month-to-month,Credit Card,1,Fiber optic,1
1771,75,M,31,74.56,2350.58,Month-to-month,Credit Card,0,Fiber optic,1
1772,39,M,1,99.5,61.42,Month-to-month,Electronic Check,1,DSL,1
1773,61,M,6,21.94,119.77,Month-to-month,Bank Transfer,0,Fiber optic,1
1774,41,F,11,70.55,799.36,Month-to-month,Bank Transfer,0,DSL,1
1775,34,M,34,97.34,3338.71,Two year,Electronic Check,1,Fiber optic,0
1776,27,M,63,30.36,1958.15,Two year,Credit Card,0,Fiber optic,0
1777,47,M,53,110.28,5873.8,Month-to-month,Credit Card,0,None,1
1778,73,M,18,46.45,870.55,Month-to-month,Credit Card,0,Fiber optic,1
1779,76,M,21,37.06,823.2,One year,Electronic Check,0,Fiber optic,0
1780,63,M,19,78.93,1505.04,One year,Bank Transfer,0,DSL,0
1781,40,M,4,37.5,134.34,Two year,Electronic Check,1,Fiber optic,0
1782,49,M,29,87.97,2577.29,One year,Bank Transfer,0,DSL,1
1783,34,M,25,69.01,1691.6,Two year,Bank Transfer,0,Fiber optic,0
1784,67,M,56,31.0,1692.82,Two year,Electronic Check,1,Fiber optic,0
1785,68,F,63,111.25,7037.28,Two year,Bank Transfer,0,Fiber optic,1
1786,34,F,27,87.32,2402.71,Month-to-month,Bank Transfer,0,DSL,1
1787,31,M,60,74.6,4470.24,Month-to-month,Bank Transfer,0,None,1
1788,26,F,49,57.43,2780.18,One year,Credit Card,1,Fiber optic,0
1789,57,F,65,33.49,2176.55,Month-to-month,Electronic Check,1,Fiber optic,1
1790,19,M,38,90.75,3437.83,Month-to-month,Credit Card,1,Fiber optic,1
1791,62,M,52,101.37,5258.49,Two year,Electronic Check,0,DSL,1
1792,42,M,1,32.58,45.39,Month-to-month,Credit Card,0,DSL,1
1793,56,F,40,69.46,2745.87,Month-to-month,Bank Transfer,0,Fiber optic,1
1794,26,M,21,68.48,1426.13,Month-to-month,Credit Card,0,Fiber optic,1
1795,71,F,15,54.99,861.72,Month-to-month,Credit Card,1,Fiber optic,1
1796,39,M,50,98.93,4969.47,One year,Electronic Check,1,Fiber optic,0
1797,60,F,48,29.95,1393.16,Two year,Electronic Check,0,Fiber optic,0
1798,63,F,32,40.5,1297.39,One year,Credit Card,0,DSL,0
1799,21,M,49,20.16,946.97,Month-to-month,Electronic Check,1,Fiber optic,1
1800,43,M,68,57.3,3942.15,Month-to-month,Bank Transfer,0,None,1
1801,75,F,45,49.12,2184.86,Month-to-month,Bank Transfer,1,Fiber optic,1
1802,46,F,32,106.7,3457.66,Month-to-month,Bank Transfer,0,Fiber optic,1
1803,62,M,4,94.58,411.72,One year,Electronic Check,0,DSL,1
1804,51,M,65,28.45,1854.39,Month-to-month,Electronic Check,0,Fiber optic,1
1805,40,F,71,94.1,6664.73,Month-to-month,Credit Card,0,DSL,1
1806,54,M,65,87.54,5725.89,Month-to-month,Electronic Check,0,Fiber optic,1
1807,28,F,18,48.17,832.34,Month-to-month,Credit Card,0,Fiber optic,1
1808,23,M,54,21.55,1131.7,One year,Electronic Check,0,Fiber optic,0
1809,35,M,47,31.52,1453.91,Month-to-month,Electronic Check,1,Fiber optic,1
1810,38,M,6,44.99,279.71,Month-to-month,Credit Card,0,Fiber optic,1
1811,59,F,66,101.66,6690.99,Month-to-month,Bank Transfer,0,DSL,1
1812,53,M,9,66.53,647.69,Month-to-month,Electronic Check,0,Fiber optic,1
1813,58,F,68,111.84,7574.63,Month-to-month,Credit Card,1,None,1
1814,55,M,23,98.91,2305.49,One year,Electronic Check,1,Fiber optic,0
1815,51,F,43,48.71,2054.11,One year,Electronic Check,1,DSL,0
1816,34,F,51,104.54,5316.88,Month-to-month,Electronic Check,0,Fiber optic,1
1817,54,M,72,31.67,2254.62,Month-to-month,Electronic Check,1,DSL,0
1818,42,F,25,23.61,637.93,Two year,Electronic Check,1,Fiber optic,0
1819,55,F,35,80.85,2782.32,One year,Credit Card,0,DSL,1
1820,75,F,17,54.17,943.06,Month-to-month,Electronic Check,0,Fiber optic,1
1821,29,F,18,52.94,927.69,Month-to-month,Credit Card,1,Fiber optic,1
1822,40,M,27,88.72,2426.56,Month-to-month,Credit Card,0,Fiber optic,1
1823,70,M,15,105.01,1556.27,One year,Bank Transfer,1,Fiber optic,0
1824,59,M,69,52.22,3571.91,Two year,Credit Card,0,None,0
1825,39,F,15,52.5,806.8,One year,Credit Card,0,DSL,0
1826,38,F,42,73.39,3058.14,Month-to-month,Bank Transfer,0,Fiber optic,1
1827,44,M,34,85.32,2899.43,One year,Electronic Check,0,Fiber optic,1
1828,74,M,48,40.29,1897.07,Two year,Bank Transfer,1,Fiber optic,0
1829,48,F,8,111.27,912.62,Month-to-month,Electronic Check,0,Fiber optic,1
1830,23,M,10,85.44,845.08,Two year,Electronic Check,0,Fiber optic,1
1831,44,M,5,82.52,376.66,One year,Credit Card,0,Fiber optic,1
1832,57,F,48,110.42,5324.32,Month-to-month,Electronic Check,0,None,1
1833,51,M,26,110.73,2839.32,Month-to-month,Bank Transfer,0,DSL,1
1834,29,F,23,33.56,779.36,Month-to-month,Bank Transfer,0,None,1
1835,62,M,62,34.51,2150.37,One year,Electronic Check,0,Fiber optic,0
1836,74,F,13,96.19,1293.51,Month-to-month,Bank Transfer,0,Fiber optic,1
1837,70,F,9,115.69,1006.31,Month-to-month,Bank Transfer,0,DSL,1
1838,24,F,20,86.65,1748.33,Month-to-month,Credit Card,1,Fiber optic,1
1839,27,F,57,61.13,3472.49,Two year,Credit Card,0,DSL,0
1840,62,F,24,88.35,2110.48,Month-to-month,Credit Card,0,None,1
1841,34,M,33,42.88,1415.22,Month-to-month,Electronic Check,0,DSL,1
1842,43,M,20,119.8,2369.38,Month-to-month,Credit Card,0,Fiber optic,1
1843,38,M,60,63.11,3782.72,Month-to-month,Bank Transfer,0,Fiber optic,1
1844,45,F,48,113.17,5450.84,Two year,Credit Card,0,DSL,1
1845,79,M,64,63.08,4032.83,Month-to-month,Bank Transfer,0,Fiber optic,1
1846,75,F,30,112.81,3338.55,Month-to-month,Credit Card,0,Fiber optic,1
1847,63,F,17,53.57,886.47,Month-to-month,Bank Transfer,1,DSL,0
1848,19,M,14,96.05,1329.85,Month-to-month,Credit Card,0,None,1
1849,77,F,19,115.1,2172.37,Month-to-month,Credit Card,0,Fiber optic,1
1850,71,M,71,84.6,5964.7,Month-to-month,Credit Card,0,DSL,1
1851,60,F,59,87.76,5172.8,Month-to-month,Credit Card,1,Fiber optic,1
1852,18,F,67,30.29,2048.62,Two year,Bank Transfer,0,DSL,0
1853,68,M,44,67.42,2921.35,One year,Credit Card,1,DSL,0
1854,70,F,32,108.68,3502.85,Two year,Electronic Check,1,Fiber optic,1
1855,53,M,11,44.09,530.5,Month-to-month,Credit Card,1,Fiber optic,1
1856,68,F,2,98.84,148.61,Month-to-month,Credit Card,1,DSL,1
1857,43,M,68,87.57,5924.13,One year,Electronic Check,0,DSL,1
1858,46,F,17,42.3,723.45,Month-to-month,Bank Transfer,0,Fiber optic,1
1859,38,M,40,48.28,1903.0,One year,Electronic Check,0,None,0
1860,28,M,46,62.76,2913.42,Month-to-month,Bank Transfer,1,DSL,0
1861,57,F,4,32.51,111.25,Month-to-month,Electronic Check,0,DSL,1
1862,28,M,38,111.34,4210.28,One year,Electronic Check,0,Fiber optic,1
1863,53,F,63,93.94,5868.31,Month-to-month,Electronic Check,1,None,1
1864,66,F,29,56.5,1615.51,One year,Bank Transfer,0,Fiber optic,0
1865,76,M,19,49.97,921.2,Two year,Credit Card,1,DSL,0
1866,56,M,29,88.96,2564.16,Month-to-month,Credit Card,0,DSL,1
1867,57,M,35,62.42,2149.47,Month-to-month,Electronic Check,0,Fiber optic,1
1868,52,M,70,42.93,3014.56,One year,Bank Transfer,0,DSL,0
1869,71,M,23,63.02,1423.33,Month-to-month,Bank Transfer,0,DSL,1
1870,51,F,46,107.13,4961.16,Month-to-month,Credit Card,1,DSL,1
1871,72,M,44,26.86,1160.3,Month-to-month,Bank Transfer,0,Fiber optic,1
1872,64,F,48,56.84,2699.41,One year,Bank Transfer,0,Fiber optic,0
1873,41,M,52,116.23,5999.64,One year,Electronic Check,0,Fiber optic,1
1874,71,M,8,21.48,195.83,Two year,Bank Transfer,1,None,0
1875,39,M,55,109.06,5999.12,Two year,Bank Transfer,0,None,1
1876,22,F,66,57.48,3755.06,Two year,Electronic Check,0,DSL,0
1877,73,M,40,38.95,1530.13,Month-to-month,Credit Card,0,Fiber optic,1
1878,50,F,31,21.5,716.37,Month-to-month,Credit Card,0,Fiber optic,1
1879,75,F,48,27.05,1329.0,Month-to-month,Bank Transfer,0,DSL,1
1880,53,F,61,37.18,2252.97,One year,Electronic Check,1,None,0
1881,64,M,52,22.54,1176.34,Month-to-month,Credit Card,0,None,1
1882,37,F,38,53.58,2027.64,One year,Bank Transfer,0,DSL,0
1883,36,M,36,24.49,835.28,Two year,Credit Card,1,Fiber optic,0
1884,52,F,55,89.22,4934.97,Month-to-month,Bank Transfer,0,Fiber optic,1
1885,69,M,13,101.89,1346.27,Month-to-month,Credit Card,0,DSL,1
1886,60,F,37,108.75,4014.63,Month-to-month,Electronic Check,1,DSL,1
1887,34,M,47,74.91,3555.36,Two year,Electronic Check,0,DSL,0
1888,79,M,71,114.65,8143.62,Month-to-month,Credit Card,0,Fiber optic,1
1889,76,M,22,20.56,408.84,Two year,Electronic Check,0,Fiber optic,0
1890,62,F,39,33.4,1278.54,Two year,Credit Card,0,DSL,0
1891,60,F,58,49.32,2856.74,Month-to-month,Credit Card,0,Fiber optic,1
1892,51,M,30,98.9,2927.34,Two year,Electronic Check,0,DSL,1
1893,26,F,18,108.54,1960.83,Month-to-month,Bank Transfer,0,Fiber optic,1
1894,43,F,18,81.81,1434.64,Month-to-month,Electronic Check,1,Fiber optic,1
1895,19,F,39,58.32,2244.53,Month-to-month,Bank Transfer,0,DSL,1
1896,70,F,26,86.58,2290.48,Two year,Bank Transfer,0,Fiber optic,1
1897,26,F,71,38.09,2754.37,Month-to-month,Bank Transfer,0,Fiber optic,1
1898,26,F,7,65.79,465.56,Month-to-month,Credit Card,0,None,1
1899,57,F,69,70.75,4893.71,One year,Bank Transfer,1,Fiber optic,0
1900,34,M,65,30.49,2011.59,Month-to-month,Bank Transfer,0,DSL,1
1901,18,M,46,23.39,1095.55,Month-to-month,Electronic Check,1,Fiber optic,1
1902,42,F,18,95.01,1678.43,Two year,Credit Card,1,DSL,0
1903,78,M,13,73.47,946.28,Month-to-month,Credit Card,0,Fiber optic,1
1904,60,M,25,53.22,1334.01,Month-to-month,Bank Transfer,0,Fiber optic,1
1905,57,M,8,63.72,495.73,Month-to-month,Electronic Check,1,Fiber optic,1
1906,59,F,32,115.77,3672.25,One year,Bank Transfer,1,Fiber optic,0
1907,42,F,17,58.49,1017.94,Month-to-month,Credit Card,0,DSL,1
1908,56,F,48,30.35,1426.68,Month-to-month,Electronic Check,0,None,1
1909,52,F,63,66.36,4156.73,Two year,Credit Card,0,Fiber optic,0
1910,20,F,40,84.8,3370.65,Month-to-month,Credit Card,1,Fiber optic,1
1911,67,M,15,21.21,284.33,One year,Credit Card,0,Fiber optic,0
1912,54,F,6,53.23,354.34,Two year,Credit Card,1,Fiber optic,0
1913,61,M,63,59.35,3750.11,Month-to-month,Credit Card,0,Fiber optic,1
1914,61,F,8,66.37,564.43,Month-to-month,Electronic Check,0,Fiber optic,1
1915,68,M,32,50.17,1604.81,Month-to-month,Electronic Check,1,DSL,0
1916,47,F,45,86.69,3903.01,One year,Credit Card,0,DSL,1
1917,55,F,52,114.47,5964.05,Month-to-month,Bank Transfer,0,Fiber optic,1
1918,51,F,13,111.4,1435.29,One year,Bank Transfer,1,Fiber optic,0
1919,29,F,24,86.44,2074.22,Month-to-month,Credit Card,1,Fiber optic,1
1920,36,F,40,70.69,2832.29,Month-to-month,Electronic Check,0,Fiber optic,1
1921,54,F,14,102.58,1481.47,Month-to-month,Bank Transfer,1,Fiber optic,1
1922,61,M,70,103.59,7289.59,Month-to-month,Electronic Check,0,DSL,1
1923,76,F,62,102.96,6346.44,Month-to-month,Electronic Check,0,None,1
1924,76,M,61,35.78,2136.71,Month-to-month,Bank Transfer,0,Fiber optic,1
1925,66,F,1,22.54,40.57,One year,Bank Transfer,0,Fiber optic,0
1926,78,M,66,118.32,7764.04,Month-to-month,Electronic Check,1,Fiber optic,1
1927,34,M,32,115.97,3667.08,Two year,Bank Transfer,1,Fiber optic,0
1928,27,M,13,76.44,959.65,Month-to-month,Credit Card,0,Fiber optic,1
1929,74,M,33,119.31,3922.4,Month-to-month,Bank Transfer,1,Fiber optic,1
1930,72,M,32,97.05,3099.1,Two year,Electronic Check,0,Fiber optic,1
1931,66,M,56,71.74,4019.38,Month-to-month,Electronic Check,1,DSL,0
1932,64,F,24,58.93,1463.55,Month-to-month,Electronic Check,0,DSL,1
1933,29,M,4,79.29,305.68,Month-to-month,Electronic Check,0,None,1
1934,79,F,23,71.58,1620.62,Month-to-month,Electronic Check,0,DSL,1
1935,33,F,29,119.38,3469.55,One year,Electronic Check,1,DSL,0
1936,41,M,21,69.05,1421.57,Month-to-month,Credit Card,0,Fiber optic,1
1937,36,M,30,103.59,3151.75,Month-to-month,Electronic Check,1,Fiber optic,1
1938,25,F,20,101.36,2003.13,One year,Electronic Check,1,None,0
1939,48,M,16,27.14,483.23,Month-to-month,Credit Card,0,Fiber optic,1
1940,38,M,67,28.7,1914.77,One year,Electronic Check,0,DSL,0
1941,34,M,49,85.98,4244.29,Month-to-month,Electronic Check,0,None,1
1942,40,M,58,45.91,2677.61,Month-to-month,Credit Card,0,Fiber optic,1
1943,54,M,44,85.75,3816.35,Two year,Bank Transfer,0,Fiber optic,1
1944,71,M,25,34.46,874.04,Month-to-month,Bank Transfer,0,Fiber optic,1
1945,33,M,23,59.71,1381.45,One year,Electronic Check,0,Fiber optic,0
1946,23,F,59,30.25,1800.04,One year,Bank Transfer,1,DSL,0
1947,25,M,1,48.21,76.86,Month-to-month,Bank Transfer,0,Fiber optic,1
1948,42,F,15,28.83,472.33,Month-to-month,Credit Card,0,Fiber optic,1
1949,35,F,52,117.06,6063.8,Month-to-month,Bank Transfer,0,DSL,1
1950,42,F,58,59.51,3421.67,One year,Electronic Check,1,DSL,0
1951,29,F,41,110.12,4468.35,Two year,Credit Card,0,Fiber optic,1
1952,32,M,44,117.12,5140.29,Month-to-month,Bank Transfer,1,DSL,1
1953,76,F,4,110.96,478.46,Month-to-month,Electronic Check,1,Fiber optic,1
1954,43,F,68,65.5,4410.99,Month-to-month,Credit Card,0,Fiber optic,1
1955,58,F,7,97.89,689.08,Month-to-month,Electronic Check,0,DSL,1
1956,62,F,46,35.37,1646.5,One year,Bank Transfer,1,Fiber optic,0
1957,43,F,9,29.48,299.01,One year,Electronic Check,1,Fiber optic,0
1958,64,M,33,107.69,3562.11,Month-to-month,Bank Transfer,0,Fiber optic,1
1959,49,M,33,23.11,731.26,Month-to-month,Bank Transfer,0,Fiber optic,1
1960,27,F,4,117.23,515.37,Month-to-month,Bank Transfer,0,Fiber optic,1
1961,33,M,65,87.21,5628.12,Month-to-month,Bank Transfer,1,DSL,1
1962,24,M,34,61.96,2133.54,One year,Bank Transfer,0,DSL,0
1963,34,F,64,34.14,2143.62,Month-to-month,Credit Card,0,Fiber optic,1
1964,40,F,25,92.32,2272.34,Month-to-month,Bank Transfer,0,Fiber optic,1
1965,43,F,55,76.31,4236.87,Month-to-month,Credit Card,0,DSL,1
1966,38,M,9,91.11,845.3,Month-to-month,Electronic Check,1,Fiber optic,1
1967,39,F,17,61.79,1036.98,Month-to-month,Electronic Check,0,DSL,1
1968,75,M,21,26.63,573.1,Two year,Credit Card,0,Fiber optic,0
1969,24,M,60,51.5,3085.72,Two year,Credit Card,0,DSL,0
1970,31,M,13,51.5,626.15,Month-to-month,Electronic Check,1,Fiber optic,1
1971,32,F,3,20.87,84.72,Month-to-month,Credit Card,0,Fiber optic,1
1972,70,M,68,20.96,1451.61,Two year,Credit Card,0,Fiber optic,0
1973,24,F,4,53.08,250.55,Two year,Bank Transfer,0,Fiber optic,0
1974,26,F,7,92.76,653.38,One year,Electronic Check,0,Fiber optic,1
1975,68,F,26,82.4,2159.71,Month-to-month,Credit Card,1,DSL,1
1976,65,F,24,43.9,1047.41,Month-to-month,Credit Card,1,DSL,0
1977,25,F,10,80.28,784.69,Month-to-month,Credit Card,1,Fiber optic,1
1978,67,M,13,84.74,1092.79,Month-to-month,Bank Transfer,0,DSL,1
1979,76,M,44,72.26,3220.62,Month-to-month,Electronic Check,1,DSL,0
1980,40,M,39,72.14,2779.88,Two year,Electronic Check,0,Fiber optic,0
1981,46,M,19,56.97,1057.28,One year,Credit Card,0,Fiber optic,0
1982,35,M,51,32.34,1659.96,Month-to-month,Credit Card,0,None,1
1983,48,F,19,58.55,1074.08,Month-to-month,Bank Transfer,0,Fiber optic,1
1984,47,F,52,54.53,2874.75,Month-to-month,Credit Card,0,Fiber optic,1
1985,69,M,47,79.2,3677.12,One year,Credit Card,1,DSL,0
1986,56,M,30,105.63,3194.43,Month-to-month,Bank Transfer,1,Fiber optic,1
1987,52,M,46,57.54,2634.21,Month-to-month,Credit Card,0,DSL,1
1988,35,F,21,90.97,1865.49,Month-to-month,Electronic Check,0,DSL,1
1989,76,F,48,101.18,4890.93,One year,Electronic Check,1,Fiber optic,1
1990,59,F,62,41.18,2567.21,Month-to-month,Electronic Check,0,Fiber optic,1
1991,56,M,58,110.17,6340.75,Month-to-month,Bank Transfer,1,Fiber optic,1
1992,34,M,18,27.04,463.47,One year,Bank Transfer,1,DSL,0
1993,31,M,59,110.17,6485.23,One year,Electronic Check,1,Fiber optic,0
1994,48,M,48,36.36,1727.54,Month-to-month,Electronic Check,1,DSL,0
1995,41,F,63,53.72,3384.19,Two year,Bank Transfer,1,Fiber optic,0
1996,52,M,12,80.52,968.92,Month-to-month,Credit Card,1,Fiber optic,1
1997,61,M,34,110.57,3749.06,Month-to-month,Credit Card,1,Fiber optic,1
1998,77,M,61,45.57,2762.95,Two year,Bank Transfer,0,Fiber optic,0
1999,62,F,53,96.36,5107.52,Two year,Electronic Check,0,Fiber optic,1
2000,51,F,25,91.04,2229.36,Month-to-month,Bank Transfer,0,DSL,1
2001,20,M,62,35.97,2244.66,Two year,Electronic Check,1,Fiber optic,0
2002,54,F,4,67.95,282.4,Month-to-month,Bank Transfer,1,DSL,0
2003,60,F,13,68.15,863.87,One year,Bank Transfer,1,None,0
2004,57,F,42,50.46,2087.27,Month-to-month,Bank Transfer,0,Fiber optic,1
2005,43,F,49,97.99,4758.81,Month-to-month,Bank Transfer,1,Fiber optic,1
2006,72,F,56,112.59,6313.77,Month-to-month,Bank Transfer,0,Fiber optic,1
2007,40,M,47,91.66,4314.91,Two year,Bank Transfer,0,Fiber optic,1
2008,61,M,8,117.3,941.73,One year,Electronic Check,0,Fiber optic,1
2009,56,M,55,25.05,1426.31,Two year,Electronic Check,1,DSL,0
2010,32,F,18,23.72,430.11,Month-to-month,Credit Card,0,Fiber optic,1
2011,73,F,35,109.39,3850.83,Month-to-month,Bank Transfer,0,DSL,1
2012,66,F,32,109.78,3474.25,Month-to-month,Credit Card,0,DSL,1
2013,21,F,24,30.71,716.94,Month-to-month,Credit Card,0,DSL,1
2014,46,M,7,55.74,367.72,Month-to-month,Bank Transfer,1,Fiber optic,1
2015,39,M,13,103.54,1353.62,One year,Bank Transfer,0,DSL,1
2016,42,M,69,32.85,2249.73,One year,Credit Card,0,None,0
2017,30,M,42,46.74,1977.19,Month-to-month,Credit Card,1,Fiber optic,1
2018,35,M,31,88.1,2750.11,One year,Bank Transfer,0,Fiber optic,1
2019,50,M,26,118.19,3026.31,One year,Bank Transfer,0,Fiber optic,1
2020,33,F,32,99.71,3204.7,Month-to-month,Bank Transfer,1,Fiber optic,1
2021,62,F,52,97.73,5043.64,One year,Electronic Check,0,Fiber optic,1
2022,59,M,20,54.27,1081.91,Month-to-month,Credit Card,1,Fiber optic,1
2023,61,F,40,86.13,3467.86,Two year,Credit Card,0,Fiber optic,1
2024,79,M,59,31.31,1867.62,Month-to-month,Credit Card,0,DSL,1
2025,19,M,14,119.23,1649.2,Month-to-month,Electronic Check,0,DSL,1
2026,72,F,44,68.06,2971.88,Month-to-month,Credit Card,0,Fiber optic,1
2027,52,M,48,83.88,4020.26,One year,Bank Transfer,0,DSL,1
2028,59,M,43,107.62,4596.53,Month-to-month,Electronic Check,0,None,1
2029,51,M,16,20.1,369.07,Month-to-month,Credit Card,1,DSL,0
2030,47,F,35,117.6,4100.49,One year,Electronic Check,0,Fiber optic,1
2031,76,F,53,55.92,3006.06,Month-to-month,Electronic Check,1,DSL,0
2032,72,F,34,53.96,1875.47,Month-to-month,Bank Transfer,0,Fiber optic,1
2033,30,F,3,34.51,90.01,Month-to-month,Electronic Check,0,Fiber optic,1
2034,30,M,68,105.82,7171.17,Month-to-month,Bank Transfer,0,Fiber optic,1
2035,35,F,5,107.08,562.48,Two year,Bank Transfer,0,Fiber optic,1
2036,49,F,10,22.0,192.94,One year,Credit Card,1,DSL,0
2037,49,F,52,25.57,1331.76,One year,Bank Transfer,1,Fiber optic,0
2038,52,M,29,111.83,3204.14,Month-to-month,Credit Card,0,None,1
2039,76,F,31,32.29,989.58,Month-to-month,Credit Card,1,DSL,0
2040,56,F,66,82.09,5375.76,Month-to-month,Credit Card,0,DSL,1
2041,63,M,69,81.97,5634.27,Month-to-month,Bank Transfer,0,Fiber optic,1
2042,69,M,37,106.97,3974.42,One year,Credit Card,0,Fiber optic,1
2043,46,M,27,77.27,2135.42,Month-to-month,Bank Transfer,0,Fiber optic,1
2044,79,M,33,63.4,2067.68,Month-to-month,Bank Transfer,1,Fiber optic,1
2045,66,F,68,117.44,7983.25,Two year,Credit Card,0,Fiber optic,1
2046,46,M,59,42.88,2524.72,Month-to-month,Bank Transfer,0,Fiber optic,1
2047,79,F,64,46.27,2929.7,Two year,Credit Card,0,Fiber optic,0
2048,70,F,44,28.48,1264.13,Month-to-month,Credit Card,0,DSL,1
2049,61,F,49,117.53,5781.44,Two year,Credit Card,1,DSL,0
2050,74,F,53,90.64,4768.64,One year,Electronic Check,0,Fiber optic,1
2051,33,F,49,21.21,1065.0,Month-to-month,Bank Transfer,0,DSL,1
2052,73,M,66,90.43,5988.4,Month-to-month,Electronic Check,0,None,1
2053,61,F,63,60.41,3775.56,Two year,Electronic Check,0,Fiber optic,0
2054,64,F,25,116.75,2933.64,Month-to-month,Bank Transfer,0,None,1
2055,74,F,4,47.74,180.33,Month-to-month,Bank Transfer,0,Fiber optic,1
2056,27,M,51,91.03,4660.64,Two year,Credit Card,1,None,0
2057,47,F,11,82.74,909.75,Month-to-month,Electronic Check,0,Fiber optic,1
2058,42,F,17,21.2,315.21,Month-to-month,Bank Transfer,0,Fiber optic,1
2059,56,M,66,108.52,7191.02,Month-to-month,Credit Card,0,Fiber optic,1
2060,37,F,70,33.96,2382.76,Month-to-month,Bank Transfer,0,None,1
2061,22,F,69,86.36,5981.32,One year,Bank Transfer,0,Fiber optic,1
2062,18,M,29,97.55,2791.56,Month-to-month,Credit Card,1,DSL,1
2063,47,F,72,83.09,6004.61,Two year,Bank Transfer,0,Fiber optic,1
2064,66,F,20,29.71,585.57,One year,Credit Card,0,DSL,0
2065,20,F,27,117.52,3202.97,Two year,Electronic Check,1,Fiber optic,1
2066,62,F,8,43.68,359.36,Month-to-month,Credit Card,0,Fiber optic,1
2067,31,F,61,82.79,5035.68,Month-to-month,Bank Transfer,0,DSL,1
2068,73,M,28,99.72,2762.35,Month-to-month,Electronic Check,1,Fiber optic,1
2069,47,M,70,113.92,8005.99,Month-to-month,Electronic Check,0,Fiber optic,1
2070,67,M,3,80.4,247.22,One year,Credit Card,1,Fiber optic,0
2071,21,F,69,45.91,3216.54,One year,Credit Card,1,Fiber optic,0
2072,35,F,7,103.66,712.97,Month-to-month,Credit Card,0,Fiber optic,1
2073,79,F,60,36.32,2197.77,Month-to-month,Electronic Check,1,Fiber optic,1
2074,54,M,4,22.23,101.2,Month-to-month,Credit Card,0,Fiber optic,1
2075,42,F,5,110.81,567.81,Month-to-month,Bank Transfer,0,Fiber optic,1
2076,65,F,11,77.54,876.64,One year,Electronic Check,0,DSL,0
2077,18,F,15,26.96,368.31,Month-to-month,Credit Card,0,Fiber optic,1
2078,70,M,64,77.97,4995.04,Two year,Electronic Check,0,Fiber optic,0
2079,63,M,13,34.5,449.41,One year,Bank Transfer,0,Fiber optic,0
2080,32,F,7,23.14,146.23,Two year,Bank Transfer,0,Fiber optic,0
2081,26,F,6,31.65,183.52,Month-to-month,Bank Transfer,0,None,1
2082,32,F,56,97.51,5462.44,Two year,Credit Card,0,Fiber optic,1
2083,66,M,64,95.57,6098.57,One year,Credit Card,0,DSL,1
2084,74,M,50,80.43,4000.82,Month-to-month,Electronic Check,1,DSL,1
2085,41,M,30,40.93,1251.73,Month-to-month,Credit Card,1,Fiber optic,1
2086,21,F,22,93.9,2022.49,Two year,Electronic Check,1,DSL,0
2087,29,M,25,60.8,1501.3,Month-to-month,Credit Card,0,None,1
2088,76,F,28,71.08,2005.61,Month-to-month,Bank Transfer,0,DSL,1
2089,75,F,39,109.76,4251.52,Month-to-month,Credit Card,0,Fiber optic,1
2090,54,M,67,65.79,4415.16,Month-to-month,Credit Card,0,Fiber optic,1
2091,78,F,5,82.64,393.42,Month-to-month,Credit Card,0,Fiber optic,1
2092,54,M,65,116.18,7586.03,One year,Bank Transfer,0,Fiber optic,1
2093,60,F,15,65.14,962.1,Month-to-month,Electronic Check,0,None,1
2094,77,F,67,76.07,5069.64,One year,Credit Card,0,None,0
2095,23,M,40,78.44,3140.61,Month-to-month,Bank Transfer,1,None,0
2096,56,F,69,44.07,3004.4,Month-to-month,Credit Card,0,DSL,1
2097,73,F,43,93.69,4058.42,Month-to-month,Credit Card,0,DSL,1
2098,63,F,1,92.66,110.66,One year,Bank Transfer,0,DSL,1
2099,41,F,22,41.36,936.97,Month-to-month,Credit Card,0,DSL,1
2100,28,F,62,21.33,1312.35,One year,Credit Card,0,Fiber optic,0
2101,79,F,26,119.89,3150.64,Month-to-month,Credit Card,1,Fiber optic,1
2102,30,F,18,78.16,1406.23,One year,Credit Card,0,DSL,0
2103,51,F,48,38.1,1788.27,One year,Credit Card,0,Fiber optic,0
2104,42,M,9,48.36,407.64,Month-to-month,Bank Transfer,1,Fiber optic,1
2105,24,M,1,81.78,102.89,One year,Bank Transfer,0,Fiber optic,1
2106,69,F,9,33.76,343.48,Month-to-month,Credit Card,1,None,0
2107,21,F,23,23.73,505.31,One year,Credit Card,1,DSL,0
2108,76,M,45,99.85,4529.67,One year,Electronic Check,0,DSL,1
2109,25,F,2,91.58,213.07,Month-to-month,Bank Transfer,0,Fiber optic,1
2110,37,M,14,50.96,699.1,One year,Credit Card,0,Fiber optic,0
2111,46,M,38,25.85,1001.23,Month-to-month,Electronic Check,0,Fiber optic,1
2112,71,M,40,68.63,2713.9,Month-to-month,Bank Transfer,1,Fiber optic,1
2113,70,F,63,47.62,3031.4,Month-to-month,Electronic Check,0,Fiber optic,1
2114,68,F,16,59.78,972.21,Month-to-month,Electronic Check,0,None,1
2115,62,F,6,47.4,278.28,Month-to-month,Credit Card,1,Fiber optic,1
2116,63,M,3,37.53,149.04,Month-to-month,Credit Card,0,Fiber optic,1
2117,27,M,14,58.7,785.72,Month-to-month,Bank Transfer,0,Fiber optic,1
2118,60,M,66,116.49,7722.92,One year,Electronic Check,0,DSL,1
2119,51,F,67,46.62,3075.93,One year,Electronic Check,1,DSL,0
2120,74,M,31,53.6,1686.92,One year,Credit Card,1,None,0
2121,43,M,33,52.92,1753.7,Month-to-month,Bank Transfer,1,DSL,0
2122,58,F,1,68.03,87.7,Month-to-month,Credit Card,1,Fiber optic,1
2123,66,M,44,104.35,4582.63,Two year,Bank Transfer,1,Fiber optic,0
2124,75,M,15,60.21,939.59,Month-to-month,Electronic Check,1,Fiber optic,1
2125,20,F,37,100.61,3703.88,Month-to-month,Bank Transfer,0,Fiber optic,1
2126,73,F,27,31.5,828.0,Month-to-month,Electronic Check,1,Fiber optic,1
2127,23,M,48,109.49,5235.7,Month-to-month,Bank Transfer,0,None,1
2128,22,F,27,38.53,1067.75,Two year,Credit Card,0,DSL,0
2129,22,M,12,23.92,286.57,One year,Credit Card,1,Fiber optic,0
2130,71,F,67,35.84,2404.99,Month-to-month,Credit Card,1,Fiber optic,1
2131,64,M,30,39.07,1205.27,Two year,Bank Transfer,0,Fiber optic,0
2132,40,F,66,70.85,4709.44,Month-to-month,Electronic Check,0,DSL,1
2133,66,M,7,64.99,421.1,One year,Credit Card,0,Fiber optic,0
2134,26,F,34,91.59,3119.04,Month-to-month,Bank Transfer,0,Fiber optic,1
2135,52,F,32,25.1,765.8,Month-to-month,Bank Transfer,0,Fiber optic,1
2136,37,F,39,69.77,2757.88,Month-to-month,Credit Card,1,Fiber optic,1
2137,75,F,43,53.25,2323.45,One year,Credit Card,0,DSL,0
2138,66,F,43,83.07,3606.94,Month-to-month,Credit Card,0,DSL,1
2139,78,F,3,24.37,93.6,One year,Credit Card,0,Fiber optic,0
2140,76,F,46,23.49,1077.23,Month-to-month,Bank Transfer,0,Fiber optic,1
2141,59,M,32,62.73,1997.83,Month-to-month,Electronic Check,0,DSL,1
2142,52,M,43,101.13,4338.11,Two year,Electronic Check,1,Fiber optic,0
2143,67,F,3,87.11,217.95,Month-to-month,Bank Transfer,0,Fiber optic,1
2144,35,F,63,21.67,1410.1,Month-to-month,Electronic Check,1,DSL,0
2145,79,M,40,37.85,1509.03,Two year,Bank Transfer,0,DSL,0
2146,34,M,18,42.67,811.07,Month-to-month,Bank Transfer,1,Fiber optic,1
2147,41,F,67,62.31,4212.7,Month-to-month,Bank Transfer,1,Fiber optic,1
2148,20,M,62,78.67,4910.4,Month-to-month,Electronic Check,1,DSL,0
2149,49,M,10,41.65,425.33,Month-to-month,Bank Transfer,0,None,1
2150,52,F,52,58.25,2989.16,Month-to-month,Bank Transfer,1,DSL,0
2151,55,F,46,78.39,3588.33,Two year,Credit Card,0,DSL,0
2152,30,F,55,58.34,3219.06,Month-to-month,Credit Card,0,Fiber optic,1
2153,73,M,46,34.32,1530.07,Month-to-month,Electronic Check,0,Fiber optic,1
2154,78,F,60,69.17,4104.46,Month-to-month,Credit Card,0,Fiber optic,1
2155,64,F,26,52.4,1380.17,Month-to-month,Credit Card,0,Fiber optic,1
2156,42,M,27,106.42,2912.16,Month-to-month,Credit Card,0,DSL,1
2157,26,F,38,97.56,3742.8,Two year,Bank Transfer,1,Fiber optic,1
2158,21,M,22,39.03,825.47,Month-to-month,Credit Card,0,Fiber optic,1
2159,31,M,26,35.26,957.88,Month-to-month,Electronic Check,0,Fiber optic,1
2160,54,M,69,54.77,3798.76,One year,Bank Transfer,1,Fiber optic,0
2161,51,M,35,61.22,2164.33,Month-to-month,Electronic Check,0,DSL,1
2162,28,M,66,113.2,7451.6,Month-to-month,Electronic Check,0,None,1
2163,58,M,51,50.16,2579.76,Month-to-month,Electronic Check,1,Fiber optic,1
2164,73,F,18,106.76,1942.66,Month-to-month,Electronic Check,0,DSL,1
2165,20,F,43,70.53,3042.26,Month-to-month,Electronic Check,0,Fiber optic,1
2166,76,F,12,108.56,1288.45,Month-to-month,Credit Card,0,DSL,1
2167,45,M,3,90.2,301.7,Month-to-month,Credit Card,0,Fiber optic,1
2168,46,F,7,90.84,679.63,Month-to-month,Electronic Check,0,Fiber optic,1
2169,26,M,6,71.88,468.27,Month-to-month,Electronic Check,0,None,1
2170,20,F,45,104.03,4655.65,Month-to-month,Credit Card,0,DSL,1
2171,42,M,39,45.44,1766.73,One year,Electronic Check,0,Fiber optic,0
2172,51,F,51,110.74,5631.98,One year,Credit Card,1,Fiber optic,1
2173,29,M,9,83.68,773.87,Month-to-month,Electronic Check,0,DSL,1
2174,59,F,23,63.87,1502.16,Month-to-month,Electronic Check,1,Fiber optic,1
2175,26,M,12,118.22,1390.22,One year,Bank Transfer,0,DSL,1
2176,32,F,62,106.2,6629.13,Month-to-month,Electronic Check,1,Fiber optic,1
2177,57,M,40,97.2,3905.73,One year,Bank Transfer,0,DSL,1
2178,42,F,54,47.39,2530.9,Month-to-month,Electronic Check,0,DSL,1
2179,22,F,7,117.37,808.7,Month-to-month,Bank Transfer,0,DSL,1
2180,28,F,17,94.3,1563.56,One year,Credit Card,0,DSL,1
2181,76,M,50,80.52,4035.71,Two year,Electronic Check,1,Fiber optic,1
2182,51,M,24,112.18,2659.24,Month-to-month,Credit Card,1,DSL,1
2183,41,M,2,36.22,91.75,Two year,Bank Transfer,0,None,0
2184,77,M,33,33.9,1142.42,Month-to-month,Bank Transfer,0,DSL,1
2185,32,M,21,76.37,1601.7,Two year,Bank Transfer,1,Fiber optic,0
2186,55,F,53,25.67,1319.89,Month-to-month,Bank Transfer,1,DSL,0
2187,25,M,46,86.4,3985.49,Month-to-month,Credit Card,0,Fiber optic,1
2188,76,F,45,44.07,1970.37,One year,Bank Transfer,0,DSL,0
2189,22,F,9,31.9,332.06,Month-to-month,Electronic Check,0,Fiber optic,1
2190,65,M,6,60.95,367.02,Month-to-month,Bank Transfer,0,Fiber optic,1
2191,43,F,51,66.59,3353.32,Month-to-month,Credit Card,0,Fiber optic,1
2192,35,M,35,37.05,1310.35,Month-to-month,Credit Card,0,Fiber optic,1
2193,23,M,53,24.15,1307.89,Month-to-month,Electronic Check,0,Fiber optic,1
2194,54,M,19,61.41,1132.84,Month-to-month,Credit Card,1,DSL,0
2195,77,F,69,95.95,6615.46,Month-to-month,Bank Transfer,0,DSL,1
2196,65,M,25,107.42,2709.82,One year,Electronic Check,1,Fiber optic,0
2197,30,M,11,29.75,279.3,Month-to-month,Electronic Check,1,DSL,0
2198,45,M,17,72.47,1184.89,Month-to-month,Credit Card,1,Fiber optic,1
2199,22,F,36,46.34,1685.93,One year,Electronic Check,0,Fiber optic,0
2200,30,M,21,57.46,1229.17,Month-to-month,Bank Transfer,0,Fiber optic,1
2201,34,F,18,113.34,2074.71,Month-to-month,Bank Transfer,0,Fiber optic,1
2202,67,F,60,55.21,3302.56,Month-to-month,Credit Card,0,Fiber optic,1
2203,57,M,18,56.53,1006.52,One year,Bank Transfer,0,Fiber optic,0
2204,62,F,1,40.94,46.18,Month-to-month,Bank Transfer,0,None,1
2205,49,F,14,116.0,1649.73,Two year,Credit Card,0,Fiber optic,1
2206,79,M,8,65.65,539.3,Two year,Bank Transfer,0,Fiber optic,0
2207,46,M,66,77.04,5067.37,Month-to-month,Credit Card,0,Fiber optic,1
2208,68,M,51,65.32,3315.97,Two year,Credit Card,1,DSL,0
2209,75,F,60,45.29,2743.7,Month-to-month,Credit Card,1,None,0
2210,20,M,34,101.04,3438.82,Month-to-month,Electronic Check,0,Fiber optic,1
2211,73,F,36,22.85,782.4,Month-to-month,Bank Transfer,1,DSL,0
2212,57,F,62,89.02,5484.54,Month-to-month,Bank Transfer,0,Fiber optic,1
2213,51,F,1,79.43,114.55,Two year,Bank Transfer,1,DSL,0
2214,57,F,42,34.43,1495.94,One year,Credit Card,1,DSL,0
2215,44,F,1,36.59,20.16,Month-to-month,Credit Card,0,Fiber optic,1
2216,30,M,54,85.92,4628.35,Month-to-month,Bank Transfer,0,Fiber optic,1
2217,62,M,47,51.21,2372.32,Two year,Bank Transfer,1,Fiber optic,0
2218,50,F,39,46.57,1789.8,Month-to-month,Bank Transfer,0,None,1
2219,23,F,30,25.92,770.06,Month-to-month,Bank Transfer,0,Fiber optic,1
2220,41,M,7,96.65,654.99,Month-to-month,Electronic Check,0,DSL,1
2221,36,M,22,108.27,2402.08,Two year,Credit Card,0,DSL,1
2222,33,F,50,101.98,5102.78,Month-to-month,Electronic Check,1,Fiber optic,1
2223,57,F,45,66.6,3029.23,Month-to-month,Bank Transfer,0,Fiber optic,1
2224,45,M,72,73.4,5307.25,Month-to-month,Credit Card,0,Fiber optic,1
2225,50,M,10,44.23,405.11,One year,Electronic Check,1,Fiber optic,0
2226,76,F,14,37.29,484.4,Month-to-month,Electronic Check,0,DSL,1
2227,76,M,46,102.3,4745.36,One year,Credit Card,0,Fiber optic,1
2228,65,M,6,99.83,630.93,Month-to-month,Electronic Check,0,DSL,1
2229,58,F,21,97.74,2049.33,One year,Bank Transfer,0,Fiber optic,1
2230,30,F,62,66.34,4076.12,One year,Electronic Check,1,Fiber optic,0
2231,60,F,19,106.45,2062.41,One year,Electronic Check,0,Fiber optic,1
2232,62,M,62,112.62,6955.51,One year,Bank Transfer,1,DSL,0
2233,42,F,53,52.83,2753.54,Month-to-month,Bank Transfer,0,Fiber optic,1
2234,70,M,24,42.47,1061.7,Two year,Electronic Check,0,None,0
2235,59,F,56,66.43,3750.97,Month-to-month,Bank Transfer,0,None,1
2236,53,F,62,37.93,2371.01,Month-to-month,Credit Card,0,None,1
2237,44,M,34,108.4,3639.0,Month-to-month,Credit Card,0,Fiber optic,1
2238,55,M,22,53.8,1186.44,One year,Bank Transfer,0,Fiber optic,0
2239,77,F,68,77.62,5293.52,Month-to-month,Bank Transfer,1,Fiber optic,1
2240,24,F,57,79.47,4555.72,Month-to-month,Credit Card,1,None,0
2241,22,M,10,71.5,712.11,Two year,Credit Card,0,None,0
2242,60,F,66,35.65,2398.23,Month-to-month,Electronic Check,1,Fiber optic,1
2243,62,M,8,119.1,927.28,Month-to-month,Electronic Check,0,Fiber optic,1
2244,75,M,38,37.26,1372.85,One year,Electronic Check,0,None,0
2245,74,F,62,95.15,5882.58,Two year,Electronic Check,0,None,1
2246,68,M,28,99.14,2792.1,Month-to-month,Credit Card,1,Fiber optic,1
2247,48,M,10,34.52,368.92,One year,Credit Card,1,Fiber optic,0
2248,40,M,45,113.32,5123.25,Month-to-month,Credit Card,0,DSL,1
2249,59,F,65,68.78,4431.77,Month-to-month,Bank Transfer,0,Fiber optic,1
2250,27,M,67,82.89,5592.14,Two year,Credit Card,1,DSL,0
2251,49,F,9,84.22,736.06,One year,Bank Transfer,0,Fiber optic,1
2252,60,F,5,70.5,323.49,One year,Bank Transfer,0,DSL,0
2253,70,F,10,34.2,353.45,Two year,Bank Transfer,1,DSL,0
2254,47,M,12,95.18,1113.34,One year,Electronic Check,0,Fiber optic,1
2255,56,M,58,78.18,4535.24,Month-to-month,Bank Transfer,0,DSL,1
2256,48,F,21,31.87,659.97,Month-to-month,Credit Card,0,DSL,1
2257,35,F,21,90.03,1863.83,One year,Credit Card,0,Fiber optic,1
2258,53,M,65,90.28,5847.41,One year,Credit Card,0,Fiber optic,1
2259,19,F,3,74.85,217.29,Month-to-month,Credit Card,1,Fiber optic,1
2260,31,F,69,29.05,1989.07,Month-to-month,Credit Card,0,DSL,1
2261,30,M,64,55.26,3524.8,One year,Credit Card,0,Fiber optic,0
2262,46,F,49,25.09,1252.95,Two year,Bank Transfer,0,Fiber optic,0
2263,29,M,72,67.76,4845.56,One year,Credit Card,1,DSL,0
2264,56,M,17,110.64,1893.64,Month-to-month,Bank Transfer,0,DSL,1
2265,19,F,32,20.23,665.18,Month-to-month,Electronic Check,0,Fiber optic,1
2266,49,M,70,46.66,3296.41,One year,Credit Card,0,Fiber optic,0
2267,30,M,21,99.99,2134.52,Month-to-month,Electronic Check,1,Fiber optic,1
2268,63,M,7,20.99,112.8,Two year,Electronic Check,0,Fiber optic,0
2269,44,F,7,21.02,110.97,Month-to-month,Electronic Check,0,DSL,1
2270,66,F,27,81.08,2200.64,One year,Credit Card,0,Fiber optic,1
2271,58,F,8,98.92,817.05,Two year,Bank Transfer,1,Fiber optic,0
2272,34,M,28,97.65,2711.43,One year,Electronic Check,0,DSL,1
2273,57,M,66,97.96,6467.94,One year,Credit Card,1,DSL,0
2274,48,F,71,56.1,4010.32,Two year,Bank Transfer,0,Fiber optic,0
2275,51,F,47,108.27,5115.44,One year,Electronic Check,0,None,1
2276,77,M,10,21.28,228.18,Two year,Credit Card,0,DSL,0
2277,41,F,33,51.22,1648.14,One year,Bank Transfer,1,Fiber optic,0
2278,62,F,7,53.72,331.1,One year,Bank Transfer,0,DSL,0
2279,52,F,3,36.56,98.52,One year,Credit Card,0,DSL,0
2280,65,F,14,53.62,703.35,Month-to-month,Electronic Check,0,DSL,1
2281,23,F,44,78.59,3498.37,One year,Credit Card,0,Fiber optic,0
2282,36,M,46,72.03,3265.39,Two year,Electronic Check,0,DSL,0
2283,47,F,61,51.94,3121.3,One year,Credit Card,0,Fiber optic,0
2284,24,F,36,94.93,3384.01,Month-to-month,Bank Transfer,0,Fiber optic,1
2285,27,M,13,91.48,1201.94,Month-to-month,Bank Transfer,0,Fiber optic,1
2286,58,M,16,48.07,773.28,Month-to-month,Bank Transfer,0,DSL,1
2287,49,M,5,52.32,277.55,Month-to-month,Bank Transfer,0,Fiber optic,1
2288,51,M,38,48.75,1891.86,Month-to-month,Bank Transfer,0,None,1
2289,45,F,50,32.89,1639.99,Two year,Credit Card,0,Fiber optic,0
2290,77,F,38,95.28,3575.03,Two year,Credit Card,1,DSL,0
2291,32,F,56,24.63,1405.63,Month-to-month,Credit Card,0,Fiber optic,1
2292,47,F,63,35.06,2239.98,One year,Electronic Check,0,Fiber optic,0
2293,54,M,48,30.53,1420.43,One year,Electronic Check,1,DSL,0
2294,46,M,59,102.53,6023.55,Month-to-month,Bank Transfer,1,Fiber optic,1
2295,39,F,44,24.4,1100.66,Two year,Bank Transfer,0,DSL,0
2296,21,F,55,86.46,4742.92,Month-to-month,Bank Transfer,1,Fiber optic,1
2297,37,F,55,24.45,1342.02,Two year,Electronic Check,1,Fiber optic,0
2298,49,F,1,98.64,130.96,One year,Electronic Check,0,Fiber optic,1
2299,53,M,8,111.27,849.62,One year,Credit Card,0,Fiber optic,1
2300,67,F,4,68.68,292.45,One year,Electronic Check,1,Fiber optic,0
2301,21,M,53,100.45,5295.35,Month-to-month,Bank Transfer,0,Fiber optic,1
2302,44,M,58,90.64,5213.39,Two year,Credit Card,0,DSL,1
2303,34,M,37,99.56,3699.97,Month-to-month,Electronic Check,0,Fiber optic,1
2304,29,M,49,96.68,4699.46,Two year,Credit Card,0,DSL,1
2305,39,F,67,40.54,2740.88,One year,Electronic Check,1,Fiber optic,0
2306,34,F,19,69.96,1299.51,Month-to-month,Electronic Check,1,DSL,0
2307,27,F,1,116.04,70.89,One year,Electronic Check,1,Fiber optic,0
2308,71,F,29,54.35,1536.08,Month-to-month,Bank Transfer,0,Fiber optic,1
2309,18,M,33,117.05,3896.78,One year,Electronic Check,0,Fiber optic,1
2310,39,M,52,78.32,4059.74,One year,Bank Transfer,0,None,0
2311,43,M,41,66.16,2692.79,One year,Credit Card,0,DSL,0
2312,73,F,23,85.78,1972.06,Two year,Electronic Check,1,DSL,0
2313,76,M,5,101.58,521.19,Month-to-month,Bank Transfer,0,Fiber optic,1
2314,35,M,71,59.42,4172.53,Month-to-month,Bank Transfer,0,None,1
2315,67,M,57,23.3,1367.92,One year,Credit Card,0,Fiber optic,0
2316,31,M,6,90.88,591.13,One year,Credit Card,0,None,1
2317,64,F,49,115.62,5657.11,Month-to-month,Credit Card,0,DSL,1
2318,46,M,22,82.5,1806.26,One year,Electronic Check,1,DSL,0
2319,29,M,4,38.84,193.22,One year,Electronic Check,1,Fiber optic,0
2320,53,F,72,44.82,3219.97,Month-to-month,Credit Card,0,Fiber optic,1
2321,76,F,64,110.98,7138.34,Month-to-month,Electronic Check,0,Fiber optic,1
2322,52,F,37,21.36,743.15,Month-to-month,Bank Transfer,0,DSL,1
2323,69,M,31,74.87,2319.94,Month-to-month,Bank Transfer,1,Fiber optic,1
2324,78,M,37,35.87,1372.43,One year,Electronic Check,0,Fiber optic,0
2325,29,M,45,48.28,2147.88,Month-to-month,Electronic Check,1,Fiber optic,1
2326,24,M,8,50.7,382.22,Month-to-month,Bank Transfer,0,Fiber optic,1
2327,46,F,40,41.93,1690.21,One year,Bank Transfer,0,Fiber optic,0
2328,28,M,5,99.24,538.82,Two year,Electronic Check,0,Fiber optic,1
2329,50,M,28,53.22,1460.03,One year,Electronic Check,0,DSL,0
2330,23,F,9,54.55,533.12,Month-to-month,Credit Card,0,Fiber optic,1
2331,64,F,2,65.3,146.9,Two year,Credit Card,0,Fiber optic,0
2332,32,F,63,110.23,6993.79,Month-to-month,Electronic Check,0,Fiber optic,1
2333,49,M,51,88.82,4553.47,Month-to-month,Bank Transfer,1,None,1
2334,68,M,31,26.17,828.05,Month-to-month,Electronic Check,0,None,1
2335,28,M,7,23.93,199.0,Two year,Bank Transfer,0,None,0
2336,75,M,30,76.64,2266.71,Month-to-month,Electronic Check,0,DSL,1
2337,40,M,58,108.71,6349.78,Two year,Electronic Check,0,DSL,1
2338,43,F,3,52.33,123.55,Month-to-month,Bank Transfer,0,Fiber optic,1
2339,51,F,51,44.78,2236.35,Month-to-month,Bank Transfer,0,Fiber optic,1
2340,63,M,56,94.82,5329.71,Month-to-month,Electronic Check,0,Fiber optic,1
2341,51,M,10,80.21,770.56,Month-to-month,Bank Transfer,0,Fiber optic,1
2342,46,M,61,76.5,4692.38,Two year,Bank Transfer,0,Fiber optic,0
2343,21,M,50,34.93,1776.0,Month-to-month,Electronic Check,0,DSL,1
2344,34,M,47,37.6,1740.87,Month-to-month,Credit Card,0,Fiber optic,1
2345,52,F,1,48.18,6.85,One year,Credit Card,0,None,0
2346,30,F,57,40.68,2318.84,Month-to-month,Bank Transfer,0,Fiber optic,1
2347,58,F,38,117.14,4490.34,Month-to-month,Electronic Check,1,DSL,1
2348,56,M,62,21.86,1390.05,Month-to-month,Bank Transfer,0,DSL,1
2349,32,M,70,82.61,5744.41,One year,Electronic Check,0,Fiber optic,1
2350,72,F,65,71.76,4710.88,Month-to-month,Credit Card,0,Fiber optic,1
2351,46,F,62,52.33,3220.85,Two year,Credit Card,0,Fiber optic,0
2352,46,M,56,108.76,6075.5,One year,Credit Card,0,DSL,1
2353,28,F,67,87.02,5795.25,Month-to-month,Bank Transfer,1,None,1
2354,69,F,17,119.84,2025.06,Month-to-month,Credit Card,0,Fiber optic,1
2355,49,M,8,36.87,308.52,Two year,Credit Card,0,Fiber optic,0
2356,19,F,60,28.79,1728.01,Month-to-month,Bank Transfer,0,DSL,1
2357,64,F,40,33.94,1390.35,Month-to-month,Electronic Check,0,None,1
2358,31,F,62,46.93,2923.79,Month-to-month,Credit Card,0,Fiber optic,1
2359,37,M,41,61.68,2505.23,Month-to-month,Electronic Check,0,DSL,1
2360,39,F,12,106.26,1280.86,Month-to-month,Electronic Check,1,Fiber optic,1
2361,28,F,54,48.36,2567.86,Month-to-month,Bank Transfer,0,Fiber optic,1
2362,44,F,11,111.52,1234.8,One year,Electronic Check,0,Fiber optic,1
2363,20,M,60,66.29,3966.37,One year,Electronic Check,0,Fiber optic,0
2364,34,M,68,84.71,5720.12,Month-to-month,Bank Transfer,1,DSL,1
2365,79,F,46,46.44,2116.99,Month-to-month,Electronic Check,0,Fiber optic,1
2366,61,M,38,35.6,1392.61,One year,Credit Card,0,Fiber optic,0
2367,73,F,61,106.95,6532.55,Month-to-month,Bank Transfer,0,Fiber optic,1
2368,45,M,17,30.95,566.48,Two year,Bank Transfer,0,Fiber optic,0
2369,46,M,66,97.4,6419.48,One year,Bank Transfer,0,DSL,1
2370,38,F,72,78.1,5671.09,Month-to-month,Credit Card,0,None,1
2371,64,F,36,106.11,3805.96,Month-to-month,Electronic Check,1,Fiber optic,1
2372,33,F,7,91.78,668.14,Month-to-month,Electronic Check,0,DSL,1
2373,54,M,16,48.17,751.26,Month-to-month,Electronic Check,1,DSL,0
2374,76,F,14,77.44,1044.76,One year,Credit Card,0,Fiber optic,0
2375,37,M,25,21.31,566.06,One year,Electronic Check,1,Fiber optic,0
2376,23,M,4,67.52,296.34,Month-to-month,Electronic Check,0,DSL,1
2377,36,F,29,28.6,861.46,One year,Credit Card,0,Fiber optic,0
2378,74,M,56,62.89,3501.81,Month-to-month,Credit Card,0,Fiber optic,1
2379,22,F,6,30.96,206.13,Month-to-month,Electronic Check,1,Fiber optic,1
2380,20,M,1,115.55,87.54,Month-to-month,Credit Card,0,DSL,1
2381,76,F,39,72.31,2771.22,One year,Credit Card,1,DSL,0
2382,18,M,1,111.32,147.97,One year,Credit Card,0,DSL,1
2383,75,M,63,22.24,1403.47,Month-to-month,Bank Transfer,1,Fiber optic,1
2384,77,F,57,83.77,4823.26,One year,Bank Transfer,0,Fiber optic,1
2385,55,M,67,50.7,3385.4,Month-to-month,Electronic Check,1,Fiber optic,1
2386,32,F,65,63.18,4152.39,Month-to-month,Electronic Check,0,Fiber optic,1
2387,51,M,65,107.31,6986.66,One year,Credit Card,0,Fiber optic,1
2388,78,M,21,118.0,2479.22,Month-to-month,Electronic Check,0,Fiber optic,1
2389,52,M,30,44.65,1319.78,Month-to-month,Bank Transfer,0,DSL,1
2390,66,F,33,114.83,3821.92,Month-to-month,Electronic Check,0,Fiber optic,1
2391,42,F,48,88.87,4298.64,Month-to-month,Electronic Check,0,DSL,1
2392,41,F,22,115.14,2524.77,One year,Bank Transfer,0,DSL,1
2393,29,F,54,76.24,4139.69,One year,Bank Transfer,0,Fiber optic,0
2394,35,F,4,116.08,459.04,Two year,Credit Card,1,DSL,0
2395,32,M,55,109.25,6032.72,Month-to-month,Credit Card,1,DSL,1
2396,61,M,44,32.86,1495.26,Two year,Credit Card,0,DSL,0
2397,33,F,12,51.08,589.21,Month-to-month,Electronic Check,0,Fiber optic,1
2398,44,M,52,44.31,2317.53,Two year,Electronic Check,1,Fiber optic,0
2399,25,M,65,77.21,5006.64,Two year,Electronic Check,0,Fiber optic,0
2400,77,M,65,100.28,6523.04,Month-to-month,Bank Transfer,0,DSL,1
2401,63,M,10,95.94,996.81,Month-to-month,Electronic Check,1,Fiber optic,1
2402,42,F,18,92.67,1652.82,Month-to-month,Bank Transfer,0,Fiber optic,1
2403,34,M,47,57.53,2661.15,Month-to-month,Electronic Check,1,Fiber optic,1
2404,46,F,66,33.96,2271.25,Month-to-month,Electronic Check,0,DSL,1
2405,70,F,49,41.06,2017.44,Month-to-month,Bank Transfer,0,None,1
2406,25,M,72,94.17,6775.18,Month-to-month,Bank Transfer,0,Fiber optic,1
2407,32,F,22,34.75,732.83,Month-to-month,Bank Transfer,0,Fiber optic,1
2408,44,M,26,42.29,1058.83,One year,Credit Card,1,Fiber optic,0
2409,63,M,9,62.46,540.01,Month-to-month,Credit Card,0,Fiber optic,1
2410,67,M,21,27.21,593.3,Month-to-month,Electronic Check,0,DSL,1
2411,69,F,63,41.27,2591.19,Month-to-month,Electronic Check,1,DSL,0
2412,24,F,6,34.98,216.9,Two year,Electronic Check,1,None,0
2413,20,F,14,115.13,1570.02,One year,Credit Card,0,Fiber optic,1
2414,46,M,33,39.15,1254.27,Month-to-month,Electronic Check,0,Fiber optic,1
2415,61,M,71,106.18,7489.91,One year,Bank Transfer,0,Fiber optic,1
2416,70,M,24,31.48,772.85,Month-to-month,Bank Transfer,0,DSL,1
2417,41,F,51,106.97,5431.92,One year,Credit Card,1,Fiber optic,1
2418,77,M,2,79.94,206.57,Month-to-month,Bank Transfer,1,DSL,0
2419,75,M,15,104.97,1555.4,Month-to-month,Bank Transfer,0,Fiber optic,1
2420,20,F,35,106.73,3721.91,Month-to-month,Electronic Check,0,DSL,1
2421,37,F,36,79.64,2863.99,Month-to-month,Bank Transfer,1,Fiber optic,1
2422,63,F,39,111.77,4340.94,One year,Bank Transfer,0,Fiber optic,1
2423,32,M,4,78.54,345.9,One year,Credit Card,0,DSL,0
2424,42,M,64,91.26,5878.26,One year,Bank Transfer,0,Fiber optic,1
2425,47,M,6,61.61,320.76,Two year,Bank Transfer,1,DSL,0
2426,31,F,57,111.41,6365.84,One year,Electronic Check,1,DSL,0
2427,24,F,30,102.42,3091.21,Month-to-month,Electronic Check,0,Fiber optic,1
2428,34,F,67,36.67,2503.03,Two year,Electronic Check,1,Fiber optic,0
2429,79,F,15,77.64,1151.64,Two year,Credit Card,0,Fiber optic,0
2430,61,M,17,109.68,1834.09,One year,Electronic Check,1,DSL,0
2431,37,M,18,99.31,1789.64,Two year,Bank Transfer,1,None,0
2432,53,M,19,116.26,2203.7,Two year,Credit Card,1,Fiber optic,0
2433,26,M,69,43.13,3005.14,Month-to-month,Bank Transfer,1,DSL,0
2434,55,M,24,56.75,1402.4,Month-to-month,Bank Transfer,0,Fiber optic,1
2435,65,M,48,70.72,3353.23,Month-to-month,Electronic Check,0,DSL,1
2436,74,M,30,43.27,1332.76,Two year,Credit Card,0,Fiber optic,0
2437,77,M,15,59.4,931.9,Month-to-month,Credit Card,0,Fiber optic,1
2438,39,F,47,73.75,3508.66,One year,Electronic Check,0,Fiber optic,0
2439,71,F,44,39.13,1748.15,Two year,Credit Card,1,DSL,0
2440,70,M,27,45.67,1257.3,Two year,Bank Transfer,0,Fiber optic,0
2441,70,F,64,32.48,2030.21,One year,Credit Card,0,Fiber optic,0
2442,19,M,41,91.34,3786.96,Month-to-month,Bank Transfer,0,DSL,1
2443,41,M,68,56.16,3804.03,Month-to-month,Credit Card,1,DSL,0
2444,25,F,5,42.03,164.26,Two year,Credit Card,0,Fiber optic,0
2445,28,M,53,70.73,3739.99,Two year,Electronic Check,1,Fiber optic,0
2446,30,M,8,26.82,237.85,One year,Electronic Check,1,Fiber optic,0
2447,34,M,22,112.34,2465.68,Two year,Credit Card,1,Fiber optic,0
2448,25,M,7,49.45,371.95,Month-to-month,Bank Transfer,0,Fiber optic,1
2449,38,M,22,108.65,2391.24,One year,Electronic Check,1,DSL,0
2450,35,M,46,69.76,3188.9,Month-to-month,Electronic Check,0,DSL,1
2451,47,M,30,105.02,3120.89,One year,Electronic Check,1,Fiber optic,1
2452,35,F,16,44.71,707.47,Month-to-month,Credit Card,0,Fiber optic,1
2453,63,F,5,37.53,141.23,Month-to-month,Bank Transfer,0,DSL,1
2454,64,M,67,104.94,7023.23,Two year,Bank Transfer,0,None,1
2455,48,F,23,41.29,906.53,One year,Credit Card,0,None,0
2456,55,M,61,94.62,5809.52,Two year,Bank Transfer,1,Fiber optic,0
2457,49,M,5,54.46,279.85,One year,Electronic Check,0,None,0
2458,28,M,23,94.82,2195.46,Month-to-month,Bank Transfer,0,Fiber optic,1
2459,62,M,25,110.76,2747.89,Month-to-month,Electronic Check,0,Fiber optic,1
2460,42,F,8,118.16,917.86,Two year,Electronic Check,0,Fiber optic,1
2461,50,F,21,55.98,1196.37,One year,Credit Card,0,Fiber optic,0
2462,77,F,2,56.75,130.66,Two year,Electronic Check,0,None,0
2463,55,F,22,118.14,2561.35,Month-to-month,Bank Transfer,1,Fiber optic,1
2464,58,M,72,106.15,7616.66,Month-to-month,Bank Transfer,0,DSL,1
2465,25,F,72,24.51,1809.38,Two year,Bank Transfer,0,Fiber optic,0
2466,28,M,68,77.34,5239.54,Month-to-month,Bank Transfer,0,Fiber optic,1
2467,39,M,64,38.12,2392.26,Month-to-month,Bank Transfer,0,Fiber optic,1
2468,68,F,19,119.4,2224.98,Month-to-month,Electronic Check,1,Fiber optic,1
2469,41,M,53,33.89,1823.72,One year,Credit Card,1,DSL,0
2470,58,F,52,75.93,3974.08,Month-to-month,Credit Card,1,Fiber optic,1
2471,34,F,47,86.52,4054.62,One year,Bank Transfer,0,None,1
2472,29,F,54,113.71,6105.66,Two year,Electronic Check,1,DSL,0
2473,74,F,44,104.73,4607.93,Month-to-month,Credit Card,0,Fiber optic,1
2474,63,F,7,44.58,295.25,Month-to-month,Bank Transfer,0,Fiber optic,1
2475,49,M,1,77.26,64.66,Month-to-month,Electronic Check,1,Fiber optic,1
2476,32,F,63,115.36,7243.78,Month-to-month,Credit Card,1,Fiber optic,1
2477,33,F,39,93.57,3605.52,Month-to-month,Electronic Check,0,Fiber optic,1
2478,71,M,19,88.83,1716.89,Month-to-month,Bank Transfer,0,None,1
2479,39,F,31,95.49,2972.01,Month-to-month,Electronic Check,0,Fiber optic,1
2480,45,F,24,52.25,1287.46,Month-to-month,Credit Card,0,Fiber optic,1
2481,37,M,69,92.93,6412.49,One year,Credit Card,1,DSL,0
2482,50,M,65,43.29,2862.35,Two year,Electronic Check,0,None,0
2483,27,F,33,62.81,2118.98,Month-to-month,Credit Card,1,Fiber optic,1
2484,57,M,59,108.99,6407.59,One year,Electronic Check,1,Fiber optic,1
2485,49,F,33,21.9,711.4,Month-to-month,Electronic Check,1,Fiber optic,1
2486,67,M,32,61.43,1991.03,Month-to-month,Bank Transfer,1,Fiber optic,1
2487,77,F,59,46.68,2781.78,Month-to-month,Bank Transfer,0,Fiber optic,1
2488,50,F,41,39.86,1675.33,One year,Electronic Check,0,DSL,0
2489,19,F,12,103.86,1261.58,Month-to-month,Credit Card,0,Fiber optic,1
2490,50,M,11,89.65,983.66,Month-to-month,Bank Transfer,1,DSL,1
2491,50,F,19,31.26,581.71,Two year,Credit Card,0,Fiber optic,0
2492,58,M,54,69.45,3742.22,Month-to-month,Electronic Check,1,DSL,0
2493,30,F,57,66.69,3836.37,Month-to-month,Credit Card,0,Fiber optic,1
2494,47,F,42,34.25,1486.5,One year,Credit Card,1,DSL,0
2495,50,F,71,99.98,7053.77,Month-to-month,Electronic Check,1,Fiber optic,1
2496,30,F,31,56.67,1764.79,Month-to-month,Bank Transfer,1,Fiber optic,1
2497,69,F,52,96.19,5003.89,Month-to-month,Bank Transfer,1,Fiber optic,1
2498,43,M,2,39.21,66.03,One year,Credit Card,0,Fiber optic,0
2499,39,M,38,51.51,1992.54,Month-to-month,Electronic Check,0,Fiber optic,1
2500,56,M,32,29.52,952.21,One year,Electronic Check,1,Fiber optic,0
2501,19,F,10,34.35,324.81,Two year,Bank Transfer,1,DSL,0
2502,55,F,8,108.32,860.97,Two year,Electronic Check,0,DSL,1
2503,56,M,20,30.91,603.88,Month-to-month,Electronic Check,0,DSL,1
2504,43,F,20,29.57,584.41,One year,Credit Card,1,Fiber optic,0
2505,63,F,9,114.04,983.49,Month-to-month,Credit Card,0,Fiber optic,1
2506,75,F,72,84.59,6051.67,Two year,Bank Transfer,0,DSL,1
2507,67,M,15,30.09,463.72,Two year,Bank Transfer,0,Fiber optic,0
2508,32,M,63,117.17,7400.12,Month-to-month,Credit Card,0,DSL,1
2509,51,M,21,34.71,742.57,One year,Electronic Check,0,DSL,0
2510,59,M,5,96.63,509.46,Two year,Electronic Check,0,DSL,1
2511,72,M,35,23.49,866.5,Month-to-month,Credit Card,1,Fiber optic,1
2512,61,F,68,82.45,5642.66,One year,Credit Card,1,Fiber optic,1
2513,66,F,48,74.67,3576.01,One year,Credit Card,0,Fiber optic,0
2514,57,F,62,40.8,2501.35,Two year,Credit Card,0,Fiber optic,0
2515,28,F,35,84.31,2932.04,Month-to-month,Electronic Check,0,DSL,1
2516,78,M,70,81.71,5728.47,Two year,Electronic Check,0,Fiber optic,1
2517,20,M,21,99.84,2132.26,One year,Bank Transfer,0,DSL,1
2518,76,F,39,107.59,4216.18,Month-to-month,Credit Card,0,Fiber optic,1
2519,23,M,34,71.01,2418.64,One year,Bank Transfer,0,Fiber optic,0
2520,26,F,15,69.03,1045.64,Month-to-month,Electronic Check,1,Fiber optic,1
2521,23,F,6,82.16,495.79,Month-to-month,Bank Transfer,0,DSL,1
2522,26,F,66,92.92,6179.88,One year,Electronic Check,0,None,1
2523,56,F,56,55.62,3146.33,Two year,Electronic Check,1,Fiber optic,0
2524,48,M,49,70.46,3480.67,Two year,Bank Transfer,0,Fiber optic,0
2525,49,F,1,78.51,80.24,Month-to-month,Bank Transfer,1,Fiber optic,1
2526,58,M,65,118.84,7707.78,Month-to-month,Credit Card,0,Fiber optic,1
2527,67,F,28,78.77,2157.51,Two year,Electronic Check,0,Fiber optic,0
2528,29,F,20,42.42,802.74,Two year,Credit Card,0,Fiber optic,0
2529,25,F,48,78.8,3735.42,Two year,Credit Card,0,DSL,0
2530,25,F,72,101.95,7388.45,Month-to-month,Electronic Check,1,Fiber optic,1
2531,67,M,65,105.74,6834.55,One year,Bank Transfer,1,DSL,0
2532,45,F,51,100.03,5065.74,Two year,Credit Card,1,DSL,0
2533,79,M,43,108.82,4677.67,Month-to-month,Credit Card,1,Fiber optic,1
2534,37,F,49,53.48,2618.66,Month-to-month,Electronic Check,0,Fiber optic,1
2535,79,F,25,70.76,1811.0,Two year,Bank Transfer,0,Fiber optic,0
2536,64,F,41,97.96,3973.71,Month-to-month,Bank Transfer,0,Fiber optic,1
2537,76,M,71,46.44,3342.96,Month-to-month,Credit Card,0,Fiber optic,1
2538,24,F,64,57.16,3629.88,Month-to-month,Electronic Check,0,DSL,1
2539,28,F,61,103.12,6337.34,Month-to-month,Credit Card,0,Fiber optic,1
2540,37,F,12,97.01,1168.25,Month-to-month,Bank Transfer,1,Fiber optic,1
2541,33,F,69,117.12,8096.48,Month-to-month,Credit Card,1,Fiber optic,1
2542,21,F,14,119.6,1655.97,Month-to-month,Electronic Check,0,DSL,1
2543,23,M,34,44.07,1509.56,Two year,Credit Card,0,DSL,0
2544,75,M,48,110.04,5303.0,Month-to-month,Bank Transfer,1,Fiber optic,1
2545,39,F,61,29.45,1747.49,Month-to-month,Electronic Check,1,Fiber optic,1
2546,43,F,35,90.98,3137.72,Month-to-month,Electronic Check,0,Fiber optic,1
2547,20,M,65,42.01,2779.3,One year,Electronic Check,1,DSL,0
2548,58,F,59,50.03,2947.53,Month-to-month,Electronic Check,0,DSL,1
2549,77,M,36,114.63,4170.26,Month-to-month,Electronic Check,1,Fiber optic,1
2550,59,F,19,46.32,903.07,Month-to-month,Credit Card,1,DSL,0
2551,31,F,42,87.32,3654.74,Two year,Electronic Check,1,None,0
2552,28,M,69,37.81,2573.97,One year,Bank Transfer,0,Fiber optic,0
2553,35,F,19,29.34,605.28,Month-to-month,Electronic Check,0,DSL,1
2554,71,M,39,53.93,2111.72,Two year,Bank Transfer,0,Fiber optic,0
2555,29,M,69,82.42,5656.22,Month-to-month,Bank Transfer,0,DSL,1
2556,40,M,52,44.79,2347.25,Month-to-month,Bank Transfer,0,Fiber optic,1
2557,29,F,12,50.02,559.44,Month-to-month,Bank Transfer,0,DSL,1
2558,30,M,47,90.87,4307.69,Month-to-month,Bank Transfer,0,Fiber optic,1
2559,42,M,36,30.28,1049.09,One year,Credit Card,0,None,0
2560,62,F,63,64.69,4049.09,Month-to-month,Bank Transfer,0,Fiber optic,1
2561,68,F,51,114.17,5781.81,One year,Bank Transfer,1,Fiber optic,1
2562,75,F,43,59.7,2527.48,Month-to-month,Bank Transfer,1,DSL,0
2563,36,F,34,63.42,2158.66,Month-to-month,Credit Card,1,DSL,0
2564,72,F,49,93.82,4615.88,One year,Electronic Check,1,Fiber optic,0
2565,63,F,18,97.9,1791.05,Two year,Bank Transfer,1,Fiber optic,1
2566,53,M,61,96.96,5934.07,Month-to-month,Credit Card,1,Fiber optic,1
2567,62,F,57,119.79,6814.38,Month-to-month,Credit Card,1,Fiber optic,1
2568,25,M,5,27.15,141.48,One year,Credit Card,0,Fiber optic,0
2569,46,F,24,118.23,2880.29,One year,Electronic Check,1,Fiber optic,1
2570,72,M,64,115.02,7350.04,Month-to-month,Credit Card,0,Fiber optic,1
2571,70,M,59,105.21,6182.63,Month-to-month,Bank Transfer,0,Fiber optic,1
2572,72,F,38,65.41,2487.51,One year,Bank Transfer,0,DSL,0
2573,49,F,33,107.09,3513.7,Month-to-month,Bank Transfer,0,DSL,1
2574,68,M,10,42.08,396.98,Month-to-month,Electronic Check,1,DSL,0
2575,61,F,37,99.17,3697.17,Month-to-month,Credit Card,0,Fiber optic,1
2576,35,F,11,38.52,462.8,One year,Bank Transfer,0,DSL,0
2577,23,M,24,101.54,2437.19,One year,Bank Transfer,0,DSL,1
2578,35,M,71,81.45,5810.93,Month-to-month,Bank Transfer,0,DSL,1
2579,36,M,21,29.8,594.51,Month-to-month,Electronic Check,0,DSL,1
2580,39,F,20,109.53,2195.36,One year,Bank Transfer,0,Fiber optic,1
2581,54,F,10,77.8,791.62,One year,Credit Card,0,None,0
2582,49,F,47,85.62,4023.21,Month-to-month,Credit Card,0,None,1
2583,73,F,47,48.35,2234.14,Month-to-month,Electronic Check,0,DSL,1
2584,58,M,15,107.16,1630.81,One year,Electronic Check,1,Fiber optic,0
2585,76,F,44,74.52,3312.79,Month-to-month,Electronic Check,0,DSL,1
2586,20,M,62,62.11,3864.34,Month-to-month,Credit Card,0,None,1
2587,45,F,6,73.43,407.5,One year,Electronic Check,0,None,0
2588,27,F,66,90.33,5919.24,One year,Electronic Check,0,None,1
2589,68,M,4,89.5,338.16,One year,Credit Card,0,DSL,1
2590,52,F,23,55.76,1236.18,Month-to-month,Bank Transfer,1,DSL,0
2591,78,F,13,58.53,794.81,Two year,Electronic Check,0,Fiber optic,0
2592,46,M,31,76.22,2383.13,Month-to-month,Bank Transfer,1,DSL,0
2593,71,F,16,112.44,1805.41,Month-to-month,Bank Transfer,0,Fiber optic,1
2594,32,M,41,94.54,3915.1,Month-to-month,Bank Transfer,0,Fiber optic,1
2595,50,M,1,59.04,20.05,Month-to-month,Bank Transfer,1,DSL,0
2596,24,M,12,53.7,665.85,Month-to-month,Electronic Check,0,Fiber optic,1
2597,29,M,56,72.36,4016.82,Month-to-month,Electronic Check,0,Fiber optic,1
2598,66,F,50,107.0,5306.09,Month-to-month,Electronic Check,1,Fiber optic,1
2599,47,F,20,20.87,380.69,Month-to-month,Credit Card,1,DSL,0
2600,38,F,66,91.05,6054.39,One year,Credit Card,1,Fiber optic,1
2601,48,M,36,49.45,1774.24,Two year,Bank Transfer,0,Fiber optic,0
2602,75,F,38,40.84,1506.82,Month-to-month,Credit Card,0,Fiber optic,1
2603,78,F,22,21.21,474.98,Two year,Bank Transfer,0,DSL,0
2604,41,F,61,109.66,6659.23,Two year,Bank Transfer,1,Fiber optic,1
2605,37,F,50,111.22,5511.68,Month-to-month,Electronic Check,0,Fiber optic,1
2606,54,M,59,26.14,1568.1,Two year,Electronic Check,1,DSL,0
2607,21,M,20,72.18,1409.09,Month-to-month,Credit Card,0,DSL,1
2608,45,F,36,35.26,1313.61,Two year,Electronic Check,0,DSL,0
2609,61,M,15,95.87,1447.33,Two year,Credit Card,0,DSL,1
2610,79,F,62,86.54,5324.18,Two year,Electronic Check,0,DSL,1
2611,37,F,3,49.71,120.91,Month-to-month,Electronic Check,0,None,1
2612,77,F,5,31.7,169.58,One year,Credit Card,0,DSL,0
2613,41,M,56,103.12,5758.53,Month-to-month,Bank Transfer,1,Fiber optic,1
2614,67,F,31,87.43,2713.54,Month-to-month,Credit Card,1,Fiber optic,1
2615,66,M,35,20.68,753.75,Month-to-month,Electronic Check,1,Fiber optic,1
2616,68,M,71,82.79,5907.35,Month-to-month,Bank Transfer,0,Fiber optic,1
2617,49,F,70,101.03,7091.9,One year,Electronic Check,0,Fiber optic,1
2618,58,M,26,79.08,2094.69,One year,Electronic Check,0,Fiber optic,0
2619,53,M,1,62.47,32.41,Two year,Electronic Check,0,DSL,0
2620,75,F,7,78.39,516.45,Month-to-month,Bank Transfer,1,Fiber optic,1
2621,70,M,36,81.97,2980.85,One year,Electronic Check,0,Fiber optic,1
2622,51,M,25,84.0,2082.09,One year,Credit Card,1,Fiber optic,0
2623,53,F,59,116.7,6886.52,Month-to-month,Credit Card,1,DSL,1
2624,19,F,61,37.86,2333.86,Month-to-month,Credit Card,0,Fiber optic,1
2625,32,M,29,82.31,2376.58,Month-to-month,Bank Transfer,0,DSL,1
2626,51,F,18,38.8,661.42,Two year,Credit Card,1,DSL,0
2627,53,F,41,41.0,1698.95,Two year,Electronic Check,0,Fiber optic,0
2628,23,M,19,86.93,1683.39,One year,Bank Transfer,0,DSL,1
2629,56,M,4,111.6,397.68,Month-to-month,Electronic Check,0,DSL,1
2630,59,F,65,35.9,2339.76,Month-to-month,Electronic Check,0,Fiber optic,1
2631,68,M,41,116.25,4763.19,Two year,Electronic Check,1,Fiber optic,0
2632,68,F,15,51.94,755.06,Month-to-month,Credit Card,0,DSL,1
2633,75,F,54,59.13,3159.12,Month-to-month,Credit Card,0,Fiber optic,1
2634,71,M,64,35.37,2232.48,Month-to-month,Bank Transfer,1,DSL,0
2635,78,M,72,81.58,5896.26,Two year,Bank Transfer,0,Fiber optic,1
2636,29,F,15,79.64,1198.22,Month-to-month,Credit Card,1,Fiber optic,1
2637,20,F,50,64.23,3259.62,Month-to-month,Credit Card,1,Fiber optic,1
2638,62,F,22,67.61,1461.74,One year,Electronic Check,0,Fiber optic,0
2639,35,F,18,82.3,1527.09,Month-to-month,Credit Card,0,Fiber optic,1
2640,57,M,2,78.35,158.21,Two year,Electronic Check,0,None,0
2641,38,F,36,57.43,2032.08,Month-to-month,Credit Card,0,DSL,1
2642,32,M,20,108.41,2133.02,Two year,Electronic Check,0,DSL,1
2643,50,M,16,86.77,1399.18,One year,Credit Card,1,Fiber optic,1
2644,52,F,67,40.54,2749.32,One year,Credit Card,1,Fiber optic,0
2645,43,M,30,51.99,1584.47,Two year,Bank Transfer,0,None,0
2646,25,M,55,98.79,5449.01,Month-to-month,Bank Transfer,1,None,1
2647,53,F,66,30.45,1976.91,Month-to-month,Electronic Check,1,Fiber optic,1
2648,65,M,26,95.02,2431.35,Month-to-month,Bank Transfer,0,Fiber optic,1
2649,47,M,57,55.88,3135.18,Month-to-month,Bank Transfer,0,None,1
2650,40,F,69,75.17,5146.91,One year,Credit Card,0,Fiber optic,0
2651,59,F,2,48.06,122.76,Month-to-month,Electronic Check,0,Fiber optic,1
2652,61,F,56,118.65,6683.92,Month-to-month,Bank Transfer,1,DSL,1
2653,31,F,62,110.58,6830.0,Month-to-month,Bank Transfer,0,Fiber optic,1
2654,31,F,34,112.84,3866.05,One year,Credit Card,0,DSL,1
2655,19,F,56,38.48,2124.76,Month-to-month,Credit Card,0,None,1
2656,72,F,55,104.17,5704.28,One year,Credit Card,0,Fiber optic,1
2657,54,M,20,73.54,1443.22,Month-to-month,Electronic Check,0,None,1
2658,22,M,50,90.79,4494.67,One year,Credit Card,1,DSL,0
2659,55,F,25,41.75,1013.16,One year,Electronic Check,0,Fiber optic,0
2660,62,M,25,91.2,2267.35,Month-to-month,Credit Card,0,Fiber optic,1
2661,58,M,53,111.43,5896.34,One year,Bank Transfer,0,DSL,1
2662,79,F,14,46.75,635.45,One year,Electronic Check,1,Fiber optic,0
2663,71,M,60,43.34,2601.87,Two year,Credit Card,0,Fiber optic,0
2664,77,F,43,30.44,1296.72,Month-to-month,Credit Card,0,Fiber optic,1
2665,78,M,62,46.68,2941.2,Month-to-month,Bank Transfer,0,DSL,1
2666,64,F,69,73.58,5107.76,Two year,Bank Transfer,0,DSL,0
2667,31,M,63,103.27,6549.11,One year,Bank Transfer,1,Fiber optic,1
2668,73,M,2,47.88,101.5,Month-to-month,Credit Card,1,Fiber optic,1
2669,56,M,54,82.11,4451.77,Two year,Bank Transfer,0,Fiber optic,1
2670,42,F,16,67.96,1054.03,Two year,Bank Transfer,1,Fiber optic,0
2671,37,M,55,48.86,2712.58,Month-to-month,Electronic Check,0,Fiber optic,1
2672,19,M,43,71.04,3028.32,Month-to-month,Electronic Check,1,None,0
2673,56,F,61,36.8,2209.38,Month-to-month,Electronic Check,0,Fiber optic,1
2674,23,F,38,83.96,3144.67,Two year,Credit Card,0,Fiber optic,1
2675,34,M,45,31.57,1417.87,Month-to-month,Electronic Check,0,Fiber optic,1
2676,76,M,51,93.1,4726.78,Month-to-month,Credit Card,0,Fiber optic,1
2677,42,M,42,37.77,1635.01,One year,Bank Transfer,1,Fiber optic,0
2678,74,M,24,119.82,2850.66,Month-to-month,Credit Card,1,DSL,1
2679,45,F,30,102.37,3107.75,Month-to-month,Credit Card,0,Fiber optic,1
2680,19,M,37,54.38,1993.7,Month-to-month,Bank Transfer,0,Fiber optic,1
2681,52,M,53,62.62,3343.77,Month-to-month,Electronic Check,0,Fiber optic,1
2682,54,F,63,45.92,2908.94,Month-to-month,Electronic Check,0,DSL,1
2683,22,M,11,96.71,1069.99,Month-to-month,Electronic Check,0,DSL,1
2684,18,M,23,58.07,1327.29,Two year,Bank Transfer,0,DSL,0
2685,57,M,50,95.52,4793.11,Month-to-month,Credit Card,0,DSL,1
2686,29,F,55,21.84,1191.93,One year,Bank Transfer,1,Fiber optic,0
2687,73,F,55,33.56,1850.61,One year,Bank Transfer,1,DSL,0
2688,53,M,4,56.5,234.98,Month-to-month,Bank Transfer,1,Fiber optic,1
2689,62,M,54,30.89,1644.8,Month-to-month,Bank Transfer,0,Fiber optic,1
2690,40,F,61,80.11,4870.68,Month-to-month,Credit Card,0,Fiber optic,1
2691,64,M,5,25.08,77.21,Month-to-month,Electronic Check,0,Fiber optic,1
2692,48,M,18,105.98,1942.86,One year,Electronic Check,1,Fiber optic,0
2693,28,F,44,96.13,4255.32,One year,Bank Transfer,0,Fiber optic,1
2694,27,F,31,41.63,1258.88,Two year,Credit Card,0,None,0
2695,20,F,21,68.38,1422.18,One year,Bank Transfer,0,Fiber optic,0
2696,71,M,47,65.18,3055.57,Month-to-month,Credit Card,0,Fiber optic,1
2697,31,M,30,92.49,2758.14,Month-to-month,Bank Transfer,0,Fiber optic,1
2698,33,M,55,60.15,3338.07,Month-to-month,Electronic Check,1,None,0
2699,27,M,68,23.29,1606.26,Month-to-month,Electronic Check,0,Fiber optic,1
2700,46,F,69,47.37,3295.25,Month-to-month,Bank Transfer,0,Fiber optic,1
2701,27,M,41,66.62,2771.83,Month-to-month,Electronic Check,1,DSL,0
2702,29,M,45,117.45,5294.77,Month-to-month,Bank Transfer,0,Fiber optic,1
2703,47,F,30,108.12,3255.05,Month-to-month,Credit Card,0,Fiber optic,1
2704,58,F,45,38.14,1738.49,Month-to-month,Credit Card,0,Fiber optic,1
2705,18,M,45,92.33,4172.97,Month-to-month,Credit Card,0,Fiber optic,1
2706,22,F,45,113.68,5152.58,Month-to-month,Credit Card,1,Fiber optic,1
2707,37,F,55,20.88,1175.42,Month-to-month,Bank Transfer,0,DSL,1
2708,25,M,59,92.09,5395.36,Month-to-month,Electronic Check,0,Fiber optic,1
2709,60,M,5,65.93,372.49,Month-to-month,Credit Card,0,Fiber optic,1
2710,29,M,32,88.02,2834.95,Month-to-month,Electronic Check,0,DSL,1
2711,18,M,6,80.56,446.07,Month-to-month,Bank Transfer,1,Fiber optic,1
2712,74,F,26,118.47,3107.42,Month-to-month,Electronic Check,0,DSL,1
2713,71,F,37,48.88,1794.4,Two year,Electronic Check,0,Fiber optic,0
2714,37,M,13,98.61,1312.53,Month-to-month,Electronic Check,0,Fiber optic,1
2715,45,M,69,43.46,3044.28,Two year,Bank Transfer,0,DSL,0
2716,74,F,25,63.56,1564.52,Month-to-month,Bank Transfer,1,Fiber optic,1
2717,60,M,13,117.54,1563.76,Month-to-month,Bank Transfer,0,Fiber optic,1
2718,54,M,20,96.61,1959.56,One year,Electronic Check,0,Fiber optic,1
2719,64,M,72,51.58,3730.88,One year,Credit Card,0,Fiber optic,0
2720,54,M,60,81.94,4904.89,Month-to-month,Credit Card,1,Fiber optic,1
2721,29,F,21,24.97,485.36,Month-to-month,Electronic Check,0,DSL,1
2722,54,M,61,46.64,2843.43,One year,Credit Card,0,DSL,0
2723,66,F,26,91.84,2348.41,Month-to-month,Credit Card,0,Fiber optic,1
2724,66,M,54,77.01,4158.55,Month-to-month,Electronic Check,0,None,1
2725,73,M,42,66.97,2844.77,Two year,Bank Transfer,0,Fiber optic,0
2726,61,F,11,89.09,1029.75,Month-to-month,Credit Card,0,DSL,1
2727,73,M,37,59.85,2184.25,Month-to-month,Bank Transfer,0,Fiber optic,1
2728,45,F,11,22.62,219.61,Month-to-month,Credit Card,0,Fiber optic,1
2729,64,M,27,64.1,1761.79,Month-to-month,Electronic Check,0,None,1
2730,32,M,34,110.21,3744.05,One year,Electronic Check,1,DSL,0
2731,23,M,38,105.66,4056.66,Month-to-month,Bank Transfer,1,Fiber optic,1
2732,61,M,61,60.9,3741.8,Month-to-month,Bank Transfer,0,DSL,1
2733,76,M,53,22.22,1201.3,Month-to-month,Bank Transfer,0,Fiber optic,1
2734,78,F,65,83.63,5396.15,Month-to-month,Bank Transfer,0,DSL,1
2735,37,F,3,94.12,235.95,Two year,Electronic Check,1,DSL,0
2736,67,M,67,49.42,3292.82,Month-to-month,Electronic Check,1,Fiber optic,1
2737,31,M,28,67.67,1866.49,Month-to-month,Electronic Check,0,Fiber optic,1
2738,19,F,14,119.19,1689.89,Month-to-month,Bank Transfer,0,None,1
2739,26,F,52,77.63,4031.83,Month-to-month,Electronic Check,0,Fiber optic,1
2740,54,M,30,55.11,1655.61,Two year,Electronic Check,0,DSL,0
2741,37,M,58,82.75,4830.87,Month-to-month,Credit Card,0,Fiber optic,1
2742,43,F,54,38.0,2049.85,One year,Credit Card,0,Fiber optic,0
2743,46,M,69,39.93,2759.66,Month-to-month,Credit Card,1,Fiber optic,1
2744,18,F,15,112.49,1721.58,One year,Bank Transfer,1,Fiber optic,0
2745,72,M,38,43.92,1662.09,Two year,Bank Transfer,1,DSL,0
2746,52,F,14,51.08,673.43,Month-to-month,Electronic Check,1,Fiber optic,1
2747,23,F,57,74.38,4241.83,Month-to-month,Electronic Check,0,Fiber optic,1
2748,54,M,59,109.97,6496.17,Month-to-month,Bank Transfer,0,Fiber optic,1
2749,70,F,8,98.14,786.3,Month-to-month,Credit Card,0,Fiber optic,1
2750,76,M,72,24.38,1731.16,Month-to-month,Electronic Check,0,None,1
2751,22,M,19,89.3,1669.07,Two year,Credit Card,1,Fiber optic,1
2752,50,M,32,70.41,2240.1,Month-to-month,Electronic Check,0,Fiber optic,1
2753,66,M,29,67.56,1925.86,One year,Credit Card,1,Fiber optic,0
2754,68,F,41,89.16,3672.16,Month-to-month,Electronic Check,1,DSL,1
2755,31,M,45,39.62,1794.37,Month-to-month,Credit Card,0,Fiber optic,1
2756,29,M,13,118.15,1549.19,One year,Credit Card,0,Fiber optic,1
2757,59,M,27,84.53,2254.79,Two year,Bank Transfer,1,DSL,0
2758,37,M,19,56.57,1049.48,Month-to-month,Electronic Check,0,DSL,1
2759,70,F,26,80.02,2109.26,Month-to-month,Credit Card,0,Fiber optic,1
2760,67,M,53,41.65,2226.46,One year,Bank Transfer,1,Fiber optic,0
2761,41,F,51,83.38,4289.9,One year,Electronic Check,0,None,1
2762,76,F,37,22.82,834.69,Two year,Bank Transfer,0,None,0
2763,60,F,9,54.12,491.81,Month-to-month,Credit Card,0,Fiber optic,1
2764,79,M,52,94.75,4950.88,One year,Electronic Check,0,DSL,1
2765,51,M,54,100.8,5490.62,Month-to-month,Credit Card,0,Fiber optic,1
2766,42,M,3,45.29,184.83,Month-to-month,Credit Card,0,DSL,1
2767,67,M,69,73.94,5151.78,Month-to-month,Bank Transfer,0,Fiber optic,1
2768,46,F,8,72.85,621.85,Month-to-month,Credit Card,0,Fiber optic,1
2769,74,F,14,62.15,884.07,Two year,Electronic Check,0,Fiber optic,0
2770,56,M,3,42.84,79.22,Month-to-month,Bank Transfer,1,DSL,0
2771,48,M,24,90.32,2187.63,Month-to-month,Credit Card,0,Fiber optic,1
2772,73,M,13,45.24,561.98,One year,Credit Card,0,Fiber optic,0
2773,64,M,43,111.1,4733.02,One year,Credit Card,0,Fiber optic,1
2774,60,M,29,72.85,2132.37,Month-to-month,Bank Transfer,1,None,0
2775,67,M,72,107.05,7733.2,Month-to-month,Electronic Check,0,Fiber optic,1
2776,40,M,51,49.07,2518.51,Month-to-month,Bank Transfer,0,Fiber optic,1
2777,61,F,42,100.71,4216.34,Month-to-month,Credit Card,0,Fiber optic,1
2778,55,F,31,31.37,973.57,Two year,Bank Transfer,0,Fiber optic,0
2779,37,F,63,96.68,6134.33,Month-to-month,Credit Card,0,None,1
2780,40,F,26,58.69,1548.9,Two year,Bank Transfer,0,Fiber optic,0
2781,79,M,18,67.0,1206.47,Month-to-month,Credit Card,0,Fiber optic,1
2782,62,M,57,36.68,2100.1,One year,Bank Transfer,0,Fiber optic,0
2783,69,M,7,21.86,195.79,Month-to-month,Credit Card,0,Fiber optic,1
2784,33,M,48,86.62,4147.14,Month-to-month,Credit Card,1,DSL,1
2785,67,M,60,78.77,4686.38,One year,Bank Transfer,0,Fiber optic,0
2786,59,F,33,82.24,2696.5,Month-to-month,Bank Transfer,0,Fiber optic,1
2787,77,M,3,45.5,128.02,One year,Credit Card,0,DSL,0
2788,72,F,4,43.93,153.02,Month-to-month,Electronic Check,0,DSL,1
2789,25,M,4,103.03,415.02,One year,Credit Card,0,Fiber optic,1
2790,67,F,42,96.13,4017.95,Two year,Credit Card,0,Fiber optic,1
2791,38,M,9,53.68,443.44,One year,Electronic Check,0,Fiber optic,0
2792,18,F,51,83.78,4241.59,Month-to-month,Credit Card,0,None,1
2793,72,M,17,102.82,1789.76,Month-to-month,Bank Transfer,0,Fiber optic,1
2794,25,M,17,108.88,1863.92,One year,Bank Transfer,0,Fiber optic,1
2795,46,M,20,20.58,393.03,Two year,Electronic Check,1,Fiber optic,0
2796,49,M,14,101.35,1405.59,Month-to-month,Credit Card,0,Fiber optic,1
2797,55,F,22,55.04,1210.22,One year,Bank Transfer,1,Fiber optic,0
2798,22,M,52,91.84,4792.99,Month-to-month,Credit Card,1,Fiber optic,1
2799,64,F,27,57.14,1551.0,One year,Electronic Check,1,Fiber optic,0
2800,39,M,43,80.62,3509.93,Two year,Bank Transfer,1,DSL,0
2801,64,F,3,84.68,266.61,Two year,Electronic Check,0,DSL,1
2802,51,M,8,60.5,525.08,One year,Credit Card,0,Fiber optic,0
2803,18,M,10,71.28,663.34,Month-to-month,Credit Card,0,None,1
2804,72,F,29,92.63,2725.33,Two year,Credit Card,0,DSL,1
2805,72,M,40,67.63,2727.35,Month-to-month,Electronic Check,0,None,1
2806,43,M,65,21.4,1358.22,Month-to-month,Bank Transfer,0,DSL,1
2807,60,F,21,21.29,423.39,Two year,Electronic Check,1,Fiber optic,0
2808,27,M,24,86.13,2071.4,Month-to-month,Bank Transfer,1,DSL,1
2809,47,F,60,104.72,6245.69,One year,Credit Card,0,Fiber optic,1
2810,67,M,26,98.53,2590.32,Month-to-month,Credit Card,0,DSL,1
2811,35,F,9,51.04,488.48,Month-to-month,Electronic Check,0,DSL,1
2812,34,F,20,67.11,1322.29,Month-to-month,Bank Transfer,0,Fiber optic,1
2813,43,F,56,43.42,2388.5,Month-to-month,Credit Card,0,Fiber optic,1
2814,25,F,36,118.91,4329.64,Month-to-month,Credit Card,0,Fiber optic,1
2815,64,M,36,46.05,1632.87,Month-to-month,Electronic Check,0,Fiber optic,1
2816,57,M,22,61.63,1312.62,Month-to-month,Electronic Check,1,Fiber optic,1
2817,66,F,1,88.11,71.11,One year,Bank Transfer,0,DSL,1
2818,29,M,69,107.6,7471.3,Month-to-month,Credit Card,0,Fiber optic,1
2819,44,M,37,25.15,959.84,Two year,Bank Transfer,0,Fiber optic,0
2820,25,M,72,50.1,3605.23,Month-to-month,Bank Transfer,0,Fiber optic,1
2821,42,F,13,76.9,980.23,Two year,Bank Transfer,0,Fiber optic,0
2822,63,M,43,81.83,3511.02,One year,Electronic Check,1,Fiber optic,0
2823,21,M,37,27.0,950.74,Month-to-month,Bank Transfer,0,DSL,1
2824,50,F,25,86.41,2182.09,Month-to-month,Bank Transfer,0,Fiber optic,1
2825,18,M,21,72.81,1488.97,One year,Bank Transfer,1,Fiber optic,0
2826,36,F,41,102.76,4215.06,Two year,Electronic Check,0,Fiber optic,1
2827,48,F,42,42.22,1779.82,Two year,Electronic Check,0,DSL,0
2828,33,F,42,39.5,1609.17,Month-to-month,Credit Card,0,Fiber optic,1
2829,31,M,2,99.33,246.65,Month-to-month,Electronic Check,0,DSL,1
2830,70,M,68,90.39,6126.73,Month-to-month,Electronic Check,1,Fiber optic,1
2831,65,F,8,99.17,751.08,Month-to-month,Bank Transfer,1,Fiber optic,1
2832,22,F,61,98.19,6025.03,Month-to-month,Credit Card,1,DSL,1
2833,58,F,14,30.4,390.8,Month-to-month,Electronic Check,1,DSL,0
2834,43,F,21,47.86,957.56,One year,Credit Card,0,Fiber optic,0
2835,79,F,24,46.01,1103.71,One year,Bank Transfer,0,Fiber optic,0
2836,45,F,50,113.46,5635.99,Month-to-month,Electronic Check,1,Fiber optic,1
2837,19,M,45,68.75,3141.99,Month-to-month,Bank Transfer,0,Fiber optic,1
2838,67,F,64,31.11,1942.08,Month-to-month,Bank Transfer,0,Fiber optic,1
2839,23,F,64,48.96,3088.56,Two year,Credit Card,1,DSL,0
2840,26,F,26,107.19,2820.27,Two year,Electronic Check,1,Fiber optic,1
2841,50,M,32,104.71,3324.7,Month-to-month,Credit Card,1,Fiber optic,1
2842,58,M,57,110.03,6312.87,Month-to-month,Bank Transfer,0,Fiber optic,1
2843,42,M,53,58.85,3100.16,Month-to-month,Electronic Check,0,Fiber optic,1
2844,65,M,33,84.13,2733.27,Month-to-month,Bank Transfer,0,DSL,1
2845,30,F,52,47.82,2437.7,Month-to-month,Credit Card,1,Fiber optic,1
2846,26,M,18,38.08,663.7,Month-to-month,Credit Card,0,Fiber optic,1
2847,70,F,35,22.19,774.02,Month-to-month,Bank Transfer,0,DSL,1
2848,30,F,12,42.34,458.18,One year,Credit Card,1,DSL,0
2849,48,F,51,80.44,4110.55,Month-to-month,Credit Card,0,DSL,1
2850,58,F,10,110.42,1087.57,Month-to-month,Bank Transfer,1,Fiber optic,1
2851,28,F,52,33.34,1722.7,One year,Electronic Check,1,DSL,0
2852,21,F,34,111.8,3777.34,One year,Electronic Check,1,None,0
2853,51,M,67,54.54,3657.08,Month-to-month,Electronic Check,1,Fiber optic,1
2854,78,M,39,62.68,2417.53,Month-to-month,Bank Transfer,0,None,1
2855,55,M,8,56.5,415.48,Two year,Bank Transfer,0,DSL,0
2856,63,M,29,60.86,1804.0,Month-to-month,Credit Card,1,Fiber optic,1
2857,21,M,22,45.92,999.3,Month-to-month,Electronic Check,0,Fiber optic,1
2858,55,F,70,89.86,6247.89,Month-to-month,Credit Card,0,Fiber optic,1
2859,36,M,61,95.82,5818.05,One year,Bank Transfer,0,Fiber optic,1
2860,23,M,43,102.31,4380.32,Month-to-month,Electronic Check,0,Fiber optic,1
2861,51,M,49,54.13,2679.33,One year,Bank Transfer,1,DSL,0
2862,35,F,29,96.46,2749.57,Month-to-month,Credit Card,0,Fiber optic,1
2863,30,F,31,83.77,2594.69,Month-to-month,Credit Card,0,Fiber optic,1
2864,58,F,53,115.79,6127.64,Month-to-month,Bank Transfer,0,Fiber optic,1
2865,40,M,34,62.48,2171.16,Month-to-month,Bank Transfer,0,Fiber optic,1
2866,36,M,38,119.23,4498.75,Month-to-month,Electronic Check,0,Fiber optic,1
2867,62,M,57,94.04,5373.07,Month-to-month,Bank Transfer,1,Fiber optic,1
2868,28,M,4,97.63,360.74,Month-to-month,Credit Card,0,DSL,1
2869,18,M,2,22.57,49.98,Month-to-month,Credit Card,0,DSL,1
2870,41,F,12,69.74,842.39,Month-to-month,Bank Transfer,0,Fiber optic,1
2871,79,M,35,72.83,2506.58,One year,Bank Transfer,1,None,0
2872,71,F,70,24.06,1679.85,One year,Electronic Check,0,Fiber optic,0
2873,24,M,72,51.21,3683.24,Month-to-month,Credit Card,0,DSL,1
2874,42,F,21,115.56,2408.67,Month-to-month,Credit Card,1,Fiber optic,1
2875,38,F,61,62.61,3796.93,Month-to-month,Credit Card,0,Fiber optic,1
2876,32,F,35,38.67,1325.88,One year,Bank Transfer,0,None,0
2877,18,F,48,71.33,3374.43,One year,Credit Card,0,DSL,0
2878,29,M,15,23.38,300.88,Month-to-month,Bank Transfer,0,None,1
2879,75,M,71,71.6,5092.58,One year,Electronic Check,1,None,0
2880,24,M,15,79.43,1170.6,Two year,Bank Transfer,0,Fiber optic,0
2881,32,F,6,55.77,301.41,Two year,Electronic Check,1,DSL,0
2882,38,M,68,96.26,6564.15,Two year,Electronic Check,0,Fiber optic,1
2883,36,M,22,33.57,741.43,One year,Bank Transfer,0,Fiber optic,0
2884,77,M,32,107.82,3491.74,Month-to-month,Electronic Check,0,Fiber optic,1
2885,46,M,22,115.54,2574.98,Month-to-month,Bank Transfer,0,None,1
2886,42,F,27,20.12,565.91,One year,Credit Card,1,DSL,0
2887,50,F,15,104.27,1526.71,Month-to-month,Bank Transfer,0,Fiber optic,1
2888,66,M,44,70.61,3123.45,Month-to-month,Electronic Check,0,None,1
2889,49,M,9,66.14,614.65,Month-to-month,Electronic Check,1,Fiber optic,1
2890,66,M,34,43.87,1517.91,One year,Credit Card,0,Fiber optic,0
2891,52,F,15,64.73,947.26,Month-to-month,Bank Transfer,0,DSL,1
2892,61,F,62,115.04,7146.51,Month-to-month,Credit Card,1,Fiber optic,1
2893,55,F,45,41.08,1860.43,One year,Electronic Check,1,Fiber optic,0
2894,43,M,72,37.9,2717.33,Two year,Bank Transfer,0,Fiber optic,0
2895,28,F,58,44.19,2579.37,Month-to-month,Electronic Check,1,Fiber optic,1
2896,52,F,19,75.18,1387.09,One year,Bank Transfer,0,DSL,0
2897,25,F,16,113.03,1822.83,Month-to-month,Credit Card,0,Fiber optic,1
2898,63,F,8,77.39,629.72,Month-to-month,Credit Card,0,Fiber optic,1
2899,31,F,33,44.35,1434.61,Month-to-month,Electronic Check,0,DSL,1
2900,27,M,18,64.05,1184.72,One year,Credit Card,0,DSL,0
2901,19,M,35,59.04,2103.84,Two year,Credit Card,0,DSL,0
2902,63,M,43,24.66,1031.43,One year,Electronic Check,1,Fiber optic,0
2903,26,M,50,71.06,3510.6,Month-to-month,Electronic Check,1,Fiber optic,1
2904,20,F,3,32.6,108.16,One year,Electronic Check,1,Fiber optic,0
2905,38,M,59,104.22,6146.97,Month-to-month,Bank Transfer,0,Fiber optic,1
2906,43,M,28,74.9,2089.96,Month-to-month,Electronic Check,0,DSL,1
2907,25,M,46,104.46,4831.26,One year,Bank Transfer,0,Fiber optic,1
2908,65,F,64,115.6,7445.37,One year,Electronic Check,1,Fiber optic,0
2909,19,M,70,114.32,8000.17,Two year,Bank Transfer,0,Fiber optic,1
2910,23,F,47,30.04,1362.5,Month-to-month,Electronic Check,1,Fiber optic,1
2911,45,F,14,114.48,1612.35,Two year,Bank Transfer,1,DSL,0
2912,70,F,7,99.57,712.39,Month-to-month,Credit Card,0,Fiber optic,1
2913,46,M,31,97.77,3063.67,Month-to-month,Electronic Check,0,DSL,1
2914,43,F,51,29.01,1449.45,One year,Electronic Check,1,Fiber optic,0
2915,42,M,29,37.95,1102.98,Month-to-month,Bank Transfer,0,None,1
2916,29,M,15,117.52,1757.51,Month-to-month,Credit Card,1,Fiber optic,1
2917,22,M,25,41.34,1049.94,One year,Credit Card,0,DSL,0
2918,51,F,61,36.91,2207.9,One year,Bank Transfer,1,DSL,0
2919,65,F,41,56.24,2344.24,Month-to-month,Electronic Check,0,DSL,1
2920,54,M,69,111.34,7683.58,Month-to-month,Credit Card,1,Fiber optic,1
2921,32,F,4,67.62,308.18,One year,Electronic Check,1,Fiber optic,0
2922,61,F,57,112.06,6371.44,One year,Bank Transfer,1,Fiber optic,0
2923,53,F,31,53.43,1671.68,Two year,Electronic Check,0,Fiber optic,0
2924,32,M,3,42.65,173.62,One year,Credit Card,0,DSL,0
2925,60,F,67,69.52,4702.18,Month-to-month,Bank Transfer,0,None,1
2926,65,F,50,81.55,4121.91,Month-to-month,Credit Card,0,Fiber optic,1
2927,40,M,17,59.15,959.84,Month-to-month,Electronic Check,0,Fiber optic,1
2928,23,F,60,54.6,3266.3,Month-to-month,Electronic Check,1,Fiber optic,1
2929,63,M,66,41.81,2715.54,Month-to-month,Bank Transfer,1,Fiber optic,1
2930,67,F,24,47.5,1120.95,Month-to-month,Credit Card,0,Fiber optic,1
2931,61,F,32,87.31,2761.38,Month-to-month,Credit Card,0,None,1
2932,76,F,19,56.99,1094.82,Month-to-month,Credit Card,1,Fiber optic,1
2933,60,F,66,27.98,1874.75,Month-to-month,Bank Transfer,0,DSL,1
2934,62,F,60,33.82,2030.53,Month-to-month,Electronic Check,1,DSL,0
2935,38,F,66,57.24,3807.39,Month-to-month,Electronic Check,0,DSL,1
2936,40,M,15,112.45,1638.03,Month-to-month,Electronic Check,1,Fiber optic,1
2937,60,F,35,57.9,2058.55,Month-to-month,Credit Card,0,Fiber optic,1
2938,72,F,69,26.06,1765.98,Month-to-month,Bank Transfer,0,Fiber optic,1
2939,33,F,27,61.8,1664.69,One year,Credit Card,0,DSL,0
2940,64,M,7,86.88,602.42,Two year,Bank Transfer,0,DSL,1
2941,70,M,6,79.36,513.48,Month-to-month,Credit Card,1,Fiber optic,1
2942,77,M,33,47.88,1626.64,One year,Bank Transfer,0,Fiber optic,0
2943,32,F,58,88.81,5126.49,One year,Credit Card,0,Fiber optic,1
2944,42,F,49,83.06,4026.68,Month-to-month,Credit Card,0,Fiber optic,1
2945,53,M,17,37.22,647.79,Two year,Bank Transfer,0,Fiber optic,0
2946,28,M,42,36.21,1521.1,One year,Electronic Check,0,DSL,0
2947,68,M,72,74.72,5386.41,Month-to-month,Electronic Check,1,Fiber optic,1
2948,32,F,40,85.94,3392.23,One year,Bank Transfer,0,Fiber optic,1
2949,21,M,46,116.19,5372.27,Two year,Bank Transfer,1,Fiber optic,1
2950,38,F,71,62.19,4388.73,Two year,Electronic Check,0,DSL,0
2951,30,F,70,96.49,6737.79,Two year,Credit Card,1,DSL,0
2952,39,F,68,31.65,2125.04,Month-to-month,Electronic Check,0,DSL,1
2953,36,M,1,108.96,153.55,Month-to-month,Bank Transfer,1,Fiber optic,1
2954,51,F,52,83.31,4298.99,Month-to-month,Credit Card,0,Fiber optic,1
2955,31,M,35,82.9,2924.73,Month-to-month,Bank Transfer,1,DSL,1
2956,78,M,69,34.24,2337.13,Month-to-month,Electronic Check,0,DSL,1
2957,21,M,5,23.96,112.29,One year,Credit Card,0,Fiber optic,0
2958,65,M,17,90.14,1581.99,One year,Electronic Check,1,Fiber optic,1
2959,70,F,53,31.71,1640.69,One year,Electronic Check,0,None,0
2960,69,F,52,32.7,1738.54,Month-to-month,Electronic Check,1,Fiber optic,1
2961,63,F,14,38.75,587.1,Month-to-month,Credit Card,0,Fiber optic,1
2962,44,F,29,29.77,883.15,One year,Electronic Check,0,Fiber optic,0
2963,46,M,8,82.54,611.32,Month-to-month,Credit Card,0,Fiber optic,1
2964,64,M,1,62.2,94.28,One year,Electronic Check,0,Fiber optic,0
2965,45,M,29,46.61,1389.92,Month-to-month,Electronic Check,0,Fiber optic,1
2966,52,M,36,64.07,2354.61,Month-to-month,Bank Transfer,1,Fiber optic,1
2967,25,F,51,104.41,5358.84,Month-to-month,Electronic Check,1,Fiber optic,1
2968,33,M,37,112.71,4164.83,Month-to-month,Credit Card,0,DSL,1
2969,59,F,69,68.75,4762.61,One year,Bank Transfer,0,Fiber optic,0
2970,53,M,53,76.68,4062.55,Month-to-month,Credit Card,1,DSL,0
2971,47,M,52,45.72,2362.74,Two year,Electronic Check,1,DSL,0
2972,35,M,12,71.36,868.96,One year,Bank Transfer,0,None,0
2973,19,M,52,94.81,4957.1,One year,Bank Transfer,0,Fiber optic,1
2974,66,F,1,69.21,82.8,Month-to-month,Bank Transfer,0,Fiber optic,1
2975,30,F,7,50.21,384.13,Month-to-month,Credit Card,1,DSL,0
2976,21,F,17,78.2,1297.04,Month-to-month,Bank Transfer,0,Fiber optic,1
2977,43,F,43,114.67,4918.18,Two year,Bank Transfer,0,Fiber optic,1
2978,42,M,71,108.8,7706.06,Month-to-month,Credit Card,0,Fiber optic,1
2979,47,M,17,96.92,1617.05,Month-to-month,Credit Card,0,DSL,1
2980,28,F,59,47.62,2803.9,Month-to-month,Credit Card,0,Fiber optic,1
2981,24,F,3,44.16,177.27,One year,Electronic Check,1,Fiber optic,0
2982,48,M,29,103.85,3015.45,One year,Credit Card,0,None,1
2983,61,M,22,38.13,817.5,Month-to-month,Credit Card,1,Fiber optic,1
2984,27,F,38,80.56,3046.69,One year,Bank Transfer,1,None,0
2985,56,F,54,63.89,3461.37,Two year,Electronic Check,0,None,0
2986,30,F,50,66.8,3325.27,Month-to-month,Bank Transfer,0,Fiber optic,1
2987,48,M,69,65.45,4519.88,Month-to-month,Credit Card,0,None,1
2988,24,F,30,110.0,3277.42,Month-to-month,Credit Card,0,Fiber optic,1
2989,73,F,23,28.71,644.92,Two year,Bank Transfer,0,Fiber optic,0
2990,66,F,47,98.29,4640.2,Month-to-month,Electronic Check,1,Fiber optic,1
2991,59,F,21,103.5,2181.96,Month-to-month,Electronic Check,0,DSL,1
2992,78,F,20,114.29,2245.15,Month-to-month,Bank Transfer,0,Fiber optic,1
2993,59,M,23,65.26,1548.3,Two year,Credit Card,0,Fiber optic,0
2994,73,F,68,70.01,4715.61,One year,Electronic Check,0,Fiber optic,0
2995,53,M,21,116.13,2397.02,Month-to-month,Electronic Check,1,Fiber optic,1
2996,37,F,21,65.85,1402.99,Month-to-month,Bank Transfer,1,Fiber optic,1
2997,21,F,1,70.35,91.15,Two year,Electronic Check,0,DSL,0
2998,71,F,15,53.23,750.34,One year,Credit Card,0,Fiber optic,0
2999,24,M,17,23.16,408.0,Month-to-month,Bank Transfer,0,Fiber optic,1
3000,71,M,51,63.31,3182.14,One year,Electronic Check,0,DSL,0
3001,18,M,63,85.51,5433.21,Month-to-month,Credit Card,0,Fiber optic,1
3002,61,F,14,88.99,1265.47,One year,Credit Card,0,Fiber optic,1
3003,73,F,59,20.65,1187.01,Month-to-month,Bank Transfer,0,DSL,1
3004,62,M,50,100.11,4971.31,Month-to-month,Bank Transfer,0,Fiber optic,1
3005,59,M,34,69.24,2361.13,Month-to-month,Credit Card,1,Fiber optic,1
3006,64,F,6,72.07,445.77,Month-to-month,Credit Card,1,Fiber optic,1
3007,76,M,49,116.17,5725.45,Month-to-month,Electronic Check,0,Fiber optic,1
3008,30,F,6,48.45,331.03,Month-to-month,Electronic Check,0,Fiber optic,1
3009,72,M,69,96.17,6624.98,Month-to-month,Electronic Check,0,Fiber optic,1
3010,39,M,7,77.48,576.77,One year,Electronic Check,1,None,0
3011,71,M,51,90.08,4598.32,One year,Electronic Check,1,Fiber optic,0
3012,38,F,1,61.78,58.84,Month-to-month,Bank Transfer,0,Fiber optic,1
3013,39,F,13,47.92,642.86,One year,Electronic Check,0,None,0
3014,45,M,43,74.61,3168.55,One year,Electronic Check,1,DSL,0
3015,26,F,27,57.49,1528.77,Month-to-month,Electronic Check,1,DSL,0
3016,43,F,71,42.29,3034.27,Month-to-month,Credit Card,0,None,1
3017,26,F,3,103.92,312.17,Month-to-month,Electronic Check,0,Fiber optic,1
3018,32,F,58,67.58,3960.44,Month-to-month,Bank Transfer,0,Fiber optic,1
3019,27,M,17,104.73,1739.28,One year,Credit Card,0,DSL,1
3020,41,F,45,67.4,3014.34,Month-to-month,Credit Card,0,Fiber optic,1
3021,75,F,58,75.68,4374.99,Month-to-month,Electronic Check,0,Fiber optic,1
3022,74,M,56,119.53,6685.95,One year,Credit Card,0,Fiber optic,1
3023,78,F,54,115.15,6266.78,Month-to-month,Electronic Check,1,Fiber optic,1
3024,59,F,29,47.17,1349.0,Month-to-month,Electronic Check,1,Fiber optic,1
3025,25,F,54,106.87,5772.85,One year,Electronic Check,0,None,1
3026,41,M,27,59.04,1597.69,One year,Bank Transfer,0,None,0
3027,33,M,45,27.12,1247.48,Month-to-month,Credit Card,1,DSL,0
3028,66,F,31,77.58,2406.77,Month-to-month,Credit Card,0,DSL,1
3029,43,F,36,117.71,4248.13,One year,Credit Card,0,None,1
3030,44,M,61,117.43,7188.56,Two year,Credit Card,0,Fiber optic,1
3031,54,M,37,32.65,1168.16,Two year,Credit Card,1,Fiber optic,0
3032,21,M,67,97.12,6553.39,Month-to-month,Electronic Check,0,Fiber optic,1
3033,67,F,36,100.28,3644.71,Month-to-month,Electronic Check,0,Fiber optic,1
3034,41,F,5,56.87,273.23,Two year,Electronic Check,0,DSL,0
3035,36,M,46,85.86,3972.4,Month-to-month,Bank Transfer,0,Fiber optic,1
3036,53,F,52,68.82,3604.87,Month-to-month,Bank Transfer,0,Fiber optic,1
3037,77,F,49,42.79,2131.73,Month-to-month,Bank Transfer,0,DSL,1
3038,56,F,6,96.13,545.61,Month-to-month,Bank Transfer,0,Fiber optic,1
3039,27,F,10,46.28,483.17,Month-to-month,Credit Card,0,Fiber optic,1
3040,42,F,23,54.04,1196.25,Month-to-month,Bank Transfer,0,DSL,1
3041,35,F,17,39.0,624.56,Two year,Credit Card,1,DSL,0
3042,36,F,44,91.93,4072.53,One year,Credit Card,1,Fiber optic,0
3043,53,M,41,65.87,2731.97,Month-to-month,Credit Card,0,Fiber optic,1
3044,27,M,15,64.34,974.34,Month-to-month,Electronic Check,0,Fiber optic,1
3045,50,M,44,80.46,3548.41,One year,Electronic Check,0,DSL,1
3046,72,M,58,35.73,2097.29,Two year,Credit Card,0,DSL,0
3047,67,M,50,109.82,5531.61,Month-to-month,Bank Transfer,1,Fiber optic,1
3048,22,M,52,66.51,3450.63,Month-to-month,Credit Card,0,None,1
3049,64,M,70,56.65,3926.98,Month-to-month,Electronic Check,1,Fiber optic,1
3050,66,M,68,32.67,2255.46,Month-to-month,Bank Transfer,1,Fiber optic,1
3051,52,M,63,36.8,2302.56,Month-to-month,Electronic Check,1,Fiber optic,1
3052,61,F,58,112.04,6461.7,Month-to-month,Bank Transfer,1,Fiber optic,1
3053,51,F,23,65.66,1521.64,Month-to-month,Electronic Check,0,Fiber optic,1
3054,50,M,44,92.22,4065.49,One year,Credit Card,0,Fiber optic,1
3055,72,F,44,28.05,1231.62,Month-to-month,Electronic Check,1,Fiber optic,1
3056,38,F,52,84.35,4422.18,Month-to-month,Bank Transfer,0,Fiber optic,1
3057,34,M,67,112.15,7491.27,Month-to-month,Electronic Check,0,Fiber optic,1
3058,39,M,28,50.0,1351.32,One year,Bank Transfer,0,Fiber optic,0
3059,65,M,67,77.91,5202.32,Month-to-month,Electronic Check,0,DSL,1
3060,54,F,18,114.02,2003.33,Two year,Electronic Check,0,Fiber optic,1
3061,32,F,27,91.93,2486.47,Month-to-month,Credit Card,0,Fiber optic,1
3062,52,M,51,26.23,1325.55,Month-to-month,Bank Transfer,0,DSL,1
3063,45,F,60,57.87,3503.59,Month-to-month,Bank Transfer,0,Fiber optic,1
3064,24,F,49,28.58,1430.18,Month-to-month,Credit Card,0,Fiber optic,1
3065,49,F,15,106.13,1585.41,Month-to-month,Electronic Check,0,Fiber optic,1
3066,28,M,68,82.17,5559.21,Month-to-month,Bank Transfer,1,DSL,1
3067,27,F,15,115.64,1726.84,Month-to-month,Bank Transfer,0,Fiber optic,1
3068,26,F,51,21.98,1135.11,One year,Bank Transfer,0,DSL,0
3069,31,F,48,62.31,2959.9,Month-to-month,Credit Card,0,Fiber optic,1
3070,30,F,72,30.44,2218.98,Month-to-month,Credit Card,0,Fiber optic,1
3071,78,F,1,55.05,38.11,Month-to-month,Bank Transfer,1,DSL,0
3072,74,F,7,36.19,296.55,One year,Electronic Check,0,DSL,0
3073,79,F,53,52.88,2803.83,Month-to-month,Electronic Check,0,Fiber optic,1
3074,42,M,31,101.93,3194.54,Month-to-month,Credit Card,0,Fiber optic,1
3075,19,M,18,36.07,660.85,Month-to-month,Electronic Check,0,Fiber optic,1
3076,52,F,12,67.37,813.9,Month-to-month,Credit Card,0,Fiber optic,1
3077,24,M,48,112.16,5401.89,One year,Bank Transfer,0,Fiber optic,1
3078,38,F,30,119.88,3627.55,One year,Bank Transfer,0,DSL,1
3079,35,F,7,45.06,329.87,Two year,Bank Transfer,0,Fiber optic,0
3080,20,F,3,113.56,370.4,Month-to-month,Credit Card,0,Fiber optic,1
3081,59,M,63,46.14,2875.87,Month-to-month,Electronic Check,1,None,0
3082,71,F,6,61.35,345.85,Month-to-month,Bank Transfer,0,Fiber optic,1
3083,78,F,15,107.79,1589.82,Month-to-month,Electronic Check,1,DSL,1
3084,56,M,71,98.62,7031.85,One year,Electronic Check,0,DSL,1
3085,58,M,43,105.75,4505.86,Two year,Credit Card,1,DSL,0
3086,66,F,18,100.03,1830.13,Month-to-month,Credit Card,0,Fiber optic,1
3087,28,M,22,43.51,946.12,Month-to-month,Electronic Check,0,Fiber optic,1
3088,56,M,61,75.88,4586.63,Month-to-month,Electronic Check,0,DSL,1
3089,41,F,61,58.53,3562.77,Two year,Bank Transfer,0,DSL,0
3090,77,F,53,65.97,3476.46,Month-to-month,Bank Transfer,0,DSL,1
3091,63,F,26,35.4,929.6,Two year,Bank Transfer,0,Fiber optic,0
3092,36,M,40,51.58,2060.45,One year,Electronic Check,0,None,0
3093,21,M,8,105.76,825.76,One year,Credit Card,0,Fiber optic,1
3094,43,M,21,109.76,2341.19,Month-to-month,Electronic Check,0,Fiber optic,1
3095,55,F,43,81.02,3474.54,Two year,Bank Transfer,0,DSL,1
3096,59,M,21,69.83,1463.5,One year,Bank Transfer,0,Fiber optic,0
3097,49,M,3,91.28,308.5,Month-to-month,Credit Card,0,Fiber optic,1
3098,56,F,31,80.89,2466.5,Month-to-month,Electronic Check,0,Fiber optic,1
3099,62,F,27,118.37,3184.98,Month-to-month,Bank Transfer,1,Fiber optic,1
3100,63,F,27,39.01,1043.56,Month-to-month,Credit Card,0,Fiber optic,1
3101,53,M,57,64.9,3698.88,Month-to-month,Bank Transfer,1,Fiber optic,1
3102,57,F,33,111.82,3650.67,Two year,Credit Card,0,Fiber optic,1
3103,54,M,44,111.47,4864.95,One year,Electronic Check,0,Fiber optic,1
3104,50,M,43,69.53,2981.43,One year,Credit Card,0,DSL,0
3105,53,F,31,33.48,991.18,One year,Electronic Check,0,Fiber optic,0
3106,20,F,65,101.5,6573.0,Month-to-month,Electronic Check,1,DSL,1
3107,26,F,17,78.52,1304.96,Month-to-month,Bank Transfer,1,Fiber optic,1
3108,25,F,15,97.32,1458.74,Month-to-month,Electronic Check,0,Fiber optic,1
3109,50,F,34,66.25,2203.62,Two year,Bank Transfer,0,Fiber optic,0
3110,76,M,4,40.39,179.13,Month-to-month,Bank Transfer,0,None,1
3111,23,M,72,22.4,1648.36,One year,Electronic Check,0,DSL,0
3112,58,M,28,75.91,2146.15,One year,Credit Card,1,None,0
3113,56,F,2,36.1,104.01,Month-to-month,Electronic Check,0,Fiber optic,1
3114,21,M,17,38.71,672.4,Two year,Electronic Check,0,Fiber optic,0
3115,30,F,58,63.63,3691.28,Month-to-month,Credit Card,1,Fiber optic,1
3116,66,F,9,64.21,549.79,One year,Bank Transfer,0,None,0
3117,77,M,31,47.44,1448.6,One year,Bank Transfer,1,Fiber optic,0
3118,19,M,66,33.19,2172.31,Two year,Electronic Check,0,DSL,0
3119,77,F,62,114.5,7052.8,Two year,Credit Card,0,DSL,1
3120,22,M,19,33.16,671.35,Month-to-month,Credit Card,1,DSL,0
3121,61,F,55,55.08,3069.43,Month-to-month,Credit Card,0,Fiber optic,1
3122,44,M,28,50.49,1374.5,Two year,Credit Card,1,Fiber optic,0
3123,49,M,50,106.63,5337.17,Month-to-month,Electronic Check,0,Fiber optic,1
3124,38,M,65,61.01,3962.41,Month-to-month,Electronic Check,1,Fiber optic,1
3125,25,M,3,32.4,115.54,One year,Bank Transfer,0,Fiber optic,0
3126,55,M,52,21.03,1103.86,Month-to-month,Credit Card,1,Fiber optic,1
3127,25,F,10,92.19,884.33,One year,Electronic Check,1,Fiber optic,0
3128,67,M,21,91.45,1936.46,One year,Electronic Check,0,None,1
3129,20,M,37,61.78,2296.75,One year,Credit Card,0,Fiber optic,0
3130,71,M,15,32.63,492.57,One year,Credit Card,0,Fiber optic,0
3131,61,F,9,57.16,504.68,Two year,Bank Transfer,0,DSL,0
3132,78,F,44,78.99,3521.05,Month-to-month,Credit Card,1,Fiber optic,1
3133,75,F,39,90.39,3560.15,Month-to-month,Bank Transfer,0,Fiber optic,1
3134,20,F,5,27.82,147.61,Month-to-month,Bank Transfer,0,Fiber optic,1
3135,39,F,25,75.63,1841.39,Two year,Credit Card,1,Fiber optic,0
3136,23,M,56,47.61,2659.37,Month-to-month,Credit Card,0,Fiber optic,1
3137,19,M,64,81.73,5250.75,One year,Electronic Check,0,Fiber optic,1
3138,40,M,72,84.81,6068.05,Month-to-month,Credit Card,0,Fiber optic,1
3139,61,F,52,111.06,5765.77,Two year,Credit Card,0,DSL,1
3140,19,F,9,61.04,518.53,Two year,Bank Transfer,0,DSL,0
3141,55,M,10,73.76,721.41,One year,Credit Card,1,Fiber optic,0
3142,34,F,10,46.82,420.87,Month-to-month,Electronic Check,0,Fiber optic,1
3143,52,F,62,48.66,2979.59,Month-to-month,Electronic Check,1,Fiber optic,1
3144,51,F,60,24.6,1471.48,Month-to-month,Credit Card,0,Fiber optic,1
3145,40,M,19,48.61,963.41,Month-to-month,Credit Card,0,Fiber optic,1
3146,47,M,38,26.38,1001.5,Month-to-month,Bank Transfer,0,DSL,1
3147,69,F,6,116.39,693.65,Month-to-month,Credit Card,0,DSL,1
3148,25,F,15,82.43,1265.21,Month-to-month,Bank Transfer,0,DSL,1
3149,39,F,47,37.31,1730.35,One year,Credit Card,1,Fiber optic,0
3150,61,F,45,31.68,1385.11,One year,Bank Transfer,0,Fiber optic,0
3151,75,M,5,57.01,256.01,Month-to-month,Electronic Check,0,DSL,1
3152,53,F,53,50.76,2719.41,Two year,Credit Card,0,Fiber optic,0
3153,22,M,66,47.93,3181.08,Month-to-month,Credit Card,0,Fiber optic,1
3154,30,M,62,66.82,4101.99,Month-to-month,Bank Transfer,0,Fiber optic,1
3155,46,M,23,111.29,2576.38,Month-to-month,Bank Transfer,0,Fiber optic,1
3156,48,F,44,76.81,3422.8,Two year,Credit Card,1,Fiber optic,0
3157,64,M,52,72.12,3704.74,Month-to-month,Bank Transfer,0,Fiber optic,1
3158,74,M,46,100.65,4641.54,Two year,Credit Card,0,Fiber optic,1
3159,72,F,19,20.4,375.52,Month-to-month,Electronic Check,1,DSL,0
3160,33,F,47,39.74,1867.88,One year,Bank Transfer,0,Fiber optic,0
3161,59,F,52,69.62,3623.06,Month-to-month,Credit Card,0,Fiber optic,1
3162,79,M,24,90.53,2199.82,One year,Electronic Check,0,Fiber optic,1
3163,47,F,17,68.5,1170.2,Two year,Credit Card,0,DSL,0
3164,74,M,46,36.37,1682.33,Two year,Credit Card,1,Fiber optic,0
3165,72,M,64,113.0,7215.29,One year,Electronic Check,0,DSL,1
3166,33,F,28,52.87,1442.95,Month-to-month,Bank Transfer,0,Fiber optic,1
3167,29,M,50,98.82,4959.27,One year,Electronic Check,0,Fiber optic,1
3168,34,M,64,109.14,6935.01,One year,Credit Card,0,Fiber optic,1
3169,33,M,28,54.64,1512.79,Month-to-month,Electronic Check,1,Fiber optic,1
3170,29,M,56,104.53,5825.48,One year,Credit Card,0,DSL,1
3171,25,F,59,91.08,5362.57,Month-to-month,Electronic Check,0,Fiber optic,1
3172,37,M,5,110.43,533.28,Month-to-month,Bank Transfer,0,Fiber optic,1
3173,20,F,54,45.13,2457.44,One year,Electronic Check,0,DSL,0
3174,33,M,44,113.13,4953.74,Month-to-month,Electronic Check,1,DSL,1
3175,47,M,42,26.53,1120.34,Month-to-month,Bank Transfer,1,DSL,0
3176,62,F,72,99.37,7150.22,Month-to-month,Credit Card,0,DSL,1
3177,40,M,57,63.57,3653.6,One year,Electronic Check,1,None,0
3178,45,M,47,37.79,1768.94,One year,Credit Card,0,DSL,0
3179,68,M,25,27.94,734.89,Month-to-month,Electronic Check,0,Fiber optic,1
3180,57,M,44,58.95,2543.81,Two year,Bank Transfer,1,Fiber optic,0
3181,71,M,15,58.93,894.43,Month-to-month,Electronic Check,0,Fiber optic,1
3182,22,M,51,43.0,2143.98,One year,Credit Card,0,Fiber optic,0
3183,37,F,53,41.55,2223.54,Month-to-month,Credit Card,0,Fiber optic,1
3184,57,F,34,59.95,2011.79,Month-to-month,Bank Transfer,0,Fiber optic,1
3185,73,F,8,61.01,476.08,Month-to-month,Credit Card,1,Fiber optic,1
3186,61,M,70,64.24,4484.84,Month-to-month,Bank Transfer,1,DSL,0
3187,18,M,21,106.88,2279.12,One year,Bank Transfer,1,None,0
3188,74,M,7,81.13,528.12,One year,Credit Card,0,None,1
3189,47,F,56,22.04,1250.93,Month-to-month,Credit Card,1,DSL,0
3190,38,M,49,71.91,3571.72,One year,Bank Transfer,0,DSL,0
3191,37,F,42,96.25,3994.74,Month-to-month,Credit Card,0,Fiber optic,1
3192,23,M,23,25.64,636.31,One year,Bank Transfer,1,None,0
3193,39,M,52,62.26,3189.36,One year,Electronic Check,0,Fiber optic,0
3194,35,M,53,65.12,3485.47,Month-to-month,Credit Card,1,Fiber optic,1
3195,25,F,16,115.4,1892.52,One year,Credit Card,1,Fiber optic,1
3196,56,M,37,67.57,2549.39,Two year,Bank Transfer,0,DSL,0
3197,49,F,18,94.99,1705.73,Month-to-month,Electronic Check,0,DSL,1
3198,50,M,20,50.29,1042.5,Month-to-month,Electronic Check,0,Fiber optic,1
3199,70,M,46,97.93,4467.01,One year,Credit Card,0,Fiber optic,1
3200,33,F,2,52.27,97.08,Month-to-month,Bank Transfer,1,DSL,0
3201,29,M,63,63.0,3949.8,One year,Bank Transfer,0,Fiber optic,0
3202,55,M,3,67.95,193.37,Month-to-month,Credit Card,0,Fiber optic,1
3203,69,M,46,112.64,5201.64,Two year,Electronic Check,0,Fiber optic,1
3204,51,M,49,25.35,1200.9,One year,Bank Transfer,0,Fiber optic,0
3205,78,F,1,39.69,89.51,Two year,Bank Transfer,0,Fiber optic,0
3206,31,F,22,90.57,2006.05,Month-to-month,Credit Card,0,Fiber optic,1
3207,53,M,14,77.76,1125.99,Month-to-month,Credit Card,1,Fiber optic,1
3208,50,M,45,45.15,2064.72,Month-to-month,Electronic Check,1,None,0
3209,40,F,6,48.92,320.12,Month-to-month,Electronic Check,0,Fiber optic,1
3210,67,M,65,56.73,3641.37,Two year,Bank Transfer,0,Fiber optic,0
3211,62,F,21,65.03,1367.28,Two year,Credit Card,0,DSL,0
3212,19,M,4,101.8,390.01,Month-to-month,Credit Card,0,DSL,1
3213,58,F,3,21.38,25.43,One year,Credit Card,0,DSL,0
3214,38,F,30,109.8,3278.3,Two year,Electronic Check,0,Fiber optic,1
3215,19,F,31,61.3,1914.78,Two year,Electronic Check,0,Fiber optic,0
3216,44,F,34,43.05,1436.76,One year,Bank Transfer,1,Fiber optic,0
3217,74,M,20,70.84,1411.26,Month-to-month,Credit Card,1,DSL,0
3218,26,M,54,85.97,4632.83,Month-to-month,Electronic Check,0,DSL,1
3219,18,F,25,24.48,567.25,One year,Credit Card,0,Fiber optic,0
3220,28,F,15,91.58,1386.51,One year,Electronic Check,1,Fiber optic,0
3221,20,F,38,96.08,3662.92,Month-to-month,Credit Card,0,DSL,1
3222,69,F,23,36.62,888.9,Month-to-month,Bank Transfer,0,DSL,1
3223,79,M,52,36.79,1892.88,One year,Electronic Check,0,Fiber optic,0
3224,40,F,66,40.38,2656.98,One year,Electronic Check,0,Fiber optic,0
3225,43,F,57,99.66,5670.98,Month-to-month,Bank Transfer,0,None,1
3226,21,F,57,47.2,2732.37,Month-to-month,Bank Transfer,0,Fiber optic,1
3227,35,F,52,99.59,5169.54,One year,Credit Card,1,None,0
3228,72,F,35,74.05,2586.03,One year,Electronic Check,1,None,0
3229,23,F,14,96.72,1329.31,Month-to-month,Credit Card,1,DSL,1
3230,52,F,14,75.37,1005.3,Two year,Credit Card,0,Fiber optic,0
3231,39,M,33,53.58,1729.19,One year,Credit Card,0,Fiber optic,0
3232,60,F,52,111.07,5796.03,Two year,Electronic Check,0,Fiber optic,1
3233,32,F,1,91.53,109.78,Month-to-month,Bank Transfer,0,DSL,1
3234,39,F,34,68.41,2308.19,One year,Credit Card,0,Fiber optic,0
3235,77,M,19,83.74,1588.36,One year,Electronic Check,0,DSL,1
3236,54,M,24,81.58,1937.66,Month-to-month,Credit Card,0,Fiber optic,1
3237,69,M,4,55.81,246.33,Month-to-month,Bank Transfer,0,Fiber optic,1
3238,59,F,36,62.38,2279.93,Month-to-month,Bank Transfer,0,Fiber optic,1
3239,29,F,58,51.83,3046.05,Month-to-month,Electronic Check,1,Fiber optic,1
3240,64,F,32,119.95,3805.79,Month-to-month,Electronic Check,1,None,1
3241,66,M,9,78.01,721.59,One year,Bank Transfer,0,DSL,0
3242,59,F,67,29.21,2003.37,Month-to-month,Electronic Check,0,DSL,1
3243,55,M,20,71.91,1453.26,One year,Bank Transfer,0,Fiber optic,0
3244,35,M,62,25.0,1535.1,One year,Credit Card,0,Fiber optic,0
3245,62,M,58,48.87,2848.05,Month-to-month,Bank Transfer,0,DSL,1
3246,52,M,22,64.6,1440.04,Month-to-month,Credit Card,0,Fiber optic,1
3247,47,M,67,73.43,4909.51,Two year,Electronic Check,0,Fiber optic,0
3248,41,F,48,117.62,5606.16,Two year,Credit Card,1,Fiber optic,0
3249,59,F,8,118.22,956.43,Month-to-month,Bank Transfer,0,DSL,1
3250,47,M,15,29.81,477.36,One year,Electronic Check,1,Fiber optic,0
3251,31,F,32,73.81,2411.68,Two year,Electronic Check,0,Fiber optic,0
3252,23,F,53,101.71,5362.94,Two year,Bank Transfer,0,Fiber optic,1
3253,20,M,67,43.77,2952.63,Month-to-month,Electronic Check,0,DSL,1
3254,33,M,4,95.06,333.04,Month-to-month,Bank Transfer,0,Fiber optic,1
3255,24,F,30,107.86,3282.78,One year,Credit Card,1,DSL,0
3256,69,F,13,86.25,1072.51,Month-to-month,Credit Card,0,None,1
3257,31,F,21,52.77,1094.05,One year,Electronic Check,0,Fiber optic,0
3258,26,F,41,112.31,4562.35,Month-to-month,Bank Transfer,0,DSL,1
3259,32,M,19,108.35,2070.75,Month-to-month,Bank Transfer,0,Fiber optic,1
3260,38,F,48,91.58,4379.79,Month-to-month,Credit Card,1,Fiber optic,1
3261,52,M,63,56.37,3574.6,Month-to-month,Credit Card,0,Fiber optic,1
3262,19,M,20,99.19,1982.44,Month-to-month,Electronic Check,0,Fiber optic,1
3263,44,F,64,51.61,3294.98,Two year,Bank Transfer,1,Fiber optic,0
3264,19,F,37,45.3,1660.95,Month-to-month,Electronic Check,1,DSL,0
3265,52,F,31,71.5,2175.11,Month-to-month,Electronic Check,0,DSL,1
3266,35,M,18,119.71,2125.26,Month-to-month,Electronic Check,1,Fiber optic,1
3267,31,M,20,100.43,2022.51,Month-to-month,Bank Transfer,1,Fiber optic,1
3268,37,M,11,92.98,1022.46,One year,Credit Card,0,Fiber optic,1
3269,35,M,44,65.2,2825.81,One year,Bank Transfer,1,DSL,0
3270,27,F,64,51.2,3281.2,Two year,Bank Transfer,0,Fiber optic,0
3271,42,M,34,105.59,3545.47,One year,Bank Transfer,1,Fiber optic,0
3272,19,M,65,76.77,4991.22,Month-to-month,Electronic Check,1,Fiber optic,1
3273,42,F,55,101.33,5619.65,Month-to-month,Electronic Check,1,None,1
3274,78,M,1,68.78,49.51,Month-to-month,Bank Transfer,0,Fiber optic,1
3275,71,M,38,95.4,3647.55,Month-to-month,Electronic Check,0,None,1
3276,50,F,9,106.77,985.49,One year,Electronic Check,1,DSL,0
3277,53,M,71,59.14,4189.43,Month-to-month,Credit Card,0,None,1
3278,48,M,17,21.36,372.45,Month-to-month,Bank Transfer,1,Fiber optic,1
3279,31,M,52,45.49,2362.68,Month-to-month,Bank Transfer,0,DSL,1
3280,18,M,18,111.49,1985.16,Month-to-month,Electronic Check,1,Fiber optic,1
3281,63,F,63,88.75,5616.72,Month-to-month,Bank Transfer,1,Fiber optic,1
3282,33,M,33,93.72,3113.04,Month-to-month,Bank Transfer,1,Fiber optic,1
3283,71,F,4,52.53,250.17,Month-to-month,Bank Transfer,0,DSL,1
3284,63,M,52,90.13,4698.57,Month-to-month,Bank Transfer,1,Fiber optic,1
3285,78,F,9,84.63,750.54,Month-to-month,Electronic Check,0,DSL,1
3286,69,F,64,37.84,2443.16,Month-to-month,Credit Card,0,Fiber optic,1
3287,20,F,30,116.87,3518.0,Month-to-month,Electronic Check,1,None,1
3288,52,M,8,55.4,454.86,Two year,Credit Card,0,DSL,0
3289,58,M,5,52.93,299.63,One year,Bank Transfer,0,Fiber optic,0
3290,23,M,63,56.92,3627.01,One year,Bank Transfer,1,Fiber optic,0
3291,42,F,1,29.17,-2.81,Month-to-month,Bank Transfer,0,DSL,1
3292,30,M,15,82.5,1218.91,Two year,Bank Transfer,1,Fiber optic,1
3293,70,M,38,43.86,1681.71,One year,Bank Transfer,0,Fiber optic,0
3294,51,M,42,100.33,4219.58,Month-to-month,Bank Transfer,0,Fiber optic,1
3295,25,M,46,59.42,2748.55,One year,Bank Transfer,1,Fiber optic,0
3296,38,F,53,65.86,3483.88,Month-to-month,Credit Card,0,Fiber optic,1
3297,51,F,26,84.64,2191.88,Month-to-month,Electronic Check,0,DSL,1
3298,21,M,61,96.19,5829.36,One year,Bank Transfer,1,Fiber optic,0
3299,42,M,67,43.11,2900.73,Month-to-month,Bank Transfer,0,DSL,1
3300,32,M,54,116.63,6265.6,One year,Bank Transfer,0,Fiber optic,1
3301,21,F,22,82.23,1826.16,Month-to-month,Credit Card,1,Fiber optic,1
3302,62,M,26,20.56,581.27,Two year,Bank Transfer,1,None,0
3303,77,F,60,61.56,3669.24,Month-to-month,Electronic Check,1,DSL,0
3304,29,F,39,63.68,2447.74,Two year,Credit Card,0,Fiber optic,0
3305,49,M,36,100.92,3585.54,One year,Credit Card,0,Fiber optic,1
3306,49,M,21,50.51,1048.59,Month-to-month,Bank Transfer,0,Fiber optic,1
3307,45,M,41,53.12,2149.38,Month-to-month,Credit Card,0,DSL,1
3308,30,F,48,27.05,1297.59,Month-to-month,Bank Transfer,0,Fiber optic,1
3309,48,F,26,48.35,1259.53,One year,Electronic Check,1,DSL,0
3310,31,M,63,91.7,5762.03,Month-to-month,Electronic Check,0,Fiber optic,1
3311,37,F,36,83.48,3030.27,Month-to-month,Credit Card,0,DSL,1
3312,35,M,24,28.14,715.84,Month-to-month,Credit Card,1,DSL,0
3313,46,M,21,31.47,632.02,Month-to-month,Bank Transfer,0,Fiber optic,1
3314,77,F,18,57.69,1072.05,Month-to-month,Credit Card,0,DSL,1
3315,23,F,15,94.38,1378.82,One year,Electronic Check,0,Fiber optic,1
3316,49,F,6,103.29,592.61,Two year,Credit Card,0,DSL,1
3317,46,F,43,21.46,928.92,Two year,Electronic Check,1,Fiber optic,0
3318,60,M,31,52.9,1620.56,Two year,Bank Transfer,0,Fiber optic,0
3319,79,M,28,62.43,1702.21,One year,Electronic Check,0,Fiber optic,0
3320,19,M,8,111.11,868.37,Month-to-month,Credit Card,1,Fiber optic,1
3321,77,F,29,70.14,2074.55,Month-to-month,Electronic Check,0,Fiber optic,1
3322,40,M,21,46.97,953.79,Month-to-month,Electronic Check,1,Fiber optic,1
3323,36,F,58,59.0,3448.38,Month-to-month,Credit Card,1,Fiber optic,1
3324,48,F,60,63.64,3840.63,Month-to-month,Bank Transfer,0,Fiber optic,1
3325,68,F,50,87.0,4310.62,Two year,Electronic Check,1,Fiber optic,0
3326,22,M,31,24.11,730.35,One year,Credit Card,0,DSL,0
3327,36,F,47,58.95,2739.59,Two year,Electronic Check,0,DSL,0
3328,51,F,34,84.66,2830.76,Month-to-month,Electronic Check,0,Fiber optic,1
3329,27,F,2,48.33,63.96,Month-to-month,Electronic Check,0,Fiber optic,1
3330,42,F,67,79.18,5275.22,One year,Bank Transfer,0,None,0
3331,19,F,72,55.73,3979.16,Month-to-month,Electronic Check,0,Fiber optic,1
3332,79,F,52,95.87,4944.35,Month-to-month,Credit Card,0,DSL,1
3333,28,F,7,26.06,185.05,One year,Credit Card,1,Fiber optic,0
3334,67,F,19,111.8,2106.46,Month-to-month,Electronic Check,0,Fiber optic,1
3335,78,F,15,37.16,598.22,Two year,Bank Transfer,0,Fiber optic,0
3336,48,F,48,35.85,1689.52,Month-to-month,Credit Card,1,Fiber optic,1
3337,73,F,14,104.06,1467.13,Two year,Bank Transfer,1,DSL,0
3338,32,F,3,106.93,360.85,Month-to-month,Bank Transfer,0,Fiber optic,1
3339,26,M,50,29.3,1419.72,Month-to-month,Credit Card,0,None,1
3340,40,M,54,110.87,5988.61,Month-to-month,Credit Card,1,DSL,1
3341,36,F,6,47.33,279.05,Month-to-month,Bank Transfer,0,Fiber optic,1
3342,26,F,49,81.86,4054.02,Month-to-month,Electronic Check,0,DSL,1
3343,52,F,23,26.86,634.16,Two year,Bank Transfer,1,DSL,0
3344,38,M,20,58.07,1146.32,One year,Credit Card,0,DSL,0
3345,26,M,60,65.07,3925.35,Month-to-month,Bank Transfer,0,Fiber optic,1
3346,45,M,45,79.98,3607.37,Month-to-month,Credit Card,1,Fiber optic,1
3347,79,F,61,72.53,4409.05,Month-to-month,Electronic Check,0,Fiber optic,1
3348,63,F,56,66.15,3732.92,Month-to-month,Electronic Check,0,DSL,1
3349,68,F,2,115.96,248.74,One year,Electronic Check,0,Fiber optic,1
3350,24,F,45,38.5,1683.04,Month-to-month,Electronic Check,0,DSL,1
3351,33,M,40,35.8,1468.51,Two year,Electronic Check,1,Fiber optic,0
3352,33,F,24,91.34,2181.87,Month-to-month,Credit Card,0,Fiber optic,1
3353,77,M,29,27.46,810.88,One year,Bank Transfer,0,Fiber optic,0
3354,50,M,67,68.29,4565.11,One year,Electronic Check,1,Fiber optic,0
3355,21,F,68,68.41,4690.02,Month-to-month,Credit Card,0,DSL,1
3356,21,M,66,51.0,3381.08,Month-to-month,Bank Transfer,0,Fiber optic,1
3357,56,M,54,113.04,6112.1,Month-to-month,Bank Transfer,0,Fiber optic,1
3358,57,M,53,48.25,2605.28,Month-to-month,Electronic Check,1,Fiber optic,1
3359,34,M,49,48.84,2371.22,Month-to-month,Electronic Check,0,DSL,1
3360,54,F,32,43.43,1346.29,Month-to-month,Bank Transfer,1,DSL,0
3361,56,F,61,34.58,2110.98,Month-to-month,Bank Transfer,0,Fiber optic,1
3362,77,M,42,56.4,2361.2,Month-to-month,Credit Card,0,DSL,1
3363,69,F,1,88.09,83.52,Month-to-month,Electronic Check,1,Fiber optic,1
3364,46,M,63,94.22,5947.87,Two year,Bank Transfer,1,DSL,0
3365,69,F,35,101.34,3558.41,Month-to-month,Bank Transfer,1,Fiber optic,1
3366,53,F,51,39.75,2016.48,Month-to-month,Electronic Check,1,Fiber optic,1
3367,77,F,71,23.56,1709.05,Month-to-month,Credit Card,0,DSL,1
3368,55,F,45,117.47,5301.3,One year,Credit Card,0,None,1
3369,56,F,65,21.43,1431.94,Month-to-month,Electronic Check,0,Fiber optic,1
3370,67,M,14,116.07,1666.3,One year,Credit Card,1,DSL,0
3371,54,F,3,102.88,275.37,Month-to-month,Credit Card,1,Fiber optic,1
3372,69,M,24,111.21,2687.1,Month-to-month,Credit Card,0,None,1
3373,79,M,65,58.72,3798.55,Month-to-month,Bank Transfer,0,DSL,1
3374,78,F,48,39.72,1940.2,Month-to-month,Bank Transfer,1,Fiber optic,1
3375,52,M,10,80.65,829.79,Month-to-month,Credit Card,1,None,1
3376,24,F,13,94.13,1193.56,Month-to-month,Electronic Check,1,DSL,1
3377,44,M,14,33.09,507.13,Two year,Electronic Check,0,DSL,0
3378,45,M,10,99.76,1015.95,Month-to-month,Electronic Check,0,Fiber optic,1
3379,39,F,40,40.86,1679.26,Month-to-month,Credit Card,0,None,1
3380,31,F,23,69.17,1561.1,One year,Electronic Check,0,Fiber optic,0
3381,24,F,55,105.65,5847.72,Two year,Bank Transfer,0,Fiber optic,1
3382,54,F,63,39.34,2495.23,One year,Electronic Check,0,DSL,0
3383,78,M,71,44.19,3142.72,Two year,Electronic Check,0,None,0
3384,39,F,42,26.28,1135.81,Two year,Bank Transfer,0,DSL,0
3385,22,M,66,34.66,2300.85,Month-to-month,Bank Transfer,0,DSL,1
3386,79,M,47,34.65,1645.51,Month-to-month,Credit Card,0,Fiber optic,1
3387,72,M,52,40.34,2073.05,One year,Credit Card,0,Fiber optic,0
3388,19,M,18,48.62,906.87,Month-to-month,Credit Card,0,DSL,1
3389,79,M,18,101.5,1842.03,Month-to-month,Credit Card,0,DSL,1
3390,44,M,24,111.58,2712.36,Two year,Credit Card,0,DSL,1
3391,38,F,23,60.63,1379.64,Month-to-month,Bank Transfer,0,DSL,1
3392,71,M,12,32.82,377.01,Two year,Bank Transfer,0,None,0
3393,55,M,23,42.38,927.13,One year,Bank Transfer,0,DSL,0
3394,32,M,21,93.62,1992.88,Month-to-month,Electronic Check,0,Fiber optic,1
3395,38,F,64,87.74,5598.39,Two year,Electronic Check,0,Fiber optic,1
3396,27,F,72,116.72,8386.56,One year,Electronic Check,0,Fiber optic,1
3397,40,M,34,21.45,748.17,Month-to-month,Credit Card,0,Fiber optic,1
3398,75,F,2,95.08,165.45,One year,Electronic Check,1,Fiber optic,0
3399,73,M,69,70.58,4910.92,Month-to-month,Credit Card,0,Fiber optic,1
3400,56,F,31,110.27,3422.18,One year,Credit Card,0,Fiber optic,1
3401,22,M,68,77.62,5325.11,Month-to-month,Credit Card,1,Fiber optic,1
3402,18,F,70,64.67,4484.57,Two year,Credit Card,0,DSL,0
3403,30,F,19,86.59,1628.89,One year,Electronic Check,0,DSL,1
3404,38,F,72,103.35,7429.35,Month-to-month,Bank Transfer,0,DSL,1
3405,43,M,13,48.25,650.29,Month-to-month,Credit Card,0,DSL,1
3406,67,M,65,30.75,1970.05,Month-to-month,Electronic Check,0,None,1
3407,62,M,6,63.3,367.33,One year,Credit Card,0,Fiber optic,0
3408,38,F,71,41.45,2984.01,Month-to-month,Credit Card,0,DSL,1
3409,70,F,27,62.95,1661.11,Two year,Bank Transfer,1,Fiber optic,0
3410,35,M,52,119.1,6217.73,Two year,Credit Card,0,Fiber optic,1
3411,54,F,48,77.41,3735.93,Month-to-month,Bank Transfer,0,DSL,1
3412,62,M,68,89.36,6039.53,Month-to-month,Electronic Check,0,DSL,1
3413,49,M,44,87.79,3881.61,Two year,Credit Card,1,DSL,0
3414,53,M,17,102.07,1742.17,One year,Bank Transfer,0,Fiber optic,1
3415,34,M,38,114.41,4326.33,Month-to-month,Credit Card,0,Fiber optic,1
3416,52,F,10,85.88,839.91,Month-to-month,Credit Card,0,None,1
3417,66,F,54,67.61,3684.24,Two year,Credit Card,0,Fiber optic,0
3418,77,F,6,51.78,283.78,Month-to-month,Bank Transfer,0,Fiber optic,1
3419,28,M,6,56.03,337.46,Two year,Electronic Check,1,DSL,0
3420,38,F,52,53.45,2797.51,Two year,Bank Transfer,1,DSL,0
3421,69,M,15,52.45,749.74,Month-to-month,Electronic Check,0,Fiber optic,1
3422,72,M,68,89.46,6126.52,Two year,Bank Transfer,1,Fiber optic,1
3423,70,M,57,78.77,4465.95,Month-to-month,Bank Transfer,1,Fiber optic,1
3424,43,M,56,40.2,2233.08,Month-to-month,Electronic Check,1,DSL,0
3425,79,M,7,116.96,835.33,Month-to-month,Electronic Check,0,None,1
3426,21,M,51,62.77,3159.09,Month-to-month,Electronic Check,0,Fiber optic,1
3427,51,F,58,76.61,4456.14,Month-to-month,Bank Transfer,0,DSL,1
3428,69,F,64,90.26,5818.24,Month-to-month,Electronic Check,1,Fiber optic,1
3429,65,F,26,81.37,2090.53,Month-to-month,Credit Card,0,Fiber optic,1
3430,77,F,58,51.11,2950.57,Month-to-month,Credit Card,0,None,1
3431,35,M,31,99.77,3066.1,One year,Credit Card,0,Fiber optic,1
3432,57,M,66,31.02,2079.2,Month-to-month,Credit Card,0,DSL,1
3433,52,F,13,76.9,966.46,One year,Electronic Check,0,Fiber optic,0
3434,58,F,18,47.33,836.6,Month-to-month,Electronic Check,0,Fiber optic,1
3435,46,F,13,81.58,1070.64,Month-to-month,Credit Card,1,Fiber optic,1
3436,69,F,24,41.8,993.66,Month-to-month,Electronic Check,0,DSL,1
3437,46,F,57,97.22,5498.09,Month-to-month,Credit Card,0,Fiber optic,1
3438,55,F,29,42.75,1284.52,One year,Bank Transfer,0,Fiber optic,0
3439,59,F,56,109.04,6090.03,Month-to-month,Electronic Check,0,DSL,1
3440,38,F,54,106.16,5727.21,Month-to-month,Bank Transfer,0,Fiber optic,1
3441,59,M,5,56.24,247.95,Month-to-month,Electronic Check,0,DSL,1
3442,30,M,35,58.58,2086.84,Month-to-month,Electronic Check,0,DSL,1
3443,66,M,19,90.15,1691.99,One year,Electronic Check,0,None,1
3444,58,M,55,29.04,1549.18,Month-to-month,Bank Transfer,0,Fiber optic,1
3445,34,F,69,28.09,1919.85,One year,Bank Transfer,0,Fiber optic,0
3446,73,M,44,33.63,1528.13,Month-to-month,Credit Card,1,Fiber optic,1
3447,26,F,38,76.25,2862.18,Two year,Bank Transfer,0,DSL,0
3448,58,M,62,34.9,2116.92,Month-to-month,Bank Transfer,1,DSL,0
3449,18,F,22,47.76,1058.54,Month-to-month,Credit Card,0,DSL,1
3450,19,F,40,84.69,3374.77,One year,Bank Transfer,0,Fiber optic,1
3451,77,M,26,21.56,590.06,Month-to-month,Bank Transfer,1,DSL,0
3452,65,M,5,38.02,213.29,Two year,Credit Card,0,Fiber optic,0
3453,46,F,54,112.99,6070.0,One year,Bank Transfer,0,DSL,1
3454,50,F,49,86.36,4238.1,One year,Credit Card,0,DSL,1
3455,27,F,3,50.56,104.92,One year,Electronic Check,0,Fiber optic,0
3456,67,M,38,24.53,926.09,Month-to-month,Electronic Check,0,Fiber optic,1
3457,75,M,14,78.6,1121.81,One year,Bank Transfer,0,None,0
3458,77,F,47,42.29,1979.13,Month-to-month,Electronic Check,0,Fiber optic,1
3459,57,M,14,116.02,1586.08,One year,Bank Transfer,1,Fiber optic,1
3460,38,F,38,88.7,3326.75,One year,Credit Card,1,DSL,0
3461,45,M,64,117.41,7549.61,Month-to-month,Credit Card,0,Fiber optic,1
3462,28,M,44,104.89,4654.29,Month-to-month,Credit Card,0,Fiber optic,1
3463,72,M,70,68.3,4765.31,Month-to-month,Electronic Check,0,DSL,1
3464,51,M,65,86.96,5618.82,One year,Credit Card,0,Fiber optic,1
3465,25,M,25,101.21,2578.11,Month-to-month,Credit Card,0,Fiber optic,1
3466,76,F,16,77.82,1249.71,Month-to-month,Bank Transfer,1,Fiber optic,1
3467,39,F,15,26.15,389.92,Month-to-month,Bank Transfer,0,Fiber optic,1
3468,25,M,3,67.04,225.28,Month-to-month,Bank Transfer,0,DSL,1
3469,66,F,67,33.06,2181.91,Month-to-month,Bank Transfer,0,Fiber optic,1
3470,32,F,37,91.48,3392.76,Two year,Credit Card,0,Fiber optic,1
3471,34,M,55,88.06,4882.32,Month-to-month,Bank Transfer,1,DSL,1
3472,77,F,38,119.29,4485.33,Month-to-month,Electronic Check,0,None,1
3473,40,M,63,82.88,5238.73,Month-to-month,Electronic Check,0,Fiber optic,1
3474,41,F,1,100.01,105.15,Month-to-month,Electronic Check,0,None,1
3475,62,F,71,46.83,3370.01,One year,Bank Transfer,0,DSL,0
3476,36,F,19,54.0,1001.87,Month-to-month,Credit Card,0,DSL,1
3477,22,F,52,111.7,5844.29,Month-to-month,Bank Transfer,0,Fiber optic,1
3478,49,F,30,95.52,2846.5,Two year,Electronic Check,0,None,1
3479,61,F,55,85.53,4697.14,Month-to-month,Bank Transfer,0,DSL,1
3480,18,F,14,45.4,606.93,Month-to-month,Electronic Check,0,Fiber optic,1
3481,40,M,13,89.86,1204.54,Month-to-month,Credit Card,0,DSL,1
3482,54,M,27,108.68,2903.9,Month-to-month,Credit Card,0,Fiber optic,1
3483,25,M,9,43.08,423.62,One year,Credit Card,1,Fiber optic,0
3484,30,M,41,90.61,3710.57,Two year,Credit Card,1,Fiber optic,0
3485,25,F,48,59.37,2883.27,One year,Credit Card,1,Fiber optic,0
3486,74,F,12,31.88,359.01,One year,Bank Transfer,0,None,0
3487,40,F,10,96.35,926.77,Two year,Credit Card,0,Fiber optic,1
3488,60,M,6,36.71,225.76,One year,Bank Transfer,1,DSL,0
3489,18,M,34,45.29,1540.8,Month-to-month,Electronic Check,1,None,0
3490,62,M,52,98.29,5096.74,Month-to-month,Electronic Check,1,DSL,1
3491,68,F,41,94.21,3878.89,Month-to-month,Credit Card,0,Fiber optic,1
3492,41,M,6,45.42,232.03,Month-to-month,Bank Transfer,0,Fiber optic,1
3493,52,F,2,114.1,240.4,Month-to-month,Credit Card,0,DSL,1
3494,41,M,15,41.53,594.13,One year,Electronic Check,0,Fiber optic,0
3495,34,F,17,119.36,1992.02,Month-to-month,Bank Transfer,0,DSL,1
3496,22,M,16,93.79,1541.6,One year,Electronic Check,1,Fiber optic,0
3497,37,F,28,59.25,1654.98,Month-to-month,Bank Transfer,0,Fiber optic,1
3498,38,M,72,33.03,2404.5,Month-to-month,Electronic Check,0,Fiber optic,1
3499,57,M,10,52.05,479.41,Month-to-month,Credit Card,0,Fiber optic,1
3500,75,F,10,39.37,349.45,Month-to-month,Credit Card,1,Fiber optic,1
3501,48,F,10,82.18,821.29,One year,Credit Card,0,Fiber optic,1
3502,63,M,28,55.69,1540.88,Two year,Electronic Check,1,Fiber optic,0
3503,53,F,24,49.5,1138.49,Month-to-month,Electronic Check,0,Fiber optic,1
3504,28,M,19,95.71,1786.82,One year,Electronic Check,1,DSL,0
3505,69,F,68,43.06,2899.96,Two year,Credit Card,1,Fiber optic,0
3506,32,M,56,78.69,4385.49,Month-to-month,Electronic Check,0,DSL,1
3507,36,F,67,39.46,2681.57,Month-to-month,Electronic Check,1,None,0
3508,24,M,42,91.48,3834.22,Month-to-month,Credit Card,0,Fiber optic,1
3509,68,M,12,82.51,1008.06,Month-to-month,Electronic Check,0,DSL,1
3510,45,M,18,99.82,1748.6,Two year,Bank Transfer,0,DSL,1
3511,68,F,23,26.85,648.94,Month-to-month,Electronic Check,1,DSL,0
3512,60,M,6,41.01,220.09,Month-to-month,Credit Card,1,Fiber optic,1
3513,75,F,53,35.45,1859.75,Month-to-month,Bank Transfer,0,Fiber optic,1
3514,22,F,42,39.06,1595.05,Two year,Credit Card,0,DSL,0
3515,22,F,66,30.3,1990.77,Month-to-month,Credit Card,0,Fiber optic,1
3516,47,M,30,76.21,2321.56,Month-to-month,Credit Card,0,None,1
3517,71,F,9,79.34,701.93,Month-to-month,Bank Transfer,1,Fiber optic,1
3518,49,F,42,104.35,4423.56,One year,Bank Transfer,0,Fiber optic,1
3519,25,F,34,61.77,2136.92,One year,Credit Card,0,DSL,0
3520,27,M,40,73.24,2885.8,Two year,Electronic Check,1,None,0
3521,55,F,17,119.13,2005.74,Month-to-month,Bank Transfer,0,Fiber optic,1
3522,64,F,29,73.18,2163.26,Month-to-month,Credit Card,0,Fiber optic,1
3523,49,F,50,77.36,3820.98,Two year,Electronic Check,1,Fiber optic,0
3524,65,F,49,119.59,5886.49,Two year,Credit Card,1,DSL,0
3525,45,M,61,119.41,7324.65,Month-to-month,Bank Transfer,0,Fiber optic,1
3526,34,M,46,62.4,2897.45,Month-to-month,Bank Transfer,0,DSL,1
3527,48,F,46,83.49,3864.92,Month-to-month,Electronic Check,0,None,1
3528,25,F,17,68.08,1191.7,Month-to-month,Bank Transfer,0,Fiber optic,1
3529,57,F,66,92.07,6093.2,One year,Credit Card,1,DSL,0
3530,42,F,5,113.84,561.51,Month-to-month,Credit Card,1,Fiber optic,1
3531,26,M,54,50.97,2708.66,One year,Electronic Check,0,Fiber optic,0
3532,19,M,16,101.89,1659.04,Month-to-month,Electronic Check,0,Fiber optic,1
3533,32,M,7,85.48,638.89,Month-to-month,Electronic Check,0,DSL,1
3534,67,M,8,48.02,385.32,Month-to-month,Electronic Check,0,Fiber optic,1
3535,20,F,72,99.73,7183.81,Month-to-month,Credit Card,0,Fiber optic,1
3536,66,F,38,62.71,2373.31,Two year,Credit Card,0,DSL,0
3537,53,M,54,32.04,1765.85,One year,Credit Card,0,DSL,0
3538,79,M,15,119.34,1741.58,One year,Credit Card,0,Fiber optic,1
3539,21,F,50,62.56,3140.45,Month-to-month,Electronic Check,1,DSL,0
3540,31,F,56,74.16,4193.7,Month-to-month,Bank Transfer,1,Fiber optic,1
3541,58,F,9,100.8,867.52,Month-to-month,Credit Card,0,Fiber optic,1
3542,58,F,8,116.09,974.64,Month-to-month,Bank Transfer,0,DSL,1
3543,42,F,19,107.29,2085.28,Month-to-month,Electronic Check,0,Fiber optic,1
3544,75,M,51,72.51,3740.99,Month-to-month,Electronic Check,0,Fiber optic,1
3545,72,M,72,74.57,5365.29,Month-to-month,Bank Transfer,0,DSL,1
3546,79,F,57,48.09,2729.43,Month-to-month,Electronic Check,1,Fiber optic,1
3547,67,F,68,66.28,4527.63,Month-to-month,Bank Transfer,0,Fiber optic,1
3548,27,M,31,114.68,3536.95,Two year,Credit Card,0,Fiber optic,1
3549,38,F,3,92.69,234.9,Month-to-month,Electronic Check,1,Fiber optic,1
3550,53,M,43,21.19,951.31,Month-to-month,Electronic Check,1,Fiber optic,1
3551,29,M,29,31.65,931.34,One year,Bank Transfer,0,Fiber optic,0
3552,44,M,10,112.38,1094.52,Month-to-month,Bank Transfer,1,DSL,1
3553,57,M,12,104.87,1210.28,One year,Bank Transfer,0,DSL,1
3554,19,F,46,68.62,3178.87,Two year,Bank Transfer,1,Fiber optic,0
3555,71,F,30,81.7,2486.28,Month-to-month,Bank Transfer,0,Fiber optic,1
3556,30,M,32,48.96,1557.28,Month-to-month,Electronic Check,0,DSL,1
3557,70,F,47,99.28,4624.25,Month-to-month,Bank Transfer,0,None,1
3558,49,F,63,80.33,5075.65,One year,Credit Card,0,None,1
3559,48,F,26,89.48,2306.17,One year,Bank Transfer,0,Fiber optic,1
3560,33,F,3,57.49,136.86,Month-to-month,Electronic Check,0,DSL,1
3561,49,M,23,63.04,1450.96,Month-to-month,Credit Card,1,DSL,0
3562,49,F,50,40.77,2036.68,One year,Electronic Check,0,None,0
3563,77,M,36,114.81,4134.84,Two year,Bank Transfer,1,Fiber optic,0
3564,51,M,13,114.66,1522.97,Two year,Electronic Check,0,None,1
3565,28,F,29,101.78,2950.07,One year,Electronic Check,0,DSL,1
3566,27,M,38,113.56,4355.33,Month-to-month,Bank Transfer,1,None,1
3567,32,F,5,86.53,466.83,One year,Electronic Check,0,Fiber optic,1
3568,34,F,20,43.47,884.51,Month-to-month,Electronic Check,0,DSL,1
3569,57,M,14,96.02,1299.97,Month-to-month,Electronic Check,1,Fiber optic,1
3570,35,F,8,52.53,456.73,Month-to-month,Credit Card,0,Fiber optic,1
3571,72,M,48,64.05,3114.96,Two year,Electronic Check,1,DSL,0
3572,26,M,13,47.44,604.22,Month-to-month,Bank Transfer,0,Fiber optic,1
3573,42,F,24,62.36,1499.26,One year,Bank Transfer,1,Fiber optic,0
3574,57,F,65,87.93,5693.55,Month-to-month,Electronic Check,0,Fiber optic,1
3575,76,F,34,31.06,1007.51,One year,Bank Transfer,1,Fiber optic,0
3576,31,M,51,30.52,1554.47,Month-to-month,Credit Card,1,Fiber optic,1
3577,77,F,3,88.38,228.08,Two year,Bank Transfer,0,None,1
3578,75,M,58,97.96,5650.01,One year,Bank Transfer,0,Fiber optic,1
3579,42,M,72,75.15,5408.87,Month-to-month,Electronic Check,0,Fiber optic,1
3580,67,F,55,38.16,2135.5,Month-to-month,Credit Card,0,Fiber optic,1
3581,39,F,42,63.08,2683.82,One year,Credit Card,0,Fiber optic,0
3582,69,F,21,95.82,2058.73,Month-to-month,Bank Transfer,0,Fiber optic,1
3583,47,M,10,88.57,883.97,Month-to-month,Bank Transfer,1,DSL,1
3584,37,F,57,30.99,1771.63,One year,Electronic Check,0,DSL,0
3585,38,M,25,116.91,2954.96,One year,Electronic Check,0,DSL,1
3586,61,F,56,42.34,2391.01,Month-to-month,Credit Card,1,DSL,0
3587,49,F,38,42.04,1565.8,Month-to-month,Electronic Check,0,Fiber optic,1
3588,68,M,61,65.99,4015.21,One year,Credit Card,1,None,0
3589,63,M,47,52.72,2520.76,Two year,Credit Card,0,DSL,0
3590,66,F,54,118.4,6358.21,One year,Bank Transfer,1,DSL,0
3591,73,F,46,27.65,1242.84,Month-to-month,Credit Card,0,None,1
3592,38,F,68,50.64,3433.59,One year,Credit Card,1,Fiber optic,0
3593,52,F,4,58.27,277.07,Month-to-month,Credit Card,0,Fiber optic,1
3594,75,F,66,69.35,4538.48,Month-to-month,Credit Card,1,None,0
3595,49,M,43,21.64,947.81,Month-to-month,Bank Transfer,1,None,0
3596,47,M,62,28.24,1714.09,One year,Electronic Check,1,Fiber optic,0
3597,72,M,4,45.78,185.57,Two year,Electronic Check,1,Fiber optic,0
3598,56,M,65,75.4,4904.66,Two year,Credit Card,0,Fiber optic,0
3599,66,F,62,96.78,5954.62,One year,Electronic Check,0,Fiber optic,1
3600,29,M,2,88.65,222.71,Month-to-month,Electronic Check,0,Fiber optic,1
3601,58,M,9,76.7,720.96,Month-to-month,Credit Card,0,Fiber optic,1
3602,64,M,57,59.72,3384.33,Month-to-month,Credit Card,0,Fiber optic,1
3603,35,F,45,107.07,4781.21,Month-to-month,Electronic Check,0,Fiber optic,1
3604,38,M,18,65.98,1172.2,One year,Bank Transfer,0,Fiber optic,0
3605,30,F,48,49.93,2436.07,Month-to-month,Electronic Check,1,DSL,0
3606,79,M,42,82.93,3446.33,One year,Credit Card,0,Fiber optic,1
3607,38,F,41,89.21,3642.54,Month-to-month,Electronic Check,0,Fiber optic,1
3608,79,M,58,59.85,3470.73,Two year,Electronic Check,0,Fiber optic,0
3609,25,F,42,22.81,911.31,Month-to-month,Bank Transfer,0,Fiber optic,1
3610,63,M,35,29.41,1006.15,Month-to-month,Electronic Check,1,Fiber optic,1
3611,57,F,38,104.56,3982.84,Month-to-month,Electronic Check,0,Fiber optic,1
3612,63,F,67,25.65,1700.95,Month-to-month,Credit Card,1,Fiber optic,1
3613,24,M,41,79.2,3284.25,Month-to-month,Bank Transfer,0,DSL,1
3614,40,F,50,38.37,1962.18,Month-to-month,Electronic Check,1,Fiber optic,1
3615,61,F,72,42.89,3082.23,Month-to-month,Electronic Check,1,Fiber optic,1
3616,49,M,45,47.33,2133.05,Month-to-month,Credit Card,0,Fiber optic,1
3617,28,M,71,23.83,1705.01,Two year,Credit Card,1,DSL,0
3618,39,F,19,37.72,733.13,One year,Bank Transfer,1,Fiber optic,0
3619,39,M,17,85.05,1402.18,Month-to-month,Bank Transfer,0,Fiber optic,1
3620,60,M,65,69.87,4496.92,Two year,Bank Transfer,1,DSL,0
3621,42,M,56,99.73,5621.44,Two year,Credit Card,0,None,1
3622,39,F,41,26.12,1042.91,One year,Credit Card,0,None,0
3623,45,F,42,108.89,4581.79,Month-to-month,Credit Card,0,DSL,1
3624,46,F,6,119.64,730.31,Month-to-month,Credit Card,0,Fiber optic,1
3625,30,F,69,21.57,1454.78,One year,Bank Transfer,1,Fiber optic,0
3626,35,F,40,116.76,4696.56,Month-to-month,Bank Transfer,0,DSL,1
3627,19,F,41,43.59,1823.78,Month-to-month,Bank Transfer,0,Fiber optic,1
3628,46,F,9,89.25,781.79,Month-to-month,Credit Card,0,Fiber optic,1
3629,38,M,8,49.25,431.78,Month-to-month,Credit Card,1,Fiber optic,1
3630,32,F,44,72.18,3134.02,Two year,Credit Card,0,Fiber optic,0
3631,69,F,58,71.04,4150.37,Two year,Credit Card,0,Fiber optic,0
3632,44,M,67,56.11,3773.38,Month-to-month,Electronic Check,0,Fiber optic,1
3633,67,M,13,91.75,1201.06,Month-to-month,Bank Transfer,1,DSL,1
3634,48,M,19,79.96,1492.25,Month-to-month,Bank Transfer,0,DSL,1
3635,32,F,49,70.83,3456.85,Month-to-month,Electronic Check,0,DSL,1
3636,68,M,30,118.28,3589.43,Month-to-month,Bank Transfer,1,DSL,1
3637,40,F,66,114.0,7520.57,One year,Credit Card,0,DSL,1
3638,41,F,59,115.54,6826.3,Month-to-month,Bank Transfer,1,DSL,1
3639,61,F,53,108.13,5774.48,Month-to-month,Credit Card,0,Fiber optic,1
3640,30,M,52,45.52,2363.69,Month-to-month,Credit Card,1,Fiber optic,1
3641,39,M,31,55.0,1693.83,Month-to-month,Credit Card,1,Fiber optic,1
3642,60,F,15,43.11,685.97,Month-to-month,Electronic Check,0,DSL,1
3643,54,F,20,118.62,2413.49,Month-to-month,Bank Transfer,0,Fiber optic,1
3644,78,F,5,35.27,161.81,Month-to-month,Credit Card,0,DSL,1
3645,50,M,7,56.65,405.75,Two year,Bank Transfer,0,Fiber optic,0
3646,73,F,18,39.9,764.57,Month-to-month,Electronic Check,0,Fiber optic,1
3647,20,M,56,42.35,2327.15,Month-to-month,Bank Transfer,1,DSL,0
3648,71,F,45,44.71,1965.93,Two year,Bank Transfer,0,DSL,0
3649,36,M,28,83.97,2352.82,One year,Bank Transfer,1,Fiber optic,0
3650,40,F,50,27.6,1359.12,Month-to-month,Bank Transfer,0,DSL,1
3651,46,M,2,77.25,162.68,Month-to-month,Electronic Check,1,Fiber optic,1
3652,47,M,68,101.93,6953.67,One year,Bank Transfer,0,DSL,1
3653,56,M,24,96.65,2276.51,One year,Credit Card,1,None,0
3654,61,M,48,35.12,1724.0,Month-to-month,Electronic Check,0,Fiber optic,1
3655,64,M,45,111.47,4993.84,Month-to-month,Bank Transfer,0,Fiber optic,1
3656,42,M,58,97.01,5614.71,Month-to-month,Bank Transfer,0,DSL,1
3657,54,F,36,20.53,722.78,Month-to-month,Credit Card,0,Fiber optic,1
3658,64,F,2,93.74,221.46,One year,Electronic Check,0,Fiber optic,1
3659,25,F,18,93.74,1654.39,Month-to-month,Electronic Check,0,Fiber optic,1
3660,59,F,49,69.68,3367.19,Month-to-month,Credit Card,0,Fiber optic,1
3661,75,M,8,24.6,243.98,Month-to-month,Bank Transfer,1,Fiber optic,1
3662,33,F,58,77.99,4571.48,Month-to-month,Bank Transfer,0,Fiber optic,1
3663,25,M,15,96.57,1424.32,Month-to-month,Electronic Check,0,Fiber optic,1
3664,18,M,17,47.09,751.47,Month-to-month,Electronic Check,1,Fiber optic,1
3665,61,M,23,86.71,2008.92,Two year,Bank Transfer,0,None,1
3666,22,F,66,55.39,3670.59,One year,Credit Card,0,None,0
3667,20,M,70,77.39,5461.34,Month-to-month,Credit Card,0,None,1
3668,18,F,27,58.46,1558.27,Month-to-month,Bank Transfer,0,Fiber optic,1
3669,21,F,37,50.38,1833.01,Month-to-month,Credit Card,0,Fiber optic,1
3670,57,F,49,105.59,5185.55,Two year,Electronic Check,1,DSL,0
3671,52,F,64,95.38,6110.69,One year,Bank Transfer,1,Fiber optic,0
3672,49,F,34,54.54,1876.13,Month-to-month,Credit Card,0,Fiber optic,1
3673,59,M,18,63.46,1180.79,Month-to-month,Credit Card,0,Fiber optic,1
3674,51,M,64,89.17,5712.85,One year,Electronic Check,0,DSL,1
3675,60,F,44,101.11,4413.85,Month-to-month,Electronic Check,0,Fiber optic,1
3676,42,M,17,88.43,1513.12,Two year,Bank Transfer,0,DSL,1
3677,27,F,59,74.09,4358.72,Two year,Electronic Check,0,Fiber optic,0
3678,38,M,13,115.44,1495.99,One year,Electronic Check,0,None,1
3679,63,M,52,97.41,5111.27,Month-to-month,Bank Transfer,0,None,1
3680,56,M,60,31.56,1899.09,Month-to-month,Credit Card,0,Fiber optic,1
3681,44,M,42,75.81,3148.98,Month-to-month,Electronic Check,0,Fiber optic,1
3682,44,M,64,60.96,3895.76,One year,Bank Transfer,0,Fiber optic,0
3683,19,M,66,99.49,6539.18,Month-to-month,Electronic Check,0,Fiber optic,1
3684,58,M,34,24.47,795.53,Month-to-month,Electronic Check,0,Fiber optic,1
3685,65,M,71,61.07,4357.19,Month-to-month,Credit Card,1,None,0
3686,30,M,64,51.83,3329.98,Month-to-month,Electronic Check,0,Fiber optic,1
3687,26,M,33,34.12,1125.74,Two year,Electronic Check,1,DSL,0
3688,69,M,12,57.88,686.88,Two year,Electronic Check,1,Fiber optic,0
3689,53,M,19,87.28,1640.54,One year,Credit Card,0,Fiber optic,1
3690,39,M,9,56.17,464.33,Two year,Electronic Check,1,DSL,0
3691,59,F,17,78.0,1305.93,Month-to-month,Bank Transfer,0,DSL,1
3692,43,M,50,79.28,3997.84,One year,Bank Transfer,0,Fiber optic,0
3693,75,M,39,78.71,3098.06,Month-to-month,Credit Card,1,None,0
3694,71,M,41,72.95,3038.18,Month-to-month,Credit Card,0,DSL,1
3695,29,M,10,31.7,332.61,Month-to-month,Credit Card,0,Fiber optic,1
3696,34,M,12,41.85,507.56,Two year,Electronic Check,0,Fiber optic,0
3697,31,M,15,100.01,1479.75,Month-to-month,Credit Card,0,None,1
3698,31,F,28,70.24,1924.41,One year,Bank Transfer,0,Fiber optic,0
3699,74,F,4,90.61,374.24,One year,Bank Transfer,0,DSL,1
3700,51,F,36,76.99,2770.46,Month-to-month,Electronic Check,0,Fiber optic,1
3701,70,M,65,23.87,1577.46,Month-to-month,Electronic Check,1,DSL,0
3702,74,M,47,99.62,4673.33,One year,Electronic Check,1,Fiber optic,0
3703,37,M,39,26.43,1079.33,Month-to-month,Electronic Check,0,Fiber optic,1
3704,28,F,38,114.32,4333.92,One year,Bank Transfer,0,Fiber optic,1
3705,33,M,44,41.54,1811.07,Month-to-month,Bank Transfer,0,DSL,1
3706,68,M,51,71.24,3670.34,Two year,Credit Card,0,Fiber optic,0
3707,48,F,26,26.36,674.91,One year,Electronic Check,0,Fiber optic,0
3708,72,F,36,109.49,3978.73,Month-to-month,Bank Transfer,0,Fiber optic,1
3709,23,M,69,117.99,8094.05,Month-to-month,Bank Transfer,1,Fiber optic,1
3710,73,M,1,34.63,53.89,Month-to-month,Credit Card,1,Fiber optic,1
3711,36,M,53,49.58,2584.93,Month-to-month,Bank Transfer,0,Fiber optic,1
3712,54,M,6,21.59,94.36,One year,Bank Transfer,0,DSL,0
3713,75,F,37,98.7,3671.91,Month-to-month,Electronic Check,0,Fiber optic,1
3714,21,M,2,51.15,81.27,Two year,Credit Card,0,Fiber optic,0
3715,64,M,69,78.88,5413.76,Two year,Electronic Check,1,Fiber optic,0
3716,78,F,41,23.92,1010.87,One year,Electronic Check,0,None,0
3717,21,M,51,91.55,4713.67,Month-to-month,Credit Card,0,Fiber optic,1
3718,37,M,47,72.94,3401.42,Month-to-month,Credit Card,0,DSL,1
3719,27,F,13,92.5,1184.22,One year,Electronic Check,1,Fiber optic,0
3720,41,F,69,98.96,6849.65,Two year,Electronic Check,1,Fiber optic,1
3721,71,M,66,28.92,1940.25,Month-to-month,Electronic Check,1,DSL,0
3722,52,F,59,77.81,4640.71,Month-to-month,Electronic Check,1,Fiber optic,1
3723,43,F,68,84.99,5756.66,Month-to-month,Credit Card,1,Fiber optic,1
3724,54,M,59,71.67,4234.19,One year,Bank Transfer,0,DSL,0
3725,55,F,10,38.24,345.8,One year,Credit Card,0,Fiber optic,0
3726,38,M,13,99.56,1277.36,Month-to-month,Bank Transfer,1,Fiber optic,1
3727,71,M,2,119.75,194.0,One year,Credit Card,1,Fiber optic,1
3728,57,M,15,116.93,1725.03,Month-to-month,Electronic Check,0,DSL,1
3729,56,M,46,97.75,4497.15,One year,Bank Transfer,0,Fiber optic,1
3730,38,F,57,61.81,3489.55,One year,Credit Card,0,Fiber optic,0
3731,27,M,10,53.73,576.24,One year,Credit Card,0,Fiber optic,0
3732,55,M,22,26.85,611.73,One year,Credit Card,0,DSL,0
3733,63,M,8,61.63,445.81,Month-to-month,Electronic Check,0,None,1
3734,21,M,21,35.6,785.27,One year,Credit Card,1,Fiber optic,0
3735,77,F,22,45.43,1047.19,Two year,Credit Card,0,None,0
3736,74,F,45,109.19,4913.74,One year,Electronic Check,0,Fiber optic,1
3737,62,F,40,116.85,4655.46,Month-to-month,Bank Transfer,0,DSL,1
3738,37,M,22,114.86,2503.27,Month-to-month,Bank Transfer,0,Fiber optic,1
3739,34,F,30,39.34,1138.94,Month-to-month,Electronic Check,0,DSL,1
3740,72,F,62,110.09,6824.74,Month-to-month,Bank Transfer,0,Fiber optic,1
3741,24,M,45,34.15,1491.76,Month-to-month,Credit Card,0,Fiber optic,1
3742,21,F,35,70.77,2477.33,Month-to-month,Credit Card,1,Fiber optic,1
3743,46,M,42,84.37,3518.79,Two year,Bank Transfer,1,Fiber optic,1
3744,31,F,5,66.25,328.89,One year,Bank Transfer,0,Fiber optic,0
3745,20,F,27,115.18,3101.7,Month-to-month,Bank Transfer,0,DSL,1
3746,41,F,70,53.32,3712.91,Month-to-month,Electronic Check,0,Fiber optic,1
3747,54,F,62,72.74,4504.74,Two year,Bank Transfer,0,Fiber optic,0
3748,33,M,32,27.54,878.68,Month-to-month,Electronic Check,1,None,0
3749,75,M,8,105.22,875.13,Two year,Bank Transfer,0,DSL,1
3750,72,F,18,61.34,1120.7,One year,Electronic Check,1,Fiber optic,0
3751,69,M,15,90.05,1344.07,Month-to-month,Electronic Check,1,DSL,1
3752,21,F,26,88.22,2334.24,Two year,Credit Card,0,Fiber optic,1
3753,73,F,53,87.63,4669.96,Month-to-month,Bank Transfer,0,Fiber optic,1
3754,79,F,44,70.69,3067.93,Month-to-month,Credit Card,0,Fiber optic,1
3755,41,F,32,47.75,1493.37,One year,Credit Card,0,Fiber optic,0
3756,51,F,28,82.51,2268.45,One year,Electronic Check,0,Fiber optic,1
3757,47,F,39,116.18,4512.91,One year,Electronic Check,0,DSL,1
3758,35,M,32,103.39,3302.04,One year,Electronic Check,0,DSL,1
3759,36,M,18,30.88,556.26,One year,Electronic Check,0,Fiber optic,0
3760,48,F,70,22.32,1597.54,One year,Credit Card,0,Fiber optic,0
3761,77,M,11,69.9,720.7,Two year,Electronic Check,0,DSL,0
3762,77,F,32,97.58,3115.39,One year,Credit Card,1,DSL,0
3763,36,M,20,51.39,1018.9,Month-to-month,Credit Card,0,DSL,1
3764,66,M,40,90.12,3649.55,One year,Bank Transfer,1,Fiber optic,1
3765,63,M,8,113.19,879.62,Month-to-month,Bank Transfer,0,DSL,1
3766,36,F,35,65.9,2268.74,Month-to-month,Electronic Check,1,None,0
3767,39,M,69,44.42,3029.21,Month-to-month,Credit Card,0,Fiber optic,1
3768,41,F,21,111.78,2349.39,Month-to-month,Credit Card,0,DSL,1
3769,62,F,24,67.23,1602.61,Month-to-month,Credit Card,0,Fiber optic,1
3770,29,F,17,60.78,1058.67,Month-to-month,Bank Transfer,0,Fiber optic,1
3771,47,M,18,55.34,978.44,Month-to-month,Credit Card,0,None,1
3772,75,M,12,62.3,710.4,Month-to-month,Credit Card,0,None,1
3773,55,M,16,87.37,1386.61,Month-to-month,Credit Card,1,Fiber optic,1
3774,70,F,4,63.37,291.78,One year,Bank Transfer,0,Fiber optic,0
3775,48,F,34,52.42,1772.83,Two year,Electronic Check,1,DSL,0
3776,53,M,46,94.36,4373.92,Month-to-month,Electronic Check,0,Fiber optic,1
3777,36,F,31,40.3,1236.45,Two year,Electronic Check,0,Fiber optic,0
3778,65,M,25,40.19,982.89,Month-to-month,Bank Transfer,0,None,1
3779,62,M,24,89.64,2178.85,Month-to-month,Bank Transfer,1,DSL,1
3780,53,M,65,106.67,6904.47,One year,Electronic Check,0,Fiber optic,1
3781,47,M,25,44.12,1076.18,Two year,Electronic Check,0,Fiber optic,0
3782,72,F,28,39.11,1050.06,One year,Bank Transfer,0,Fiber optic,0
3783,66,M,36,87.03,3101.86,Month-to-month,Electronic Check,1,DSL,1
3784,72,M,6,82.08,480.36,Month-to-month,Credit Card,0,Fiber optic,1
3785,50,M,66,64.73,4262.14,Month-to-month,Bank Transfer,0,Fiber optic,1
3786,35,M,67,29.59,1974.59,Month-to-month,Electronic Check,1,DSL,0
3787,69,M,72,29.18,2098.93,Month-to-month,Electronic Check,0,Fiber optic,1
3788,66,M,48,97.73,4698.23,Month-to-month,Bank Transfer,1,Fiber optic,1
3789,76,M,70,65.18,4531.54,Month-to-month,Bank Transfer,0,None,1
3790,45,F,67,105.8,7099.99,Month-to-month,Credit Card,0,DSL,1
3791,76,F,48,77.47,3702.22,Month-to-month,Bank Transfer,0,Fiber optic,1
3792,64,F,65,81.87,5344.95,Month-to-month,Bank Transfer,0,Fiber optic,1
3793,28,F,44,113.42,4996.2,Month-to-month,Credit Card,1,DSL,1
3794,74,M,63,36.46,2302.41,Two year,Electronic Check,0,Fiber optic,0
3795,77,F,46,74.3,3436.35,One year,Bank Transfer,1,Fiber optic,0
3796,71,F,19,25.81,473.69,Month-to-month,Electronic Check,1,None,0
3797,62,F,64,55.89,3569.88,Month-to-month,Credit Card,1,DSL,0
3798,50,M,71,34.81,2479.8,Month-to-month,Bank Transfer,0,DSL,1
3799,34,F,50,38.78,1931.16,Month-to-month,Credit Card,0,Fiber optic,1
3800,23,F,63,113.48,7143.67,Month-to-month,Electronic Check,0,Fiber optic,1
3801,21,M,41,81.07,3301.12,Month-to-month,Credit Card,0,Fiber optic,1
3802,37,F,7,109.22,743.28,Month-to-month,Bank Transfer,1,Fiber optic,1
3803,65,M,9,64.35,599.05,Month-to-month,Bank Transfer,1,Fiber optic,1
3804,64,F,4,79.76,269.47,Month-to-month,Electronic Check,0,DSL,1
3805,44,M,49,23.21,1096.82,Two year,Electronic Check,0,Fiber optic,0
3806,32,F,6,66.95,446.58,Month-to-month,Electronic Check,1,DSL,0
3807,23,F,21,76.41,1573.31,Two year,Electronic Check,1,Fiber optic,0
3808,64,F,15,21.68,317.01,One year,Bank Transfer,0,Fiber optic,0
3809,31,M,67,98.95,6664.62,Month-to-month,Bank Transfer,1,Fiber optic,1
3810,77,F,66,49.54,3219.65,Month-to-month,Bank Transfer,0,Fiber optic,1
3811,28,M,56,65.25,3696.52,Month-to-month,Credit Card,0,Fiber optic,1
3812,56,M,68,73.56,4957.43,Month-to-month,Credit Card,0,Fiber optic,1
3813,26,M,32,119.22,3782.13,Month-to-month,Electronic Check,1,Fiber optic,1
3814,43,M,66,29.92,1927.63,Month-to-month,Electronic Check,0,DSL,1
3815,33,F,29,75.53,2192.32,Month-to-month,Electronic Check,0,DSL,1
3816,22,F,66,73.06,4866.27,Month-to-month,Bank Transfer,0,DSL,1
3817,74,F,34,26.89,948.16,Month-to-month,Credit Card,0,DSL,1
3818,69,M,27,83.39,2265.5,Two year,Electronic Check,0,Fiber optic,1
3819,78,F,60,48.69,2889.95,Two year,Electronic Check,1,DSL,0
3820,27,M,39,30.38,1221.78,One year,Bank Transfer,0,Fiber optic,0
3821,67,M,44,37.86,1691.32,Month-to-month,Credit Card,1,None,0
3822,20,M,36,102.36,3661.64,Month-to-month,Electronic Check,0,DSL,1
3823,30,F,19,30.41,608.3,Month-to-month,Electronic Check,0,Fiber optic,1
3824,60,F,45,66.69,3038.77,Two year,Electronic Check,0,Fiber optic,0
3825,66,M,21,39.53,849.95,One year,Electronic Check,0,None,0
3826,47,F,23,36.23,793.33,Month-to-month,Credit Card,1,DSL,0
3827,79,F,27,40.57,1143.81,One year,Credit Card,0,Fiber optic,0
3828,71,M,72,69.28,4945.76,Two year,Electronic Check,0,None,0
3829,62,M,19,43.78,847.27,One year,Bank Transfer,0,Fiber optic,0
3830,23,F,41,29.67,1177.52,Two year,Electronic Check,0,DSL,0
3831,34,M,26,100.14,2644.18,Month-to-month,Bank Transfer,0,Fiber optic,1
3832,76,M,28,73.98,2056.44,Month-to-month,Electronic Check,0,None,1
3833,62,F,64,35.69,2285.31,Month-to-month,Electronic Check,0,DSL,1
3834,68,F,68,67.14,4533.4,One year,Bank Transfer,0,Fiber optic,0
3835,70,M,51,26.84,1373.5,Two year,Electronic Check,0,DSL,0
3836,36,F,48,78.04,3789.8,One year,Credit Card,0,None,0
3837,59,M,10,54.03,580.46,Month-to-month,Bank Transfer,0,Fiber optic,1
3838,52,M,39,30.35,1140.04,Month-to-month,Credit Card,0,None,1
3839,63,F,19,38.36,716.67,One year,Bank Transfer,1,None,0
3840,43,M,64,54.57,3469.22,Month-to-month,Credit Card,1,Fiber optic,1
3841,68,M,19,100.64,1910.3,Month-to-month,Electronic Check,0,None,1
3842,22,M,62,37.38,2350.93,One year,Electronic Check,1,DSL,0
3843,46,F,13,30.97,426.5,Month-to-month,Bank Transfer,1,DSL,0
3844,54,F,25,71.59,1774.15,One year,Credit Card,0,Fiber optic,0
3845,37,F,42,75.87,3174.81,Month-to-month,Electronic Check,0,Fiber optic,1
3846,66,M,39,29.02,1147.21,Month-to-month,Credit Card,1,None,0
3847,38,M,30,48.45,1422.92,Month-to-month,Credit Card,0,Fiber optic,1
3848,27,F,5,46.28,191.67,One year,Bank Transfer,0,Fiber optic,0
3849,22,F,18,38.62,669.42,One year,Electronic Check,0,None,0
3850,53,F,21,51.56,1045.16,Month-to-month,Bank Transfer,0,Fiber optic,1
3851,23,M,50,23.71,1170.7,Month-to-month,Bank Transfer,0,DSL,1
3852,43,F,6,85.15,554.66,Month-to-month,Electronic Check,0,Fiber optic,1
3853,21,M,50,118.85,5904.53,One year,Credit Card,0,DSL,1
3854,79,F,66,83.4,5536.23,Month-to-month,Bank Transfer,1,DSL,1
3855,56,M,1,56.11,59.57,Month-to-month,Electronic Check,0,Fiber optic,1
3856,56,M,57,86.79,4960.32,Month-to-month,Credit Card,0,Fiber optic,1
3857,67,F,30,77.15,2281.51,One year,Credit Card,0,DSL,0
3858,52,M,58,104.68,6036.58,Month-to-month,Credit Card,0,Fiber optic,1
3859,18,F,52,82.19,4240.15,Month-to-month,Bank Transfer,0,Fiber optic,1
3860,41,M,37,83.41,3102.88,Month-to-month,Bank Transfer,1,Fiber optic,1
3861,74,M,48,42.17,2048.94,Month-to-month,Electronic Check,1,DSL,0
3862,53,F,1,61.56,103.58,Month-to-month,Credit Card,1,Fiber optic,1
3863,23,M,19,54.44,1024.18,Month-to-month,Credit Card,1,Fiber optic,1
3864,58,F,46,21.14,968.64,Month-to-month,Electronic Check,1,Fiber optic,1
3865,71,F,67,51.33,3436.07,Two year,Credit Card,0,Fiber optic,0
3866,63,F,2,68.61,114.21,One year,Credit Card,0,Fiber optic,0
3867,77,M,56,79.98,4461.7,Month-to-month,Electronic Check,1,Fiber optic,1
3868,61,M,17,113.46,1963.5,Month-to-month,Electronic Check,1,Fiber optic,1
3869,77,M,22,43.91,950.39,One year,Bank Transfer,0,Fiber optic,0
3870,74,F,27,35.24,988.39,Month-to-month,Bank Transfer,0,None,1
3871,48,F,55,106.94,5862.23,Two year,Bank Transfer,0,Fiber optic,1
3872,37,M,32,114.18,3637.75,Two year,Electronic Check,0,DSL,1
3873,41,M,60,68.8,4134.03,Month-to-month,Bank Transfer,0,None,1
3874,42,F,28,31.52,842.87,Month-to-month,Credit Card,0,DSL,1
3875,53,M,28,68.54,1961.33,Month-to-month,Bank Transfer,1,Fiber optic,1
3876,38,F,25,30.94,805.54,One year,Bank Transfer,0,Fiber optic,0
3877,47,M,26,108.32,2833.37,One year,Bank Transfer,0,DSL,1
3878,41,F,71,90.82,6497.03,Month-to-month,Electronic Check,0,DSL,1
3879,61,M,17,44.11,701.47,One year,Credit Card,0,Fiber optic,0
3880,59,M,7,108.67,751.8,Month-to-month,Electronic Check,1,Fiber optic,1
3881,47,F,56,83.79,4728.07,Month-to-month,Credit Card,0,DSL,1
3882,39,F,64,115.33,7374.42,Month-to-month,Bank Transfer,1,Fiber optic,1
3883,45,F,20,118.05,2311.52,Month-to-month,Bank Transfer,0,DSL,1
3884,24,M,38,20.33,738.32,Month-to-month,Credit Card,0,DSL,1
3885,52,F,58,32.02,1850.57,One year,Electronic Check,0,Fiber optic,0
3886,72,F,16,74.69,1211.83,Month-to-month,Electronic Check,0,DSL,1
3887,45,M,51,115.59,5861.36,One year,Bank Transfer,1,Fiber optic,1
3888,31,F,27,119.42,3219.14,Two year,Credit Card,1,None,0
3889,73,F,51,76.74,3865.02,Month-to-month,Credit Card,1,DSL,0
3890,27,F,16,37.38,595.83,Month-to-month,Credit Card,1,DSL,0
3891,33,M,60,36.31,2218.19,Month-to-month,Credit Card,1,None,0
3892,33,M,40,96.39,3865.28,Month-to-month,Bank Transfer,0,Fiber optic,1
3893,71,M,67,79.19,5299.8,Two year,Electronic Check,1,Fiber optic,0
3894,48,F,2,74.88,115.99,One year,Bank Transfer,0,Fiber optic,0
3895,59,M,48,66.58,3166.08,Month-to-month,Credit Card,0,Fiber optic,1
3896,42,F,52,92.51,4768.17,Month-to-month,Electronic Check,0,None,1
3897,30,F,24,105.81,2563.68,One year,Bank Transfer,0,DSL,1
3898,23,F,2,50.3,58.31,Month-to-month,Credit Card,0,Fiber optic,1
3899,61,M,65,42.09,2724.24,Month-to-month,Bank Transfer,0,Fiber optic,1
3900,26,M,20,87.02,1765.38,Month-to-month,Credit Card,1,Fiber optic,1
3901,62,F,34,111.47,3811.26,Month-to-month,Bank Transfer,0,DSL,1
3902,53,F,41,54.82,2255.37,Month-to-month,Bank Transfer,0,Fiber optic,1
3903,73,M,41,47.24,1943.97,One year,Bank Transfer,1,Fiber optic,0
3904,60,M,23,42.61,939.06,Month-to-month,Credit Card,1,DSL,0
3905,37,M,38,45.45,1694.59,Month-to-month,Electronic Check,0,Fiber optic,1
3906,35,F,44,33.49,1477.03,Month-to-month,Electronic Check,0,DSL,1
3907,75,M,67,79.68,5323.37,Month-to-month,Credit Card,0,Fiber optic,1
3908,60,M,62,48.08,2932.85,Month-to-month,Electronic Check,0,Fiber optic,1
3909,74,M,12,81.49,1007.7,Month-to-month,Electronic Check,0,Fiber optic,1
3910,38,F,30,28.3,864.38,Month-to-month,Bank Transfer,0,Fiber optic,1
3911,21,M,65,31.55,2033.33,One year,Bank Transfer,0,Fiber optic,0
3912,67,F,41,73.61,2977.83,Two year,Credit Card,1,Fiber optic,0
3913,50,F,20,71.15,1432.12,Two year,Credit Card,0,DSL,0
3914,44,F,6,47.15,267.75,One year,Bank Transfer,0,DSL,0
3915,24,M,4,102.71,386.38,One year,Credit Card,1,Fiber optic,0
3916,23,M,10,38.7,409.15,One year,Credit Card,1,Fiber optic,0
3917,32,M,51,56.07,2842.39,Two year,Electronic Check,0,Fiber optic,0
3918,35,F,38,75.55,2834.5,One year,Credit Card,0,Fiber optic,0
3919,49,M,1,106.72,104.89,Month-to-month,Credit Card,0,None,1
3920,73,F,8,61.86,527.73,One year,Bank Transfer,0,Fiber optic,0
3921,28,M,63,59.86,3806.15,Month-to-month,Credit Card,0,None,1
3922,37,M,33,77.95,2607.28,One year,Bank Transfer,0,DSL,0
3923,41,M,15,51.67,767.14,One year,Credit Card,0,Fiber optic,0
3924,32,M,31,90.92,2847.61,One year,Electronic Check,1,Fiber optic,0
3925,65,F,21,44.87,977.29,One year,Bank Transfer,0,Fiber optic,0
3926,24,F,3,102.32,302.91,Month-to-month,Credit Card,1,None,1
3927,38,F,66,47.24,3099.71,Two year,Credit Card,0,DSL,0
3928,59,F,35,119.27,4194.65,Two year,Electronic Check,0,DSL,1
3929,43,M,41,51.65,2158.1,Two year,Credit Card,0,Fiber optic,0
3930,61,F,59,107.88,6412.14,Month-to-month,Electronic Check,0,Fiber optic,1
3931,73,F,16,59.74,934.86,Month-to-month,Bank Transfer,0,DSL,1
3932,31,F,56,44.61,2543.78,Month-to-month,Bank Transfer,0,None,1
3933,74,M,45,42.62,1917.83,Month-to-month,Credit Card,1,DSL,0
3934,54,F,59,105.02,6176.78,Month-to-month,Bank Transfer,1,DSL,1
3935,75,F,50,50.88,2592.84,Month-to-month,Electronic Check,1,Fiber optic,1
3936,38,M,12,53.86,684.1,Two year,Electronic Check,0,Fiber optic,0
3937,35,M,12,39.7,495.64,One year,Credit Card,0,Fiber optic,0
3938,22,F,33,116.13,3871.78,Two year,Electronic Check,0,Fiber optic,1
3939,20,F,49,44.47,2197.18,Month-to-month,Electronic Check,1,DSL,0
3940,40,M,21,44.74,933.58,Month-to-month,Electronic Check,0,DSL,1
3941,43,F,60,114.39,6908.2,Month-to-month,Credit Card,0,DSL,1
3942,54,M,52,110.09,5771.0,Month-to-month,Bank Transfer,0,Fiber optic,1
3943,41,F,54,44.89,2405.48,Two year,Electronic Check,1,DSL,0
3944,66,F,39,106.47,4137.77,Month-to-month,Bank Transfer,1,Fiber optic,1
3945,36,F,49,44.98,2192.29,Month-to-month,Bank Transfer,1,DSL,0
3946,68,F,64,28.45,1853.01,Month-to-month,Credit Card,1,None,0
3947,42,F,26,102.04,2682.15,Two year,Credit Card,1,Fiber optic,1
3948,38,M,71,97.16,6946.67,Month-to-month,Bank Transfer,1,Fiber optic,1
3949,29,M,7,49.47,342.81,Two year,Credit Card,0,Fiber optic,0
3950,74,F,72,29.01,2112.4,One year,Bank Transfer,0,DSL,0
3951,78,F,62,40.64,2555.35,Two year,Electronic Check,1,DSL,0
3952,58,F,24,97.11,2302.76,Month-to-month,Bank Transfer,0,None,1
3953,50,M,40,116.47,4670.86,Month-to-month,Bank Transfer,0,DSL,1
3954,67,M,47,45.9,2162.07,Month-to-month,Electronic Check,1,DSL,0
3955,70,M,8,101.83,838.92,Month-to-month,Credit Card,1,Fiber optic,1
3956,21,M,54,42.79,2330.2,Two year,Bank Transfer,1,None,0
3957,59,M,9,87.96,822.92,One year,Credit Card,1,Fiber optic,0
3958,74,M,3,28.36,66.19,Month-to-month,Electronic Check,0,Fiber optic,1
3959,24,M,54,78.53,4212.26,Month-to-month,Bank Transfer,0,None,1
3960,39,M,21,46.92,1015.84,Two year,Bank Transfer,1,Fiber optic,0
3961,72,F,48,112.58,5389.9,One year,Bank Transfer,0,None,1
3962,50,M,47,48.98,2280.82,One year,Bank Transfer,0,DSL,0
3963,34,M,68,59.84,4052.8,Month-to-month,Credit Card,0,Fiber optic,1
3964,41,M,63,104.07,6513.05,Two year,Credit Card,0,Fiber optic,1
3965,78,M,16,63.83,1048.59,Month-to-month,Electronic Check,0,Fiber optic,1
3966,78,F,5,43.84,240.72,Month-to-month,Credit Card,1,Fiber optic,1
3967,51,M,11,74.75,827.52,Month-to-month,Bank Transfer,1,DSL,0
3968,45,F,29,104.0,3037.61,Two year,Electronic Check,0,Fiber optic,1
3969,75,F,70,63.32,4419.71,Month-to-month,Bank Transfer,1,DSL,0
3970,60,F,48,33.29,1577.46,Month-to-month,Bank Transfer,1,Fiber optic,1
3971,58,M,15,58.31,910.88,One year,Electronic Check,0,Fiber optic,0
3972,56,M,34,115.45,3917.55,One year,Bank Transfer,0,Fiber optic,1
3973,39,M,60,27.2,1601.59,Month-to-month,Bank Transfer,0,Fiber optic,1
3974,66,F,62,60.84,3796.98,One year,Electronic Check,0,Fiber optic,0
3975,34,F,2,84.8,153.19,Month-to-month,Credit Card,1,DSL,1
3976,51,F,19,27.85,500.34,Month-to-month,Electronic Check,0,DSL,1
3977,23,F,49,54.5,2623.22,One year,Electronic Check,0,Fiber optic,0
3978,63,M,28,114.06,3240.74,Month-to-month,Electronic Check,0,None,1
3979,23,M,48,23.06,1103.61,Two year,Credit Card,0,DSL,0
3980,51,M,37,95.17,3487.47,Month-to-month,Electronic Check,1,Fiber optic,1
3981,18,F,49,104.14,5128.64,One year,Credit Card,0,Fiber optic,1
3982,27,F,48,47.71,2328.85,Two year,Bank Transfer,1,DSL,0
3983,38,M,29,41.47,1205.43,Month-to-month,Electronic Check,0,DSL,1
3984,22,M,60,111.48,6641.64,Month-to-month,Bank Transfer,0,Fiber optic,1
3985,19,F,29,96.4,2782.11,One year,Bank Transfer,0,DSL,1
3986,39,M,58,31.34,1792.03,Month-to-month,Credit Card,1,DSL,0
3987,65,M,48,41.22,1992.2,Month-to-month,Bank Transfer,1,Fiber optic,1
3988,74,F,23,82.14,1891.11,One year,Bank Transfer,0,Fiber optic,1
3989,19,F,27,61.94,1657.95,Month-to-month,Electronic Check,0,Fiber optic,1
3990,27,F,7,70.42,507.79,Month-to-month,Bank Transfer,0,Fiber optic,1
3991,51,M,49,115.15,5650.79,Two year,Electronic Check,0,Fiber optic,1
3992,33,F,54,62.02,3389.73,One year,Bank Transfer,0,DSL,0
3993,65,M,68,108.17,7365.24,Two year,Credit Card,1,Fiber optic,1
3994,68,M,42,86.07,3615.71,Two year,Bank Transfer,1,Fiber optic,0
3995,78,F,59,32.16,1929.81,Month-to-month,Credit Card,1,Fiber optic,1
3996,56,M,44,94.45,4126.04,Two year,Electronic Check,0,Fiber optic,1
3997,39,F,26,72.02,1846.88,Two year,Electronic Check,1,DSL,0
3998,29,F,23,42.51,1006.09,Month-to-month,Bank Transfer,0,DSL,1
3999,41,M,8,48.95,385.84,Two year,Bank Transfer,0,Fiber optic,0
4000,64,M,53,75.73,4004.61,Month-to-month,Electronic Check,0,Fiber optic,1
4001,57,F,14,80.17,1161.09,Two year,Electronic Check,0,Fiber optic,1
4002,55,F,71,116.82,8305.23,One year,Electronic Check,0,Fiber optic,1
4003,77,F,7,105.47,768.58,Month-to-month,Credit Card,0,Fiber optic,1
4004,76,F,9,40.58,396.2,Month-to-month,Bank Transfer,0,DSL,1
4005,27,F,3,97.4,254.2,Month-to-month,Electronic Check,0,DSL,1
4006,52,F,17,20.83,369.48,Month-to-month,Electronic Check,1,None,0
4007,68,M,44,32.98,1496.37,Month-to-month,Bank Transfer,0,Fiber optic,1
4008,66,M,46,39.97,1836.62,Two year,Bank Transfer,0,DSL,0
4009,49,M,58,79.72,4646.98,One year,Credit Card,0,Fiber optic,0
4010,24,M,28,39.47,1111.83,One year,Electronic Check,0,Fiber optic,0
4011,38,F,14,56.53,761.9,Month-to-month,Bank Transfer,0,DSL,1
4012,37,M,9,44.28,368.04,Month-to-month,Credit Card,1,Fiber optic,1
4013,43,M,26,53.74,1390.62,Month-to-month,Electronic Check,1,None,0
4014,21,F,2,114.25,226.8,Month-to-month,Credit Card,0,None,1
4015,63,M,34,119.74,4071.47,Month-to-month,Bank Transfer,0,Fiber optic,1
4016,69,F,19,88.57,1728.33,One year,Credit Card,0,Fiber optic,1
4017,39,F,39,77.23,2972.0,Two year,Electronic Check,0,Fiber optic,0
4018,32,F,13,90.84,1168.97,One year,Bank Transfer,1,None,0
4019,73,F,5,97.17,487.3,Month-to-month,Electronic Check,0,None,1
4020,57,F,50,93.9,4741.31,One year,Credit Card,1,Fiber optic,0
4021,38,M,23,28.19,648.8,Month-to-month,Credit Card,0,Fiber optic,1
4022,32,M,29,51.03,1507.4,Month-to-month,Credit Card,0,None,1
4023,39,M,72,54.34,3937.41,Two year,Bank Transfer,1,DSL,0
4024,69,F,26,56.93,1486.82,Month-to-month,Credit Card,1,DSL,0
4025,45,M,57,54.43,3065.58,Month-to-month,Bank Transfer,0,Fiber optic,1
4026,31,M,1,98.71,70.59,Month-to-month,Credit Card,0,Fiber optic,1
4027,44,M,28,94.76,2627.29,Month-to-month,Credit Card,0,DSL,1
4028,78,M,62,20.46,1222.39,Month-to-month,Bank Transfer,0,Fiber optic,1
4029,58,F,47,49.64,2321.0,One year,Bank Transfer,0,None,0
4030,57,M,59,82.37,4870.88,One year,Bank Transfer,0,Fiber optic,1
4031,75,F,31,32.03,957.36,One year,Electronic Check,0,DSL,0
4032,45,F,70,27.12,1865.9,Month-to-month,Credit Card,1,Fiber optic,1
4033,43,M,49,102.84,5059.86,Two year,Electronic Check,0,DSL,1
4034,66,F,5,65.27,293.28,Two year,Credit Card,0,Fiber optic,0
4035,19,F,31,105.57,3236.2,Month-to-month,Credit Card,0,Fiber optic,1
4036,42,F,37,102.36,3835.1,Month-to-month,Credit Card,0,Fiber optic,1
4037,73,F,15,109.34,1591.57,Month-to-month,Credit Card,1,Fiber optic,1
4038,79,F,52,24.83,1273.7,One year,Electronic Check,0,Fiber optic,0
4039,20,F,69,38.61,2617.58,Two year,Credit Card,0,Fiber optic,0
4040,25,F,11,49.61,579.51,Two year,Electronic Check,1,DSL,0
4041,61,M,43,33.62,1454.01,Month-to-month,Bank Transfer,0,Fiber optic,1
4042,50,M,70,68.55,4753.3,Month-to-month,Electronic Check,0,Fiber optic,1
4043,59,F,23,99.9,2309.24,Month-to-month,Credit Card,0,Fiber optic,1
4044,69,F,40,115.12,4567.11,Month-to-month,Electronic Check,0,DSL,1
4045,52,M,63,108.96,6864.05,Month-to-month,Electronic Check,0,DSL,1
4046,23,M,2,65.73,148.4,Two year,Bank Transfer,0,Fiber optic,0
4047,56,M,47,83.65,3896.4,Month-to-month,Bank Transfer,1,Fiber optic,1
4048,69,M,30,43.07,1291.81,Month-to-month,Bank Transfer,0,None,1
4049,40,F,16,60.3,960.54,Month-to-month,Credit Card,0,None,1
4050,42,F,59,107.12,6361.66,Two year,Electronic Check,0,Fiber optic,1
4051,76,M,47,22.92,1126.81,Two year,Electronic Check,0,Fiber optic,0
4052,67,M,30,73.28,2213.85,Two year,Bank Transfer,0,DSL,0
4053,60,M,9,107.28,1001.01,Month-to-month,Credit Card,0,Fiber optic,1
4054,36,M,65,32.2,2107.69,Month-to-month,Credit Card,0,Fiber optic,1
4055,22,F,59,118.25,7014.38,Month-to-month,Credit Card,0,None,1
4056,68,M,64,21.24,1352.69,One year,Bank Transfer,1,Fiber optic,0
4057,28,M,8,108.61,879.68,Month-to-month,Credit Card,0,Fiber optic,1
4058,73,M,52,55.37,2913.76,Two year,Credit Card,1,None,0
4059,29,F,18,33.27,640.67,Two year,Credit Card,0,DSL,0
4060,27,F,58,35.74,2025.39,Month-to-month,Bank Transfer,1,Fiber optic,1
4061,25,F,49,90.12,4376.28,Month-to-month,Bank Transfer,1,Fiber optic,1
4062,41,M,32,107.07,3469.36,One year,Electronic Check,1,DSL,0
4063,77,M,48,84.11,4044.13,Month-to-month,Electronic Check,0,Fiber optic,1
4064,45,M,45,112.87,5128.17,Month-to-month,Electronic Check,1,DSL,1
4065,58,F,54,104.25,5658.76,One year,Bank Transfer,1,DSL,0
4066,53,F,46,20.9,993.21,Two year,Electronic Check,0,Fiber optic,0
4067,54,M,31,86.94,2683.75,Two year,Credit Card,0,DSL,1
4068,38,M,37,50.46,1842.77,Month-to-month,Bank Transfer,0,Fiber optic,1
4069,25,F,16,65.45,1057.03,Two year,Bank Transfer,0,DSL,0
4070,72,M,46,29.4,1390.3,Month-to-month,Electronic Check,0,Fiber optic,1
4071,26,M,46,48.21,2240.23,Month-to-month,Credit Card,0,Fiber optic,1
4072,64,M,61,83.27,5076.69,One year,Credit Card,0,None,1
4073,32,F,46,41.84,1949.96,Two year,Bank Transfer,1,Fiber optic,0
4074,65,M,51,84.75,4341.29,Month-to-month,Bank Transfer,1,None,1
4075,63,M,62,112.3,7003.91,Month-to-month,Electronic Check,1,Fiber optic,1
4076,57,M,35,20.49,693.51,One year,Credit Card,1,Fiber optic,0
4077,35,M,42,98.58,4102.29,Month-to-month,Bank Transfer,0,Fiber optic,1
4078,59,F,45,84.13,3782.86,One year,Credit Card,1,DSL,0
4079,77,F,68,24.66,1662.99,One year,Bank Transfer,0,Fiber optic,0
4080,37,F,47,99.02,4701.43,One year,Electronic Check,0,Fiber optic,1
4081,23,M,30,42.45,1224.25,Month-to-month,Bank Transfer,0,DSL,1
4082,29,F,24,46.58,1161.26,One year,Bank Transfer,0,DSL,0
4083,19,M,66,29.35,1982.61,Month-to-month,Bank Transfer,0,Fiber optic,1
4084,24,F,43,73.44,3113.02,Month-to-month,Electronic Check,0,None,1
4085,33,M,34,69.82,2412.84,Two year,Electronic Check,0,Fiber optic,0
4086,20,F,23,54.72,1255.64,One year,Electronic Check,1,Fiber optic,0
4087,62,F,61,36.88,2276.3,Month-to-month,Bank Transfer,0,Fiber optic,1
4088,20,F,37,103.8,3798.53,Month-to-month,Bank Transfer,1,Fiber optic,1
4089,44,M,13,107.64,1444.84,Month-to-month,Credit Card,1,Fiber optic,1
4090,67,M,71,74.06,5269.01,Two year,Electronic Check,0,Fiber optic,0
4091,60,M,7,44.42,350.81,Two year,Electronic Check,0,Fiber optic,0
4092,57,F,42,29.61,1260.92,Month-to-month,Bank Transfer,1,Fiber optic,1
4093,55,M,38,106.85,4063.98,Month-to-month,Electronic Check,0,DSL,1
4094,50,M,52,29.61,1506.97,Month-to-month,Credit Card,1,None,0
4095,45,M,44,21.32,905.88,One year,Electronic Check,0,Fiber optic,0
4096,18,M,64,66.94,4281.42,Month-to-month,Electronic Check,0,DSL,1
4097,72,M,13,93.13,1247.73,Month-to-month,Electronic Check,0,Fiber optic,1
4098,25,M,28,65.75,1802.52,One year,Credit Card,0,None,0
4099,54,F,1,25.14,74.98,Two year,Credit Card,0,Fiber optic,0
4100,49,F,43,89.0,3864.59,One year,Electronic Check,0,DSL,1
4101,77,M,42,84.23,3526.92,Two year,Credit Card,0,None,1
4102,65,F,50,88.15,4382.81,Two year,Bank Transfer,0,Fiber optic,1
4103,60,F,60,41.12,2509.4,One year,Electronic Check,0,Fiber optic,0
4104,54,M,1,99.57,61.89,Month-to-month,Credit Card,1,Fiber optic,1
4105,21,M,51,67.92,3448.65,One year,Credit Card,0,Fiber optic,0
4106,47,F,16,73.64,1136.63,Month-to-month,Credit Card,1,Fiber optic,1
4107,23,M,39,74.58,2953.97,Month-to-month,Bank Transfer,0,Fiber optic,1
4108,63,F,15,48.68,741.96,One year,Credit Card,0,None,0
4109,71,F,33,45.01,1468.95,Two year,Bank Transfer,0,DSL,0
4110,36,F,53,20.48,1062.99,Month-to-month,Bank Transfer,0,None,1
4111,49,M,17,59.66,1008.63,Month-to-month,Credit Card,0,DSL,1
4112,26,F,6,68.51,370.2,Month-to-month,Bank Transfer,0,Fiber optic,1
4113,29,M,31,94.28,2961.61,Month-to-month,Credit Card,0,DSL,1
4114,28,M,69,26.66,1840.63,Month-to-month,Credit Card,0,Fiber optic,1
4115,63,M,40,112.4,4518.51,One year,Credit Card,0,Fiber optic,1
4116,72,M,30,46.4,1365.37,One year,Electronic Check,0,Fiber optic,0
4117,33,M,69,56.67,3910.6,Two year,Bank Transfer,0,DSL,0
4118,18,F,7,24.84,144.99,Month-to-month,Bank Transfer,1,Fiber optic,1
4119,62,M,13,85.31,1140.64,Month-to-month,Credit Card,0,DSL,1
4120,72,M,4,90.89,391.09,One year,Bank Transfer,1,Fiber optic,1
4121,70,M,50,112.88,5608.82,Month-to-month,Credit Card,0,Fiber optic,1
4122,38,M,3,53.68,118.49,One year,Bank Transfer,1,DSL,0
4123,47,M,12,45.74,581.3,Month-to-month,Bank Transfer,1,Fiber optic,1
4124,30,F,65,92.61,5980.61,One year,Credit Card,0,DSL,1
4125,51,M,27,90.68,2453.21,Month-to-month,Credit Card,1,DSL,1
4126,21,M,50,113.71,5688.95,Month-to-month,Credit Card,1,Fiber optic,1
4127,45,F,17,40.53,659.3,Month-to-month,Bank Transfer,0,Fiber optic,1
4128,55,M,72,90.53,6527.3,One year,Electronic Check,0,DSL,1
4129,75,F,32,26.69,854.36,Two year,Electronic Check,0,Fiber optic,0
4130,48,F,51,68.04,3470.96,Month-to-month,Bank Transfer,0,Fiber optic,1
4131,76,F,17,31.94,528.95,Month-to-month,Bank Transfer,0,Fiber optic,1
4132,72,F,34,85.31,2934.38,Month-to-month,Credit Card,0,Fiber optic,1
4133,44,M,35,80.15,2763.69,Month-to-month,Credit Card,0,DSL,1
4134,22,M,24,24.88,590.98,Month-to-month,Credit Card,0,Fiber optic,1
4135,42,F,54,51.96,2781.82,Month-to-month,Bank Transfer,0,Fiber optic,1
4136,20,F,18,59.5,1105.84,Month-to-month,Credit Card,1,Fiber optic,1
4137,50,M,50,44.81,2213.01,Month-to-month,Credit Card,0,Fiber optic,1
4138,21,F,46,23.87,1124.72,Two year,Bank Transfer,0,Fiber optic,0
4139,42,F,48,51.88,2501.39,Two year,Electronic Check,1,DSL,0
4140,37,F,33,99.26,3313.06,One year,Credit Card,1,DSL,0
4141,51,M,27,56.01,1521.65,Month-to-month,Electronic Check,0,None,1
4142,43,F,1,52.34,57.99,Month-to-month,Credit Card,0,Fiber optic,1
4143,79,M,59,114.18,6766.73,Month-to-month,Credit Card,0,Fiber optic,1
4144,79,M,10,24.16,247.85,Month-to-month,Credit Card,1,Fiber optic,1
4145,22,M,25,96.73,2452.7,Two year,Bank Transfer,1,DSL,0
4146,52,F,57,68.31,3848.6,Month-to-month,Bank Transfer,1,Fiber optic,1
4147,78,F,66,114.45,7553.21,Two year,Credit Card,0,Fiber optic,1
4148,45,M,15,59.35,921.52,Month-to-month,Credit Card,0,Fiber optic,1
4149,46,M,28,90.8,2577.24,Month-to-month,Bank Transfer,0,None,1
4150,26,M,13,26.99,384.28,Month-to-month,Bank Transfer,1,DSL,0
4151,69,F,14,112.88,1590.76,Two year,Electronic Check,0,DSL,1
4152,55,F,66,54.45,3643.1,Month-to-month,Bank Transfer,0,Fiber optic,1
4153,67,M,34,72.4,2429.74,Month-to-month,Credit Card,0,DSL,1
4154,23,M,25,33.85,813.7,Month-to-month,Bank Transfer,0,Fiber optic,1
4155,36,F,54,114.56,6139.52,One year,Electronic Check,0,DSL,1
4156,77,M,12,87.3,1096.53,Month-to-month,Electronic Check,0,DSL,1
4157,61,F,9,25.39,213.31,Month-to-month,Credit Card,0,DSL,1
4158,74,F,31,35.52,1127.33,Month-to-month,Bank Transfer,1,DSL,0
4159,28,M,53,59.98,3134.91,Month-to-month,Electronic Check,0,Fiber optic,1
4160,19,M,43,41.68,1772.11,Month-to-month,Electronic Check,1,None,0
4161,64,F,38,50.46,1929.86,Month-to-month,Electronic Check,0,DSL,1
4162,61,F,42,119.75,5031.98,Month-to-month,Credit Card,0,Fiber optic,1
4163,61,F,72,85.86,6152.69,Month-to-month,Electronic Check,0,Fiber optic,1
4164,26,F,48,112.22,5382.72,Month-to-month,Bank Transfer,1,Fiber optic,1
4165,38,F,67,63.58,4220.74,Month-to-month,Credit Card,0,None,1
4166,41,M,66,91.03,6012.25,Month-to-month,Bank Transfer,1,Fiber optic,1
4167,51,F,16,65.97,1015.21,One year,Bank Transfer,1,DSL,0
4168,39,F,16,52.82,858.71,One year,Electronic Check,1,DSL,0
4169,20,F,31,71.92,2195.06,Two year,Credit Card,0,Fiber optic,0
4170,29,M,58,62.73,3643.05,One year,Credit Card,0,None,0
4171,45,M,28,118.05,3268.31,Month-to-month,Bank Transfer,0,DSL,1
4172,47,F,4,69.62,268.55,Month-to-month,Credit Card,1,Fiber optic,1
4173,43,F,10,101.11,996.28,One year,Credit Card,1,Fiber optic,1
4174,65,M,51,86.68,4446.32,One year,Credit Card,0,Fiber optic,1
4175,38,M,18,67.96,1237.4,Month-to-month,Credit Card,0,Fiber optic,1
4176,45,M,47,67.42,3212.45,Month-to-month,Electronic Check,0,Fiber optic,1
4177,73,M,32,54.19,1776.27,Two year,Bank Transfer,0,DSL,0
4178,43,F,30,30.7,943.5,Month-to-month,Bank Transfer,1,Fiber optic,1
4179,79,M,36,96.15,3488.46,Month-to-month,Credit Card,0,Fiber optic,1
4180,50,F,9,111.81,1018.78,Month-to-month,Credit Card,0,Fiber optic,1
4181,38,F,36,41.8,1523.97,Month-to-month,Bank Transfer,0,Fiber optic,1
4182,52,M,29,112.57,3276.25,One year,Bank Transfer,0,Fiber optic,1
4183,69,M,16,43.23,672.86,One year,Electronic Check,0,Fiber optic,0
4184,51,M,21,73.01,1518.28,One year,Credit Card,0,Fiber optic,0
4185,58,M,64,54.36,3486.51,Month-to-month,Bank Transfer,0,DSL,1
4186,68,F,66,31.45,2097.72,One year,Electronic Check,0,Fiber optic,0
4187,64,F,59,25.28,1482.13,Month-to-month,Electronic Check,0,Fiber optic,1
4188,35,F,28,56.53,1547.11,Two year,Credit Card,0,Fiber optic,0
4189,75,M,55,24.73,1356.09,Month-to-month,Electronic Check,1,None,0
4190,28,F,31,30.42,989.34,One year,Electronic Check,0,Fiber optic,0
4191,74,M,33,34.23,1101.0,One year,Electronic Check,0,Fiber optic,0
4192,40,F,60,20.19,1226.31,Two year,Electronic Check,0,Fiber optic,0
4193,65,M,41,35.33,1496.78,Two year,Electronic Check,1,DSL,0
4194,39,F,46,77.73,3563.2,Month-to-month,Credit Card,0,DSL,1
4195,34,F,49,101.95,5034.34,Month-to-month,Credit Card,0,None,1
4196,22,M,65,39.34,2593.5,Month-to-month,Credit Card,0,Fiber optic,1
4197,61,F,42,28.09,1163.68,Month-to-month,Credit Card,1,Fiber optic,1
4198,28,F,23,92.95,2097.7,Two year,Bank Transfer,0,Fiber optic,1
4199,47,M,27,20.82,529.99,Month-to-month,Credit Card,0,Fiber optic,1
4200,32,M,32,93.42,2976.01,Month-to-month,Credit Card,0,Fiber optic,1
4201,44,M,3,33.11,145.24,Month-to-month,Credit Card,0,DSL,1
4202,52,M,60,42.83,2547.25,Month-to-month,Electronic Check,1,Fiber optic,1
4203,50,M,17,32.01,586.86,Two year,Electronic Check,0,Fiber optic,0
4204,37,F,32,44.73,1399.5,One year,Electronic Check,0,Fiber optic,0
4205,78,M,7,99.82,745.72,Month-to-month,Credit Card,1,Fiber optic,1
4206,33,F,71,33.25,2340.11,Month-to-month,Bank Transfer,0,Fiber optic,1
4207,51,F,69,119.42,8253.29,Two year,Bank Transfer,0,DSL,1
4208,19,M,58,52.71,3014.15,Month-to-month,Credit Card,0,Fiber optic,1
4209,52,F,40,112.2,4467.97,Two year,Bank Transfer,1,Fiber optic,0
4210,57,F,48,39.0,1843.07,Two year,Bank Transfer,0,DSL,0
4211,73,M,51,38.79,1928.63,One year,Credit Card,0,None,0
4212,45,F,57,76.53,4327.89,Two year,Electronic Check,0,DSL,0
4213,64,M,71,25.06,1788.57,Month-to-month,Bank Transfer,0,Fiber optic,1
4214,56,M,37,100.1,3692.69,Two year,Electronic Check,1,Fiber optic,0
4215,23,M,55,63.96,3540.06,Month-to-month,Credit Card,0,None,1
4216,26,F,41,89.92,3703.83,Month-to-month,Electronic Check,0,Fiber optic,1
4217,37,F,20,37.46,779.13,Month-to-month,Bank Transfer,1,Fiber optic,1
4218,77,F,33,84.24,2816.62,Month-to-month,Electronic Check,1,Fiber optic,1
4219,18,F,40,79.41,3208.38,Month-to-month,Electronic Check,1,Fiber optic,1
4220,25,M,34,95.57,3244.19,One year,Electronic Check,1,DSL,0
4221,72,F,62,49.74,3064.75,One year,Credit Card,1,Fiber optic,0
4222,40,M,19,113.32,2153.31,Two year,Credit Card,0,Fiber optic,1
4223,20,F,43,116.13,4997.1,Month-to-month,Credit Card,0,Fiber optic,1
4224,21,F,69,106.81,7351.21,Month-to-month,Credit Card,0,None,1
4225,75,F,63,77.2,4867.6,Two year,Electronic Check,0,Fiber optic,0
4226,42,F,10,62.03,580.88,Two year,Bank Transfer,0,Fiber optic,0
4227,64,F,13,25.8,308.5,One year,Electronic Check,1,Fiber optic,0
4228,55,M,5,114.72,598.2,One year,Electronic Check,1,Fiber optic,0
4229,32,F,58,115.18,6648.72,Month-to-month,Electronic Check,0,Fiber optic,1
4230,38,F,59,21.87,1254.23,Month-to-month,Bank Transfer,1,Fiber optic,1
4231,52,F,59,55.69,3264.44,Two year,Bank Transfer,0,DSL,0
4232,74,F,15,108.0,1607.1,One year,Bank Transfer,1,Fiber optic,0
4233,70,M,1,28.09,10.94,Month-to-month,Electronic Check,1,DSL,0
4234,70,F,38,39.66,1494.54,Month-to-month,Credit Card,1,Fiber optic,1
4235,63,M,53,117.87,6211.1,Month-to-month,Credit Card,0,Fiber optic,1
4236,69,F,52,104.73,5412.5,One year,Electronic Check,1,Fiber optic,0
4237,31,M,1,111.21,84.79,Month-to-month,Credit Card,1,Fiber optic,1
4238,53,M,11,34.22,366.62,One year,Credit Card,1,Fiber optic,0
4239,29,M,58,41.13,2369.13,Month-to-month,Electronic Check,0,None,1
4240,34,M,40,80.54,3250.73,Month-to-month,Electronic Check,1,Fiber optic,1
4241,56,M,60,70.17,4212.75,Month-to-month,Credit Card,0,Fiber optic,1
4242,26,F,44,49.85,2200.97,Two year,Electronic Check,0,DSL,0
4243,52,M,6,108.38,656.34,Month-to-month,Credit Card,0,None,1
4244,77,F,28,110.14,3073.8,Month-to-month,Bank Transfer,0,Fiber optic,1
4245,30,M,31,49.17,1572.32,Month-to-month,Bank Transfer,0,DSL,1
4246,32,M,8,35.58,238.37,Month-to-month,Electronic Check,0,Fiber optic,1
4247,35,F,5,34.91,146.13,Month-to-month,Credit Card,1,DSL,0
4248,68,M,54,68.44,3674.23,Month-to-month,Bank Transfer,0,Fiber optic,1
4249,50,M,17,33.29,604.06,Month-to-month,Electronic Check,1,DSL,0
4250,23,M,38,67.33,2600.43,Month-to-month,Bank Transfer,0,Fiber optic,1
4251,76,M,9,66.19,630.32,Month-to-month,Bank Transfer,0,DSL,1
4252,44,F,14,108.41,1509.44,One year,Electronic Check,0,Fiber optic,1
4253,40,M,26,49.62,1331.58,Month-to-month,Bank Transfer,1,Fiber optic,1
4254,76,M,62,76.07,4676.19,Two year,Electronic Check,0,DSL,0
4255,44,F,25,94.35,2373.99,Month-to-month,Electronic Check,0,Fiber optic,1
4256,51,F,36,79.59,2908.96,Two year,Bank Transfer,1,DSL,0
4257,73,M,33,115.41,3834.02,Month-to-month,Bank Transfer,0,DSL,1
4258,63,M,3,80.23,218.48,Month-to-month,Credit Card,0,DSL,1
4259,55,F,11,110.19,1233.84,Month-to-month,Bank Transfer,0,DSL,1
4260,31,M,58,44.51,2561.06,Month-to-month,Credit Card,1,Fiber optic,1
4261,53,F,64,76.08,4830.28,One year,Electronic Check,1,None,0
4262,70,M,18,74.33,1359.66,One year,Bank Transfer,0,Fiber optic,0
4263,25,F,47,118.95,5558.57,Two year,Bank Transfer,0,Fiber optic,1
4264,79,F,44,40.45,1740.91,Month-to-month,Electronic Check,0,Fiber optic,1
4265,52,F,59,34.1,2017.08,Month-to-month,Bank Transfer,1,Fiber optic,1
4266,36,M,50,81.17,4070.56,Two year,Credit Card,0,DSL,1
4267,47,M,69,42.37,2878.64,One year,Bank Transfer,0,DSL,0
4268,31,M,29,83.92,2384.13,Month-to-month,Credit Card,1,Fiber optic,1
4269,76,M,67,117.25,7893.96,Two year,Bank Transfer,0,DSL,1
4270,37,F,2,114.65,190.83,Two year,Bank Transfer,0,None,1
4271,66,F,25,43.11,1086.14,Month-to-month,Electronic Check,1,DSL,0
4272,42,F,19,37.09,750.06,Month-to-month,Credit Card,1,Fiber optic,1
4273,57,M,40,76.07,3043.99,Month-to-month,Electronic Check,1,Fiber optic,1
4274,41,M,2,78.68,121.34,One year,Electronic Check,1,Fiber optic,0
4275,31,M,65,86.23,5594.3,One year,Electronic Check,0,DSL,1
4276,43,F,62,94.15,5849.7,One year,Credit Card,0,DSL,1
4277,55,M,54,80.1,4351.68,One year,Electronic Check,1,Fiber optic,0
4278,40,M,45,31.18,1413.79,Month-to-month,Credit Card,0,Fiber optic,1
4279,39,F,49,99.02,4805.41,Month-to-month,Credit Card,0,Fiber optic,1
4280,65,F,69,27.95,1892.86,Two year,Bank Transfer,1,DSL,0
4281,74,M,38,22.0,823.18,Two year,Credit Card,0,DSL,0
4282,36,F,4,96.97,408.45,Month-to-month,Credit Card,0,Fiber optic,1
4283,63,M,17,74.84,1280.71,Month-to-month,Bank Transfer,0,Fiber optic,1
4284,68,F,53,89.86,4717.05,Month-to-month,Electronic Check,0,DSL,1
4285,20,F,53,58.27,3118.0,Month-to-month,Bank Transfer,0,DSL,1
4286,59,F,31,21.11,664.92,Month-to-month,Bank Transfer,1,DSL,0
4287,36,M,22,53.1,1206.92,Month-to-month,Bank Transfer,0,DSL,1
4288,26,M,11,80.81,880.68,Month-to-month,Credit Card,0,Fiber optic,1
4289,45,M,34,42.57,1446.4,One year,Bank Transfer,0,Fiber optic,0
4290,37,F,15,88.78,1322.26,Two year,Credit Card,0,DSL,1
4291,62,F,10,99.44,1016.65,Two year,Credit Card,1,Fiber optic,0
4292,24,F,53,65.43,3493.0,One year,Credit Card,0,DSL,0
4293,31,F,48,107.57,5185.68,One year,Credit Card,0,Fiber optic,1
4294,26,M,31,105.48,3249.04,Month-to-month,Electronic Check,0,Fiber optic,1
4295,76,M,37,107.81,4002.57,Month-to-month,Credit Card,0,DSL,1
4296,77,M,28,86.1,2394.65,One year,Credit Card,1,Fiber optic,1
4297,72,F,31,50.48,1598.3,Month-to-month,Bank Transfer,1,Fiber optic,1
4298,74,F,70,68.13,4724.61,Month-to-month,Bank Transfer,0,None,1
4299,77,M,14,91.05,1228.47,Month-to-month,Credit Card,0,DSL,1
4300,36,F,16,41.06,617.13,Month-to-month,Electronic Check,0,Fiber optic,1
4301,64,M,25,93.88,2317.24,Two year,Electronic Check,1,Fiber optic,0
4302,69,F,39,74.81,2871.35,Two year,Bank Transfer,0,Fiber optic,0
4303,31,F,66,29.6,1910.76,Month-to-month,Electronic Check,0,DSL,1
4304,73,M,38,75.73,2858.35,Month-to-month,Bank Transfer,0,Fiber optic,1
4305,55,M,41,26.68,1053.86,Month-to-month,Electronic Check,0,DSL,1
4306,70,F,40,21.43,887.41,Two year,Electronic Check,0,DSL,0
4307,78,M,64,108.96,6928.83,Month-to-month,Electronic Check,0,DSL,1
4308,53,M,16,68.99,1144.63,Month-to-month,Bank Transfer,0,Fiber optic,1
4309,57,F,59,74.33,4422.55,Month-to-month,Bank Transfer,1,Fiber optic,1
4310,34,F,11,47.99,498.73,Month-to-month,Credit Card,0,Fiber optic,1
4311,47,F,1,74.27,31.42,One year,Credit Card,0,DSL,0
4312,26,M,13,36.89,440.12,Month-to-month,Electronic Check,0,Fiber optic,1
4313,50,F,30,94.56,2842.71,One year,Electronic Check,1,DSL,0
4314,73,F,69,102.33,7070.86,One year,Electronic Check,0,None,1
4315,69,F,18,105.59,1882.18,Month-to-month,Bank Transfer,0,Fiber optic,1
4316,42,F,13,30.67,378.39,One year,Electronic Check,0,Fiber optic,0
4317,31,F,32,75.78,2428.11,Two year,Credit Card,0,Fiber optic,0
4318,28,M,71,100.88,7143.04,One year,Electronic Check,0,Fiber optic,1
4319,70,F,72,32.82,2406.47,One year,Credit Card,1,None,0
4320,52,F,50,29.95,1485.76,One year,Electronic Check,0,DSL,0
4321,58,M,71,101.69,7191.97,Month-to-month,Electronic Check,0,Fiber optic,1
4322,76,F,31,99.67,3054.37,Two year,Electronic Check,0,Fiber optic,1
4323,31,F,51,64.87,3321.54,Month-to-month,Credit Card,0,DSL,1
4324,47,M,27,30.97,818.86,Month-to-month,Credit Card,0,Fiber optic,1
4325,58,F,60,71.61,4265.48,Month-to-month,Bank Transfer,0,Fiber optic,1
4326,21,M,33,59.48,1940.42,Month-to-month,Credit Card,0,DSL,1
4327,76,F,53,71.85,3788.84,Month-to-month,Electronic Check,0,Fiber optic,1
4328,21,M,72,63.99,4619.86,Month-to-month,Credit Card,0,Fiber optic,1
4329,45,M,33,76.85,2503.52,Two year,Electronic Check,1,Fiber optic,0
4330,25,F,41,92.71,3824.39,Two year,Electronic Check,1,DSL,0
4331,19,M,19,97.49,1832.8,Month-to-month,Credit Card,1,None,1
4332,58,M,41,84.9,3479.73,Month-to-month,Bank Transfer,0,Fiber optic,1
4333,78,F,42,39.89,1690.86,Month-to-month,Credit Card,0,Fiber optic,1
4334,63,F,23,59.71,1377.69,One year,Credit Card,0,Fiber optic,0
4335,39,M,33,27.12,911.18,Month-to-month,Electronic Check,1,Fiber optic,1
4336,58,F,20,65.17,1285.66,Month-to-month,Credit Card,0,Fiber optic,1
4337,73,M,25,117.03,2972.09,Two year,Bank Transfer,0,Fiber optic,1
4338,72,M,52,84.17,4372.74,One year,Electronic Check,1,None,0
4339,33,F,12,35.46,407.71,Month-to-month,Credit Card,1,Fiber optic,1
4340,46,F,32,46.86,1479.16,One year,Bank Transfer,0,None,0
4341,79,M,33,26.46,827.45,One year,Electronic Check,0,DSL,0
4342,66,F,68,38.24,2618.8,Month-to-month,Bank Transfer,0,Fiber optic,1
4343,65,F,15,68.78,1007.95,Month-to-month,Bank Transfer,0,Fiber optic,1
4344,47,M,51,54.49,2824.88,Month-to-month,Electronic Check,1,Fiber optic,1
4345,29,M,6,40.4,213.44,One year,Credit Card,1,Fiber optic,0
4346,52,M,69,34.66,2394.49,Month-to-month,Bank Transfer,0,DSL,1
4347,28,M,69,85.61,5930.64,Month-to-month,Electronic Check,0,DSL,1
4348,63,M,35,75.81,2690.36,One year,Credit Card,1,DSL,0
4349,67,M,34,104.26,3510.49,Month-to-month,Bank Transfer,0,DSL,1
4350,38,F,63,38.33,2463.33,Two year,Electronic Check,0,Fiber optic,0
4351,38,M,68,104.8,7167.07,One year,Bank Transfer,1,None,0
4352,22,F,18,77.79,1446.5,Two year,Credit Card,0,DSL,0
4353,65,F,26,46.62,1247.39,Month-to-month,Credit Card,1,Fiber optic,1
4354,37,M,61,47.36,2926.73,One year,Credit Card,0,Fiber optic,0
4355,54,F,48,59.04,2843.8,Month-to-month,Electronic Check,0,DSL,1
4356,20,M,72,66.01,4787.25,Month-to-month,Credit Card,1,None,0
4357,61,F,31,28.25,879.15,One year,Credit Card,0,None,0
4358,50,M,34,104.2,3546.62,One year,Electronic Check,0,DSL,1
4359,70,M,7,32.15,231.31,Month-to-month,Credit Card,0,Fiber optic,1
4360,78,M,7,68.35,528.08,Month-to-month,Credit Card,1,DSL,0
4361,26,M,47,58.3,2700.54,Month-to-month,Credit Card,0,Fiber optic,1
4362,78,F,8,71.23,600.4,Month-to-month,Electronic Check,0,Fiber optic,1
4363,26,F,1,108.75,86.08,Two year,Credit Card,0,DSL,1
4364,21,F,3,118.91,342.85,Month-to-month,Bank Transfer,0,Fiber optic,1
4365,52,F,53,22.03,1125.64,Month-to-month,Electronic Check,0,Fiber optic,1
4366,34,F,38,59.32,2239.32,Two year,Bank Transfer,1,Fiber optic,0
4367,51,M,51,101.76,5238.84,Month-to-month,Electronic Check,1,Fiber optic,1
4368,41,M,15,52.66,779.61,Month-to-month,Electronic Check,0,DSL,1
4369,49,M,67,84.9,5705.27,One year,Electronic Check,1,DSL,0
4370,18,M,64,119.23,7592.79,Month-to-month,Bank Transfer,0,Fiber optic,1
4371,25,M,68,84.68,5800.49,Month-to-month,Credit Card,0,Fiber optic,1
4372,62,F,5,31.12,188.37,One year,Credit Card,1,Fiber optic,0
4373,40,M,10,104.29,1031.53,Month-to-month,Credit Card,0,Fiber optic,1
4374,64,M,8,116.67,918.21,One year,Credit Card,0,DSL,1
4375,57,F,12,91.25,1088.23,Two year,Electronic Check,0,DSL,1
4376,29,F,64,61.91,3952.37,Two year,Electronic Check,0,Fiber optic,0
4377,71,M,59,114.84,6751.37,Month-to-month,Bank Transfer,0,DSL,1
4378,29,M,67,116.86,7878.7,Month-to-month,Credit Card,0,None,1
4379,63,F,50,113.51,5706.55,Month-to-month,Electronic Check,0,Fiber optic,1
4380,64,M,23,61.18,1383.93,Month-to-month,Credit Card,0,Fiber optic,1
4381,32,M,40,98.97,4006.97,Month-to-month,Credit Card,0,DSL,1
4382,58,M,18,85.42,1489.11,Month-to-month,Bank Transfer,1,Fiber optic,1
4383,36,F,21,37.97,791.16,Month-to-month,Electronic Check,0,Fiber optic,1
4384,43,M,1,73.55,80.5,One year,Credit Card,0,None,0
4385,69,M,38,94.77,3555.02,Month-to-month,Bank Transfer,0,Fiber optic,1
4386,46,F,41,109.59,4459.29,One year,Bank Transfer,1,Fiber optic,0
4387,39,F,42,106.26,4438.73,Month-to-month,Credit Card,0,Fiber optic,1
4388,57,F,9,35.47,341.25,One year,Credit Card,0,DSL,0
4389,38,M,23,68.8,1626.37,One year,Bank Transfer,0,Fiber optic,0
4390,68,F,11,67.83,758.58,Month-to-month,Bank Transfer,0,Fiber optic,1
4391,55,M,71,109.87,7807.04,Month-to-month,Credit Card,1,DSL,1
4392,37,F,31,20.19,629.57,One year,Credit Card,0,DSL,0
4393,74,M,26,93.87,2425.69,Month-to-month,Bank Transfer,1,DSL,1
4394,46,F,30,81.86,2488.57,Month-to-month,Electronic Check,0,Fiber optic,1
4395,68,M,34,112.16,3817.52,Month-to-month,Bank Transfer,0,Fiber optic,1
4396,21,M,46,65.69,2994.75,Month-to-month,Bank Transfer,0,DSL,1
4397,72,F,69,85.77,5881.81,Month-to-month,Electronic Check,0,Fiber optic,1
4398,24,F,5,117.27,634.9,Month-to-month,Credit Card,0,Fiber optic,1
4399,45,M,61,94.39,5709.54,Two year,Bank Transfer,0,DSL,1
4400,45,F,38,26.74,1059.46,Month-to-month,Credit Card,1,None,0
4401,21,M,28,36.75,1000.83,Two year,Electronic Check,0,DSL,0
4402,39,F,26,102.15,2671.65,Month-to-month,Bank Transfer,0,Fiber optic,1
4403,29,F,61,53.48,3242.43,One year,Credit Card,0,Fiber optic,0
4404,62,M,23,90.59,2119.55,Month-to-month,Credit Card,0,Fiber optic,1
4405,20,F,46,89.98,4143.42,One year,Credit Card,1,DSL,0
4406,39,F,30,119.37,3545.21,Month-to-month,Credit Card,1,Fiber optic,1
4407,61,M,67,66.99,4465.31,Two year,Credit Card,0,DSL,0
4408,19,M,33,93.78,3076.77,Month-to-month,Credit Card,0,Fiber optic,1
4409,41,F,3,24.88,113.23,Month-to-month,Bank Transfer,0,DSL,1
4410,51,M,69,66.26,4598.61,Month-to-month,Bank Transfer,0,DSL,1
4411,44,F,42,38.67,1657.1,One year,Electronic Check,1,DSL,0
4412,72,F,62,104.06,6406.95,Month-to-month,Credit Card,0,Fiber optic,1
4413,58,M,58,103.99,6039.3,One year,Electronic Check,0,Fiber optic,1
4414,18,M,57,43.64,2537.4,Month-to-month,Bank Transfer,0,None,1
4415,25,M,1,51.83,80.35,Month-to-month,Electronic Check,1,DSL,0
4416,40,M,60,90.25,5377.07,One year,Bank Transfer,0,Fiber optic,1
4417,55,M,69,93.83,6492.15,Month-to-month,Bank Transfer,1,Fiber optic,1
4418,23,M,59,85.76,5084.37,Month-to-month,Electronic Check,0,None,1
4419,39,F,46,119.67,5506.24,Month-to-month,Bank Transfer,1,Fiber optic,1
4420,42,F,34,106.87,3591.46,Month-to-month,Bank Transfer,0,DSL,1
4421,35,M,25,61.71,1496.22,Month-to-month,Electronic Check,0,Fiber optic,1
4422,34,F,42,52.7,2257.18,Month-to-month,Electronic Check,0,Fiber optic,1
4423,78,F,29,79.68,2286.47,Month-to-month,Credit Card,0,DSL,1
4424,29,F,25,101.76,2531.9,Month-to-month,Electronic Check,0,Fiber optic,1
4425,23,F,54,67.53,3676.15,Month-to-month,Bank Transfer,0,Fiber optic,1
4426,43,M,67,93.77,6301.52,Month-to-month,Credit Card,0,DSL,1
4427,44,F,15,21.92,375.66,Month-to-month,Bank Transfer,0,Fiber optic,1
4428,25,F,4,112.58,409.6,Month-to-month,Electronic Check,0,Fiber optic,1
4429,36,M,38,97.38,3721.13,One year,Bank Transfer,1,Fiber optic,0
4430,77,M,20,59.42,1146.62,Month-to-month,Electronic Check,0,Fiber optic,1
4431,59,M,23,58.4,1293.22,One year,Electronic Check,0,Fiber optic,0
4432,18,M,37,30.29,1082.75,Month-to-month,Electronic Check,1,DSL,0
4433,74,F,62,101.62,6312.11,Month-to-month,Credit Card,0,Fiber optic,1
4434,46,M,8,96.86,792.5,Month-to-month,Electronic Check,1,Fiber optic,1
4435,62,F,37,83.02,3065.57,Month-to-month,Bank Transfer,0,Fiber optic,1
4436,66,F,45,30.15,1311.36,Month-to-month,Credit Card,0,DSL,1
4437,52,M,33,46.23,1539.0,Two year,Credit Card,1,Fiber optic,0
4438,57,M,7,65.89,419.81,Month-to-month,Credit Card,0,Fiber optic,1
4439,31,M,22,46.6,989.37,Month-to-month,Bank Transfer,0,DSL,1
4440,52,M,5,63.4,318.26,Month-to-month,Electronic Check,0,Fiber optic,1
4441,65,M,15,42.6,623.04,Two year,Credit Card,1,DSL,0
4442,62,M,21,54.96,1150.64,Month-to-month,Electronic Check,1,DSL,0
4443,37,F,17,85.23,1462.42,Month-to-month,Electronic Check,0,DSL,1
4444,73,F,56,109.24,6083.44,Month-to-month,Bank Transfer,0,Fiber optic,1
4445,66,F,50,58.5,2964.31,One year,Credit Card,0,None,0
4446,30,F,7,89.19,630.28,Month-to-month,Bank Transfer,0,Fiber optic,1
4447,78,M,50,33.48,1626.21,Month-to-month,Credit Card,0,Fiber optic,1
4448,55,M,60,74.08,4457.65,Two year,Credit Card,1,Fiber optic,0
4449,66,F,7,112.17,781.51,Month-to-month,Electronic Check,0,Fiber optic,1
4450,63,F,40,22.79,931.76,Two year,Electronic Check,0,DSL,0
4451,66,F,45,46.76,2132.6,One year,Credit Card,0,Fiber optic,0
4452,79,M,59,33.25,2005.63,Month-to-month,Credit Card,0,Fiber optic,1
4453,25,M,55,73.31,4081.88,Month-to-month,Electronic Check,0,Fiber optic,1
4454,60,M,64,87.96,5634.4,One year,Credit Card,0,Fiber optic,1
4455,37,F,65,25.78,1681.85,Month-to-month,Credit Card,1,DSL,0
4456,77,F,54,27.03,1411.86,Month-to-month,Credit Card,1,Fiber optic,1
4457,50,M,40,106.96,4314.92,Two year,Bank Transfer,0,Fiber optic,1
4458,43,M,53,65.62,3430.73,Month-to-month,Credit Card,0,DSL,1
4459,56,F,44,66.3,2930.47,One year,Credit Card,1,Fiber optic,0
4460,38,F,63,114.46,7170.84,Month-to-month,Electronic Check,0,Fiber optic,1
4461,70,M,2,52.02,82.62,Month-to-month,Electronic Check,0,Fiber optic,1
4462,66,F,21,109.7,2267.73,Month-to-month,Bank Transfer,0,Fiber optic,1
4463,79,M,50,117.43,5835.24,Month-to-month,Electronic Check,0,None,1
4464,59,M,52,44.17,2254.3,One year,Credit Card,0,Fiber optic,0
4465,60,F,9,71.4,624.39,Month-to-month,Bank Transfer,0,Fiber optic,1
4466,71,F,20,73.44,1461.17,One year,Credit Card,0,Fiber optic,0
4467,79,F,18,106.62,1915.61,Month-to-month,Credit Card,0,Fiber optic,1
4468,58,M,30,50.39,1505.67,Month-to-month,Credit Card,0,DSL,1
4469,26,F,65,99.8,6489.37,Month-to-month,Bank Transfer,0,DSL,1
4470,41,F,24,117.1,2846.38,Month-to-month,Electronic Check,1,Fiber optic,1
4471,54,M,47,104.03,4902.59,Month-to-month,Electronic Check,0,None,1
4472,66,M,44,110.91,4831.77,Month-to-month,Electronic Check,1,None,1
4473,58,F,29,90.84,2601.66,Two year,Credit Card,0,Fiber optic,1
4474,34,M,68,110.4,7492.09,Month-to-month,Bank Transfer,1,DSL,1
4475,41,M,17,36.49,665.23,Month-to-month,Electronic Check,0,Fiber optic,1
4476,38,M,5,91.24,414.01,Month-to-month,Bank Transfer,1,None,1
4477,68,F,50,93.19,4680.51,Month-to-month,Bank Transfer,0,DSL,1
4478,76,F,40,63.92,2510.11,One year,Credit Card,0,Fiber optic,0
4479,56,M,46,27.97,1272.87,Month-to-month,Bank Transfer,0,Fiber optic,1
4480,72,M,51,82.24,4221.25,Month-to-month,Electronic Check,1,DSL,1
4481,58,M,11,25.19,261.48,One year,Electronic Check,0,None,0
4482,56,F,12,58.24,691.91,Month-to-month,Bank Transfer,0,DSL,1
4483,30,M,13,59.37,812.34,Month-to-month,Bank Transfer,0,DSL,1
4484,28,M,64,119.89,7629.58,One year,Bank Transfer,0,None,1
4485,63,F,8,49.98,402.61,Month-to-month,Bank Transfer,0,DSL,1
4486,36,M,65,102.05,6619.87,Month-to-month,Electronic Check,1,Fiber optic,1
4487,28,F,9,25.32,274.26,One year,Electronic Check,0,None,0
4488,30,F,2,72.98,175.33,Month-to-month,Credit Card,0,None,1
4489,63,F,13,73.67,919.92,Month-to-month,Bank Transfer,1,DSL,0
4490,62,M,2,82.87,208.48,Month-to-month,Electronic Check,0,Fiber optic,1
4491,18,M,68,101.0,6839.12,Month-to-month,Bank Transfer,0,DSL,1
4492,57,F,48,96.19,4575.6,One year,Electronic Check,0,DSL,1
4493,61,M,3,96.1,292.46,One year,Credit Card,1,None,0
4494,36,F,68,63.23,4323.3,Month-to-month,Electronic Check,0,Fiber optic,1
4495,29,M,6,92.75,578.11,One year,Electronic Check,1,DSL,0
4496,25,F,5,69.13,349.06,Month-to-month,Credit Card,0,Fiber optic,1
4497,25,F,3,26.7,79.37,One year,Bank Transfer,0,DSL,0
4498,78,M,10,109.02,1137.15,One year,Electronic Check,0,None,1
4499,70,M,43,109.02,4719.92,Month-to-month,Credit Card,0,Fiber optic,1
4500,62,M,19,52.29,1013.37,Month-to-month,Credit Card,0,Fiber optic,1
4501,29,M,14,111.39,1528.98,One year,Credit Card,0,Fiber optic,1
4502,78,F,21,95.8,2043.78,One year,Electronic Check,1,None,0
4503,65,F,43,60.08,2608.42,One year,Bank Transfer,0,Fiber optic,0
4504,50,M,28,53.15,1537.4,Month-to-month,Electronic Check,0,None,1
4505,62,M,21,117.51,2431.01,Month-to-month,Electronic Check,0,Fiber optic,1
4506,43,F,36,91.26,3306.89,Month-to-month,Electronic Check,0,Fiber optic,1
4507,56,M,24,57.88,1437.03,Month-to-month,Credit Card,0,Fiber optic,1
4508,45,M,54,84.2,4543.06,One year,Bank Transfer,0,Fiber optic,1
4509,75,M,38,77.15,2955.04,One year,Electronic Check,1,Fiber optic,0
4510,22,M,17,72.45,1279.19,Month-to-month,Bank Transfer,1,Fiber optic,1
4511,25,F,22,84.47,1863.09,Month-to-month,Electronic Check,1,Fiber optic,1
4512,42,F,45,73.76,3339.1,Month-to-month,Bank Transfer,0,DSL,1
4513,44,M,61,85.48,5166.29,Month-to-month,Credit Card,1,DSL,1
4514,63,F,11,110.76,1220.33,Month-to-month,Bank Transfer,0,None,1
4515,40,M,61,119.33,7254.71,One year,Credit Card,0,Fiber optic,1
4516,47,M,38,90.93,3418.46,Two year,Credit Card,0,None,1
4517,62,M,66,112.78,7464.34,Month-to-month,Bank Transfer,1,Fiber optic,1
4518,64,F,33,105.84,3446.63,One year,Electronic Check,0,DSL,1
4519,40,F,43,49.5,2168.99,Month-to-month,Electronic Check,0,DSL,1
4520,66,F,31,113.29,3513.77,Month-to-month,Electronic Check,0,Fiber optic,1
4521,64,F,35,27.08,962.62,Month-to-month,Electronic Check,0,DSL,1
4522,37,F,37,52.99,1935.97,Month-to-month,Bank Transfer,0,DSL,1
4523,35,M,47,83.99,3915.75,Two year,Electronic Check,0,DSL,1
4524,35,M,23,72.69,1646.25,One year,Electronic Check,1,Fiber optic,0
4525,19,F,36,74.24,2645.87,Month-to-month,Credit Card,0,DSL,1
4526,21,F,40,99.49,4016.05,One year,Bank Transfer,0,DSL,1
4527,47,F,15,39.47,620.78,Month-to-month,Credit Card,0,Fiber optic,1
4528,50,M,37,118.21,4409.04,One year,Credit Card,1,None,0
4529,53,F,4,63.75,278.49,One year,Electronic Check,0,None,0
4530,35,M,22,114.98,2543.92,Month-to-month,Electronic Check,0,Fiber optic,1
4531,54,M,22,58.31,1285.61,Month-to-month,Bank Transfer,0,DSL,1
4532,36,F,17,80.18,1339.61,Two year,Credit Card,0,DSL,1
4533,64,M,72,65.03,4702.7,Month-to-month,Electronic Check,0,DSL,1
4534,45,M,38,87.59,3292.08,Month-to-month,Credit Card,1,Fiber optic,1
4535,57,F,24,38.36,921.75,One year,Electronic Check,0,Fiber optic,0
4536,37,M,6,60.06,329.89,Month-to-month,Electronic Check,1,Fiber optic,1
4537,66,F,68,26.84,1825.6,One year,Electronic Check,1,Fiber optic,0
4538,50,M,6,79.81,458.25,One year,Electronic Check,0,None,0
4539,29,F,26,116.27,2978.37,One year,Bank Transfer,0,Fiber optic,1
4540,75,F,41,24.59,1008.56,Month-to-month,Credit Card,1,DSL,0
4541,68,M,38,85.96,3234.66,Two year,Credit Card,0,Fiber optic,1
4542,32,F,43,97.51,4159.05,Month-to-month,Bank Transfer,0,DSL,1
4543,58,M,53,41.31,2177.87,Month-to-month,Bank Transfer,1,DSL,0
4544,56,M,15,47.31,695.83,Month-to-month,Bank Transfer,0,Fiber optic,1
4545,19,F,56,40.16,2285.66,Month-to-month,Electronic Check,0,Fiber optic,1
4546,46,M,56,49.74,2791.9,Month-to-month,Electronic Check,1,DSL,0
4547,58,F,31,31.01,996.77,Month-to-month,Credit Card,0,Fiber optic,1
4548,27,M,57,57.03,3215.39,Month-to-month,Bank Transfer,0,Fiber optic,1
4549,19,M,51,56.89,2887.12,Month-to-month,Credit Card,0,Fiber optic,1
4550,68,F,24,100.73,2423.05,Month-to-month,Bank Transfer,0,Fiber optic,1
4551,28,M,58,100.1,5771.11,Month-to-month,Credit Card,1,DSL,1
4552,30,M,4,99.67,361.49,One year,Bank Transfer,0,DSL,1
4553,27,M,10,76.7,783.14,Two year,Bank Transfer,1,Fiber optic,0
4554,31,M,63,52.59,3328.55,Month-to-month,Electronic Check,1,DSL,0
4555,35,M,15,61.1,889.92,One year,Credit Card,0,Fiber optic,0
4556,68,M,63,51.77,3234.22,Two year,Electronic Check,0,Fiber optic,0
4557,71,M,19,78.19,1510.15,Month-to-month,Electronic Check,0,Fiber optic,1
4558,26,M,63,113.8,7131.1,One year,Credit Card,0,Fiber optic,1
4559,74,F,56,48.45,2755.53,Two year,Electronic Check,1,DSL,0
4560,56,M,21,65.89,1428.06,Month-to-month,Bank Transfer,0,Fiber optic,1
4561,45,M,34,85.51,2944.44,Month-to-month,Bank Transfer,1,Fiber optic,1
4562,20,F,17,104.47,1747.06,Two year,Bank Transfer,1,Fiber optic,0
4563,37,F,18,45.33,767.62,Month-to-month,Bank Transfer,0,DSL,1
4564,23,F,66,48.03,3213.65,Month-to-month,Electronic Check,1,DSL,0
4565,44,M,51,108.52,5518.92,Month-to-month,Credit Card,1,DSL,1
4566,70,F,65,28.03,1802.99,Month-to-month,Electronic Check,0,Fiber optic,1
4567,19,F,43,80.54,3439.39,Two year,Credit Card,0,DSL,1
4568,46,M,57,106.05,6019.3,Month-to-month,Credit Card,0,DSL,1
4569,55,M,10,112.17,1145.16,Month-to-month,Electronic Check,0,Fiber optic,1
4570,20,F,37,21.27,827.78,One year,Electronic Check,0,Fiber optic,0
4571,33,F,48,56.97,2763.17,One year,Bank Transfer,0,Fiber optic,0
4572,47,M,69,45.73,3172.78,Two year,Credit Card,0,Fiber optic,0
4573,57,M,56,76.8,4279.58,Month-to-month,Credit Card,0,Fiber optic,1
4574,19,M,36,83.29,3003.14,Two year,Credit Card,0,Fiber optic,1
4575,34,M,31,119.98,3693.08,Month-to-month,Bank Transfer,0,Fiber optic,1
4576,58,M,55,71.28,3881.55,One year,Credit Card,0,Fiber optic,0
4577,79,F,38,75.15,2817.73,Month-to-month,Credit Card,1,Fiber optic,1
4578,29,M,15,61.43,931.83,Two year,Bank Transfer,0,Fiber optic,0
4579,52,M,16,34.77,510.17,One year,Electronic Check,0,Fiber optic,0
4580,60,M,53,50.33,2714.82,Month-to-month,Bank Transfer,0,None,1
4581,18,M,56,44.7,2552.75,Month-to-month,Bank Transfer,1,Fiber optic,1
4582,72,M,7,100.12,665.78,Two year,Electronic Check,0,Fiber optic,1
4583,62,F,57,74.58,4243.79,One year,Credit Card,0,Fiber optic,0
4584,32,M,55,49.62,2755.91,Month-to-month,Electronic Check,0,Fiber optic,1
4585,43,F,52,68.91,3628.83,Month-to-month,Credit Card,0,DSL,1
4586,54,M,4,41.89,206.69,Two year,Bank Transfer,0,None,0
4587,38,F,43,38.51,1631.41,Month-to-month,Credit Card,0,Fiber optic,1
4588,79,F,40,105.99,4198.12,Month-to-month,Bank Transfer,0,Fiber optic,1
4589,66,M,30,114.48,3413.27,One year,Credit Card,0,DSL,1
4590,48,M,10,28.0,273.72,Month-to-month,Bank Transfer,1,Fiber optic,1
4591,42,M,7,96.49,661.42,Month-to-month,Credit Card,0,Fiber optic,1
4592,40,M,36,65.33,2379.27,Month-to-month,Credit Card,0,Fiber optic,1
4593,41,M,35,58.9,2037.28,One year,Credit Card,0,None,0
4594,74,F,39,88.94,3504.52,Month-to-month,Electronic Check,0,Fiber optic,1
4595,55,M,36,46.63,1651.24,Month-to-month,Bank Transfer,0,DSL,1
4596,45,M,20,22.06,427.34,Month-to-month,Bank Transfer,0,Fiber optic,1
4597,38,F,49,41.4,2023.38,Month-to-month,Bank Transfer,1,DSL,0
4598,71,M,59,38.49,2250.03,Month-to-month,Electronic Check,0,Fiber optic,1
4599,60,F,49,23.4,1173.24,Month-to-month,Electronic Check,1,Fiber optic,1
4600,35,M,26,52.13,1346.33,Month-to-month,Electronic Check,0,Fiber optic,1
4601,53,F,36,67.45,2466.9,Month-to-month,Electronic Check,1,Fiber optic,1
4602,52,M,43,93.58,4070.3,Month-to-month,Credit Card,0,Fiber optic,1
4603,62,F,43,52.57,2296.49,Month-to-month,Bank Transfer,1,DSL,0
4604,72,F,33,39.45,1304.11,Two year,Credit Card,1,DSL,0
4605,26,M,45,43.06,1938.68,One year,Electronic Check,1,Fiber optic,0
4606,70,M,45,109.12,4881.99,One year,Electronic Check,0,Fiber optic,1
4607,55,M,15,40.47,616.28,Two year,Credit Card,0,Fiber optic,0
4608,75,F,17,107.92,1879.91,Month-to-month,Bank Transfer,0,Fiber optic,1
4609,47,F,12,64.71,734.58,Month-to-month,Electronic Check,1,Fiber optic,1
4610,77,F,22,113.44,2520.93,Month-to-month,Credit Card,0,DSL,1
4611,61,M,23,60.81,1435.58,Month-to-month,Credit Card,0,DSL,1
4612,51,M,12,37.77,501.91,One year,Credit Card,0,Fiber optic,0
4613,49,F,68,74.9,5076.68,One year,Credit Card,0,Fiber optic,0
4614,20,M,51,78.77,4002.83,One year,Bank Transfer,0,DSL,0
4615,20,F,13,83.55,1059.13,One year,Bank Transfer,1,DSL,0
4616,45,M,57,61.15,3514.46,Month-to-month,Electronic Check,1,Fiber optic,1
4617,61,M,55,24.86,1331.3,Month-to-month,Electronic Check,0,DSL,1
4618,32,F,28,82.67,2291.54,Month-to-month,Bank Transfer,0,Fiber optic,1
4619,58,M,44,113.3,4964.73,Month-to-month,Bank Transfer,1,DSL,1
4620,40,M,19,115.76,2186.93,Month-to-month,Credit Card,0,DSL,1
4621,57,M,46,79.69,3657.91,Month-to-month,Credit Card,0,None,1
4622,28,M,3,21.99,71.87,Two year,Credit Card,1,Fiber optic,0
4623,65,M,20,30.6,656.84,Month-to-month,Electronic Check,1,DSL,0
4624,49,F,25,103.4,2559.73,Month-to-month,Electronic Check,0,Fiber optic,1
4625,75,M,56,102.97,5794.24,Two year,Electronic Check,0,DSL,1
4626,76,F,61,114.6,7008.24,Month-to-month,Electronic Check,0,Fiber optic,1
4627,74,M,55,76.38,4162.51,Month-to-month,Credit Card,0,Fiber optic,1
4628,71,M,35,106.38,3754.34,Month-to-month,Electronic Check,0,Fiber optic,1
4629,53,F,59,102.49,6005.97,Month-to-month,Electronic Check,0,Fiber optic,1
4630,77,F,39,78.94,3102.55,One year,Credit Card,1,Fiber optic,0
4631,50,M,57,98.36,5628.1,Month-to-month,Credit Card,0,DSL,1
4632,41,M,67,32.57,2201.13,Month-to-month,Bank Transfer,1,Fiber optic,1
4633,56,F,34,83.92,2830.95,Month-to-month,Credit Card,0,Fiber optic,1
4634,51,F,41,115.35,4736.69,One year,Electronic Check,1,DSL,0
4635,73,F,22,36.2,822.56,Month-to-month,Credit Card,1,Fiber optic,1
4636,45,F,27,94.4,2562.56,One year,Electronic Check,0,Fiber optic,1
4637,54,M,21,52.08,1124.11,One year,Bank Transfer,0,DSL,0
4638,24,M,41,101.71,4188.9,Month-to-month,Bank Transfer,0,Fiber optic,1
4639,21,M,31,89.72,2758.76,Month-to-month,Bank Transfer,0,DSL,1
4640,54,M,27,112.62,3006.05,One year,Electronic Check,0,Fiber optic,1
4641,73,M,37,91.19,3387.23,One year,Electronic Check,0,Fiber optic,1
4642,18,F,66,61.03,4053.96,Month-to-month,Bank Transfer,0,Fiber optic,1
4643,18,F,54,21.09,1103.09,Month-to-month,Bank Transfer,1,Fiber optic,1
4644,64,F,9,99.29,861.09,One year,Electronic Check,0,DSL,1
4645,37,M,42,60.85,2506.91,Month-to-month,Electronic Check,0,DSL,1
4646,36,F,36,87.06,3137.33,One year,Electronic Check,0,DSL,1
4647,46,M,10,30.51,309.33,One year,Electronic Check,0,Fiber optic,0
4648,27,M,59,109.1,6436.91,Month-to-month,Bank Transfer,0,Fiber optic,1
4649,77,M,40,63.57,2524.4,One year,Bank Transfer,0,Fiber optic,0
4650,35,F,54,111.97,6039.16,One year,Credit Card,1,None,0
4651,45,M,39,90.7,3563.92,Month-to-month,Credit Card,0,Fiber optic,1
4652,52,M,7,32.15,193.23,Month-to-month,Electronic Check,0,Fiber optic,1
4653,60,F,4,77.92,281.83,One year,Bank Transfer,0,Fiber optic,0
4654,64,M,15,110.99,1681.55,Month-to-month,Electronic Check,1,DSL,1
4655,48,F,48,100.0,4836.69,Two year,Credit Card,0,DSL,1
4656,44,M,6,61.8,354.84,Month-to-month,Electronic Check,1,Fiber optic,1
4657,79,F,35,115.51,4086.12,Two year,Credit Card,0,Fiber optic,1
4658,28,M,72,46.86,3329.69,One year,Credit Card,1,Fiber optic,0
4659,66,M,71,57.51,4045.06,Month-to-month,Bank Transfer,1,Fiber optic,1
4660,66,F,68,94.97,6453.96,Month-to-month,Electronic Check,0,Fiber optic,1
4661,55,M,58,43.29,2533.17,Month-to-month,Bank Transfer,0,Fiber optic,1
4662,22,F,19,71.54,1346.34,One year,Credit Card,0,Fiber optic,0
4663,25,M,62,92.88,5764.03,Two year,Credit Card,0,DSL,1
4664,51,F,71,84.4,5945.26,One year,Electronic Check,1,DSL,0
4665,65,M,10,35.54,351.58,Month-to-month,Electronic Check,1,Fiber optic,1
4666,69,M,25,82.97,2048.51,Month-to-month,Electronic Check,0,Fiber optic,1
4667,73,M,44,77.27,3401.52,Month-to-month,Electronic Check,1,Fiber optic,1
4668,29,F,58,75.78,4397.82,Month-to-month,Credit Card,0,Fiber optic,1
4669,55,F,25,102.6,2590.32,Month-to-month,Credit Card,0,DSL,1
4670,18,F,40,38.39,1539.58,Month-to-month,Credit Card,1,Fiber optic,1
4671,48,F,70,95.16,6672.63,Two year,Bank Transfer,0,Fiber optic,1
4672,21,F,10,96.09,963.86,Month-to-month,Bank Transfer,0,DSL,1
4673,66,M,66,92.26,6138.2,One year,Bank Transfer,1,DSL,0
4674,62,M,25,70.6,1794.16,Month-to-month,Electronic Check,0,Fiber optic,1
4675,67,M,71,59.55,4253.61,One year,Credit Card,0,DSL,0
4676,22,M,11,59.47,666.9,One year,Bank Transfer,1,DSL,0
4677,47,M,36,93.38,3364.52,One year,Electronic Check,0,Fiber optic,1
4678,73,F,49,69.79,3404.19,Month-to-month,Electronic Check,1,Fiber optic,1
4679,41,M,48,53.84,2612.72,One year,Electronic Check,0,Fiber optic,0
4680,76,F,7,82.55,546.81,Month-to-month,Credit Card,0,DSL,1
4681,20,M,51,103.7,5242.35,Month-to-month,Electronic Check,1,Fiber optic,1
4682,28,F,17,26.15,464.37,Two year,Bank Transfer,1,Fiber optic,0
4683,62,F,32,117.21,3715.21,Two year,Electronic Check,0,Fiber optic,1
4684,21,F,26,29.67,811.8,Month-to-month,Credit Card,0,Fiber optic,1
4685,43,M,22,71.17,1592.81,Month-to-month,Credit Card,0,Fiber optic,1
4686,44,M,13,76.02,998.48,Month-to-month,Electronic Check,1,Fiber optic,1
4687,63,M,12,33.82,387.23,One year,Credit Card,0,Fiber optic,0
4688,71,M,71,111.56,7934.55,One year,Credit Card,0,DSL,1
4689,60,F,1,67.15,64.84,Month-to-month,Bank Transfer,0,Fiber optic,1
4690,44,F,33,34.31,1111.34,One year,Bank Transfer,0,Fiber optic,0
4691,59,F,14,91.16,1320.75,Month-to-month,Electronic Check,0,Fiber optic,1
4692,68,F,64,86.34,5491.95,Two year,Credit Card,1,DSL,0
4693,67,M,43,116.29,5025.81,Two year,Credit Card,0,Fiber optic,1
4694,23,F,58,64.15,3750.7,Month-to-month,Credit Card,0,Fiber optic,1
4695,76,M,41,46.78,1963.16,One year,Bank Transfer,0,Fiber optic,0
4696,78,F,68,26.0,1772.94,Month-to-month,Credit Card,1,DSL,0
4697,32,F,39,93.31,3642.58,Month-to-month,Bank Transfer,1,Fiber optic,1
4698,70,F,1,81.73,123.76,Two year,Credit Card,0,Fiber optic,1
4699,47,M,41,117.26,4837.77,Month-to-month,Bank Transfer,0,None,1
4700,59,M,45,91.22,4131.26,Month-to-month,Electronic Check,0,DSL,1
4701,54,F,13,113.32,1502.07,Two year,Electronic Check,0,Fiber optic,1
4702,75,F,71,119.16,8459.68,Month-to-month,Credit Card,0,None,1
4703,78,F,9,62.84,519.7,Month-to-month,Credit Card,0,None,1
4704,54,M,63,35.03,2176.72,Month-to-month,Bank Transfer,0,Fiber optic,1
4705,59,M,23,39.59,924.87,One year,Bank Transfer,0,Fiber optic,0
4706,77,M,54,51.84,2788.98,One year,Bank Transfer,0,None,0
4707,54,F,47,70.89,3342.51,Month-to-month,Credit Card,0,DSL,1
4708,52,M,39,32.24,1262.53,One year,Bank Transfer,0,None,0
4709,40,F,26,50.17,1298.29,Two year,Credit Card,0,None,0
4710,23,M,1,50.78,24.25,Two year,Bank Transfer,0,None,0
4711,21,F,14,20.41,307.64,Month-to-month,Credit Card,0,None,1
4712,35,F,65,55.42,3643.2,One year,Bank Transfer,1,Fiber optic,0
4713,77,M,69,31.62,2208.78,One year,Bank Transfer,1,DSL,0
4714,26,F,67,62.97,4180.99,One year,Bank Transfer,1,DSL,0
4715,66,F,49,39.65,1946.64,Month-to-month,Credit Card,0,Fiber optic,1
4716,46,F,50,102.21,5144.04,Month-to-month,Electronic Check,0,Fiber optic,1
4717,30,M,58,28.05,1636.0,Month-to-month,Electronic Check,0,Fiber optic,1
4718,76,F,53,106.57,5642.17,One year,Credit Card,0,Fiber optic,1
4719,64,M,57,78.05,4427.3,One year,Credit Card,0,DSL,0
4720,79,M,18,65.86,1168.52,One year,Electronic Check,0,Fiber optic,0
4721,69,F,16,74.97,1173.74,Month-to-month,Electronic Check,0,Fiber optic,1
4722,34,M,2,57.61,84.79,Month-to-month,Bank Transfer,1,Fiber optic,1
4723,62,F,13,32.76,434.77,Month-to-month,Bank Transfer,0,Fiber optic,1
4724,49,M,45,96.59,4347.49,Month-to-month,Credit Card,0,DSL,1
4725,65,F,72,112.79,8144.36,Month-to-month,Electronic Check,0,Fiber optic,1
4726,39,M,43,115.01,4926.22,Two year,Electronic Check,0,Fiber optic,1
4727,21,F,72,87.07,6265.12,Month-to-month,Credit Card,0,Fiber optic,1
4728,22,F,54,61.03,3313.66,Month-to-month,Electronic Check,0,Fiber optic,1
4729,54,F,31,67.84,2149.36,Month-to-month,Bank Transfer,0,Fiber optic,1
4730,58,F,9,85.7,756.19,Month-to-month,Electronic Check,1,Fiber optic,1
4731,66,M,48,102.31,4890.7,Month-to-month,Electronic Check,0,Fiber optic,1
4732,30,M,18,57.46,1029.21,One year,Bank Transfer,1,Fiber optic,0
4733,51,F,11,111.68,1250.87,Month-to-month,Electronic Check,1,None,1
4734,62,M,62,52.43,3296.82,Month-to-month,Bank Transfer,1,Fiber optic,1
4735,39,F,19,73.09,1392.36,Month-to-month,Bank Transfer,0,Fiber optic,1
4736,70,F,24,116.14,2818.6,One year,Bank Transfer,0,Fiber optic,1
4737,76,M,13,113.82,1476.1,One year,Electronic Check,0,Fiber optic,1
4738,40,M,46,89.57,4074.21,Month-to-month,Bank Transfer,0,Fiber optic,1
4739,68,F,53,52.46,2819.8,Two year,Credit Card,1,DSL,0
4740,20,M,29,41.9,1194.09,Month-to-month,Electronic Check,1,Fiber optic,1
4741,59,F,36,28.01,972.23,Two year,Bank Transfer,0,Fiber optic,0
4742,51,M,71,90.87,6501.39,Month-to-month,Credit Card,0,Fiber optic,1
4743,49,M,17,70.35,1180.69,Month-to-month,Credit Card,1,DSL,0
4744,62,M,48,77.23,3670.69,Month-to-month,Bank Transfer,0,None,1
4745,68,M,24,67.24,1594.91,Month-to-month,Credit Card,0,Fiber optic,1
4746,75,M,54,68.29,3689.04,Month-to-month,Bank Transfer,0,Fiber optic,1
4747,66,F,1,77.13,35.93,Month-to-month,Credit Card,1,Fiber optic,1
4748,38,M,67,111.43,7451.07,Month-to-month,Electronic Check,1,None,1
4749,63,M,6,22.94,154.53,Month-to-month,Bank Transfer,1,Fiber optic,1
4750,61,F,55,100.16,5550.39,One year,Credit Card,1,DSL,0
4751,38,F,38,59.05,2233.64,Two year,Credit Card,1,Fiber optic,0
4752,61,F,33,94.49,3124.63,Month-to-month,Bank Transfer,0,DSL,1
4753,28,M,8,114.85,932.41,Month-to-month,Electronic Check,0,Fiber optic,1
4754,56,M,20,50.63,969.68,Month-to-month,Bank Transfer,0,Fiber optic,1
4755,21,F,55,28.96,1577.02,Month-to-month,Credit Card,1,Fiber optic,1
4756,68,F,48,43.23,2093.47,Month-to-month,Bank Transfer,0,DSL,1
4757,18,F,56,42.21,2387.33,Month-to-month,Electronic Check,0,Fiber optic,1
4758,45,F,10,94.18,927.4,Month-to-month,Credit Card,1,Fiber optic,1
4759,41,M,52,26.19,1312.55,Two year,Electronic Check,0,None,0
4760,78,M,50,25.09,1205.19,Two year,Electronic Check,0,Fiber optic,0
4761,52,M,34,89.36,3042.05,Two year,Credit Card,0,Fiber optic,1
4762,30,M,36,75.67,2729.27,Two year,Electronic Check,1,DSL,0
4763,64,M,61,61.78,3774.15,One year,Credit Card,0,Fiber optic,0
4764,51,F,16,77.54,1262.82,Month-to-month,Electronic Check,0,DSL,1
4765,28,M,18,93.52,1725.49,Month-to-month,Electronic Check,0,None,1
4766,53,F,71,30.35,2203.87,One year,Credit Card,0,None,0
4767,68,F,47,75.33,3560.62,Month-to-month,Electronic Check,0,Fiber optic,1
4768,78,F,32,102.44,3279.48,Month-to-month,Electronic Check,1,Fiber optic,1
4769,34,M,43,56.24,2382.42,Month-to-month,Electronic Check,1,Fiber optic,1
4770,52,F,40,96.3,3840.42,Month-to-month,Bank Transfer,0,DSL,1
4771,77,M,65,104.54,6802.35,Month-to-month,Electronic Check,0,DSL,1
4772,35,F,35,102.09,3623.13,One year,Bank Transfer,1,Fiber optic,0
4773,57,M,69,85.04,5830.46,Month-to-month,Credit Card,0,Fiber optic,1
4774,39,F,50,91.73,4615.81,Month-to-month,Credit Card,0,Fiber optic,1
4775,74,M,12,98.77,1235.13,Two year,Credit Card,1,Fiber optic,0
4776,41,F,58,93.37,5445.99,Month-to-month,Bank Transfer,1,Fiber optic,1
4777,75,F,63,65.17,4132.42,One year,Credit Card,0,None,0
4778,36,F,49,35.91,1735.46,One year,Credit Card,0,DSL,0
4779,54,F,36,50.97,1785.26,Month-to-month,Electronic Check,1,DSL,0
4780,56,M,54,40.72,2171.48,One year,Bank Transfer,0,Fiber optic,0
4781,38,M,47,56.14,2667.56,Month-to-month,Bank Transfer,0,Fiber optic,1
4782,25,M,32,68.93,2166.49,Two year,Bank Transfer,1,DSL,0
4783,45,F,53,115.9,6122.31,One year,Credit Card,1,Fiber optic,0
4784,22,F,32,115.95,3716.65,Two year,Bank Transfer,1,DSL,0
4785,34,F,62,96.96,6019.5,Two year,Credit Card,0,Fiber optic,1
4786,54,F,37,118.01,4370.67,Month-to-month,Credit Card,1,DSL,1
4787,53,F,38,119.8,4600.49,Two year,Credit Card,0,Fiber optic,1
4788,71,F,30,108.53,3207.13,Month-to-month,Credit Card,0,Fiber optic,1
4789,36,M,58,27.95,1619.86,Month-to-month,Electronic Check,0,DSL,1
4790,44,M,32,62.6,2003.64,One year,Bank Transfer,1,None,0
4791,70,M,66,73.41,4824.39,Two year,Bank Transfer,1,Fiber optic,0
4792,51,M,51,32.41,1655.42,Month-to-month,Credit Card,1,Fiber optic,1
4793,28,M,11,100.86,1126.79,Two year,Credit Card,0,DSL,1
4794,71,M,59,34.87,2074.61,One year,Credit Card,0,Fiber optic,0
4795,62,M,20,58.33,1125.39,Month-to-month,Electronic Check,0,None,1
4796,64,M,37,26.89,1025.18,Month-to-month,Credit Card,1,Fiber optic,1
4797,29,F,49,72.46,3593.61,One year,Bank Transfer,0,Fiber optic,0
4798,71,F,19,79.7,1476.66,Month-to-month,Bank Transfer,1,DSL,0
4799,38,F,55,93.52,5135.26,One year,Electronic Check,0,DSL,1
4800,71,F,40,53.95,2159.18,Two year,Credit Card,1,DSL,0
4801,28,F,7,79.05,516.83,Two year,Bank Transfer,0,DSL,0
4802,56,F,5,93.41,467.39,Month-to-month,Electronic Check,0,Fiber optic,1
4803,45,F,42,96.2,4011.09,Month-to-month,Bank Transfer,0,DSL,1
4804,22,M,48,50.16,2451.22,Month-to-month,Electronic Check,0,Fiber optic,1
4805,34,M,7,26.77,182.24,Month-to-month,Credit Card,0,Fiber optic,1
4806,73,F,11,23.76,310.85,Two year,Bank Transfer,0,DSL,0
4807,37,M,49,96.81,4698.34,Month-to-month,Bank Transfer,0,Fiber optic,1
4808,58,M,30,58.54,1718.96,Month-to-month,Credit Card,0,None,1
4809,63,M,41,33.39,1363.31,Two year,Credit Card,0,DSL,0
4810,75,M,3,38.45,152.79,One year,Electronic Check,0,DSL,0
4811,29,M,40,96.62,3870.32,Month-to-month,Credit Card,1,Fiber optic,1
4812,23,F,51,79.89,4097.62,Month-to-month,Bank Transfer,0,Fiber optic,1
4813,34,M,32,70.14,2236.84,Two year,Bank Transfer,0,Fiber optic,0
4814,68,F,48,82.3,3904.45,Month-to-month,Credit Card,0,Fiber optic,1
4815,36,F,71,33.75,2411.03,One year,Credit Card,0,Fiber optic,0
4816,43,F,71,51.9,3698.3,One year,Credit Card,0,Fiber optic,0
4817,65,M,20,57.41,1105.34,One year,Credit Card,0,Fiber optic,0
4818,61,F,35,51.45,1767.84,Month-to-month,Bank Transfer,1,None,0
4819,61,F,24,106.44,2552.18,Month-to-month,Electronic Check,0,Fiber optic,1
4820,69,F,40,78.14,3120.26,One year,Bank Transfer,0,DSL,0
4821,49,F,52,92.93,4857.6,Two year,Bank Transfer,0,Fiber optic,1
4822,23,M,39,43.67,1691.87,Two year,Electronic Check,0,Fiber optic,0
4823,72,F,68,46.41,3172.21,Month-to-month,Credit Card,0,Fiber optic,1
4824,75,F,61,42.53,2614.77,Month-to-month,Electronic Check,0,Fiber optic,1
4825,53,F,65,88.8,5786.5,Month-to-month,Bank Transfer,0,Fiber optic,1
4826,55,F,62,54.9,3413.41,Month-to-month,Credit Card,1,None,0
4827,28,M,2,60.51,151.59,Two year,Credit Card,1,Fiber optic,0
4828,50,F,6,90.91,561.17,Month-to-month,Credit Card,1,Fiber optic,1
4829,79,F,43,117.18,5072.16,Month-to-month,Credit Card,0,Fiber optic,1
4830,41,F,40,36.19,1461.27,One year,Credit Card,1,Fiber optic,0
4831,40,F,39,26.27,990.43,One year,Credit Card,1,Fiber optic,0
4832,32,F,28,39.48,1086.38,One year,Electronic Check,0,DSL,0
4833,44,F,63,93.5,5873.54,One year,Credit Card,0,Fiber optic,1
4834,28,M,64,39.46,2484.83,Month-to-month,Electronic Check,1,Fiber optic,1
4835,74,F,12,78.44,960.51,Month-to-month,Electronic Check,1,DSL,0
4836,68,M,41,79.03,3249.74,Two year,Electronic Check,0,DSL,0
4837,67,M,29,49.44,1442.74,Two year,Credit Card,0,Fiber optic,0
4838,34,F,23,26.87,615.86,Month-to-month,Credit Card,0,DSL,1
4839,68,M,51,59.92,3060.23,Month-to-month,Credit Card,1,Fiber optic,1
4840,70,F,45,38.68,1691.41,Month-to-month,Credit Card,0,Fiber optic,1
4841,31,M,22,38.45,805.52,One year,Bank Transfer,0,DSL,0
4842,44,F,10,72.26,740.94,One year,Bank Transfer,1,Fiber optic,0
4843,35,M,7,87.31,587.32,Month-to-month,Credit Card,0,Fiber optic,1
4844,45,M,15,27.54,373.89,Month-to-month,Bank Transfer,0,Fiber optic,1
4845,68,F,46,77.83,3563.05,One year,Credit Card,1,Fiber optic,0
4846,64,M,61,44.62,2697.27,Two year,Credit Card,0,DSL,0
4847,64,M,61,87.33,5280.07,Month-to-month,Credit Card,1,Fiber optic,1
4848,21,M,51,101.02,5143.08,One year,Credit Card,0,DSL,1
4849,24,M,38,100.7,3779.3,Month-to-month,Credit Card,1,Fiber optic,1
4850,62,M,12,56.99,633.92,Month-to-month,Credit Card,0,Fiber optic,1
4851,52,F,66,76.73,5093.43,One year,Credit Card,0,Fiber optic,0
4852,65,M,54,99.37,5347.48,One year,Electronic Check,1,Fiber optic,0
4853,26,M,39,26.08,1023.88,Month-to-month,Electronic Check,1,DSL,0
4854,25,F,39,80.56,3121.62,One year,Bank Transfer,0,Fiber optic,1
4855,69,F,30,103.65,3152.5,Two year,Bank Transfer,1,DSL,0
4856,62,F,48,57.24,2770.44,One year,Electronic Check,0,DSL,0
4857,34,M,31,65.54,2018.66,Two year,Electronic Check,0,DSL,0
4858,34,M,25,89.87,2217.81,Month-to-month,Electronic Check,1,Fiber optic,1
4859,66,M,68,26.79,1785.5,One year,Bank Transfer,0,Fiber optic,0
4860,50,M,51,58.56,3012.8,Month-to-month,Credit Card,0,Fiber optic,1
4861,49,F,13,49.57,639.71,Month-to-month,Bank Transfer,0,Fiber optic,1
4862,25,F,63,21.7,1340.3,Month-to-month,Credit Card,0,None,1
4863,36,M,42,39.6,1705.16,One year,Credit Card,1,Fiber optic,0
4864,55,M,54,59.59,3206.87,Month-to-month,Bank Transfer,0,Fiber optic,1
4865,20,M,67,39.74,2666.93,Month-to-month,Credit Card,0,Fiber optic,1
4866,76,M,56,80.24,4529.22,One year,Bank Transfer,0,DSL,1
4867,22,F,19,64.87,1265.87,One year,Electronic Check,1,DSL,0
4868,30,F,46,23.95,1115.5,Month-to-month,Electronic Check,0,DSL,1
4869,64,M,15,47.5,751.36,One year,Bank Transfer,0,None,0
4870,63,F,32,21.95,747.61,Two year,Bank Transfer,0,None,0
4871,78,M,49,55.81,2778.2,Two year,Bank Transfer,0,DSL,0
4872,48,M,21,45.91,949.01,Month-to-month,Bank Transfer,0,DSL,1
4873,72,F,65,88.82,5763.02,Two year,Credit Card,0,Fiber optic,1
4874,33,M,70,50.74,3525.85,Month-to-month,Electronic Check,0,None,1
4875,67,F,27,57.52,1586.72,One year,Bank Transfer,0,Fiber optic,0
4876,49,M,23,92.53,2090.37,Two year,Bank Transfer,0,Fiber optic,1
4877,39,F,47,68.09,3185.74,One year,Electronic Check,0,Fiber optic,0
4878,46,M,12,75.65,858.77,One year,Bank Transfer,0,None,0
4879,39,F,66,104.13,6882.04,Two year,Electronic Check,0,Fiber optic,1
4880,60,M,5,40.69,219.29,Two year,Electronic Check,1,None,0
4881,20,M,9,118.92,1045.18,Month-to-month,Bank Transfer,1,Fiber optic,1
4882,71,F,20,110.01,2223.87,Two year,Credit Card,1,Fiber optic,1
4883,27,M,63,48.66,3053.73,Month-to-month,Bank Transfer,0,Fiber optic,1
4884,59,F,72,109.29,7850.05,Month-to-month,Credit Card,0,Fiber optic,1
4885,79,F,71,95.4,6819.02,One year,Bank Transfer,1,None,0
4886,38,M,30,113.08,3401.27,Two year,Credit Card,0,Fiber optic,1
4887,33,M,16,89.11,1400.99,Month-to-month,Electronic Check,0,Fiber optic,1
4888,29,M,5,87.45,485.57,Two year,Electronic Check,0,Fiber optic,1
4889,19,M,29,20.35,578.9,Two year,Bank Transfer,1,DSL,0
4890,58,F,47,67.46,3185.4,Two year,Bank Transfer,0,Fiber optic,0
4891,41,M,22,40.03,903.05,Month-to-month,Credit Card,1,Fiber optic,1
4892,52,M,57,52.41,2979.6,One year,Credit Card,0,Fiber optic,0
4893,73,M,35,117.88,4129.39,One year,Credit Card,0,DSL,1
4894,47,F,60,28.55,1686.98,Month-to-month,Credit Card,1,Fiber optic,1
4895,74,M,70,92.25,6454.08,Two year,Credit Card,0,Fiber optic,1
4896,47,F,60,37.29,2218.48,Month-to-month,Bank Transfer,0,DSL,1
4897,64,M,58,20.74,1207.67,Month-to-month,Electronic Check,0,None,1
4898,52,F,3,70.14,227.41,Month-to-month,Credit Card,0,Fiber optic,1
4899,36,M,34,36.12,1239.48,Month-to-month,Electronic Check,1,None,0
4900,67,M,45,116.55,5272.42,Month-to-month,Electronic Check,1,Fiber optic,1
4901,25,F,50,40.37,1972.65,Two year,Bank Transfer,0,Fiber optic,0
4902,43,M,2,39.2,36.26,Two year,Credit Card,0,None,0
4903,66,M,15,23.22,318.83,Month-to-month,Credit Card,1,Fiber optic,1
4904,57,M,37,52.98,2008.84,Month-to-month,Credit Card,1,Fiber optic,1
4905,24,F,15,22.41,366.18,Month-to-month,Credit Card,0,Fiber optic,1
4906,47,M,60,69.89,4235.81,Month-to-month,Bank Transfer,0,DSL,1
4907,24,F,64,70.56,4493.05,Two year,Bank Transfer,0,None,0
4908,20,F,52,25.32,1324.03,Month-to-month,Credit Card,0,Fiber optic,1
4909,18,F,23,44.01,1017.72,Month-to-month,Credit Card,0,None,1
4910,53,M,37,103.21,3825.72,Two year,Electronic Check,0,None,1
4911,42,F,41,66.25,2738.01,One year,Electronic Check,1,DSL,0
4912,54,F,57,63.46,3606.62,Month-to-month,Credit Card,1,DSL,0
4913,18,M,25,89.88,2264.72,One year,Credit Card,0,Fiber optic,1
4914,32,F,37,91.49,3413.97,Month-to-month,Electronic Check,1,DSL,1
4915,54,F,40,96.2,3826.91,Two year,Electronic Check,0,Fiber optic,1
4916,30,M,46,103.05,4784.87,Month-to-month,Credit Card,0,Fiber optic,1
4917,57,M,60,43.23,2595.6,One year,Electronic Check,1,DSL,0
4918,25,F,19,26.64,529.44,Month-to-month,Bank Transfer,1,Fiber optic,1
4919,22,M,9,58.03,545.16,Month-to-month,Electronic Check,0,Fiber optic,1
4920,77,M,69,105.51,7286.71,One year,Credit Card,0,Fiber optic,1
4921,26,M,5,27.8,121.27,Month-to-month,Bank Transfer,0,DSL,1
4922,18,F,26,77.6,2034.29,Month-to-month,Bank Transfer,0,Fiber optic,1
4923,53,F,19,90.11,1670.82,Month-to-month,Electronic Check,1,DSL,1
4924,52,M,30,68.14,2092.34,Month-to-month,Credit Card,0,DSL,1
4925,19,F,48,45.52,2153.36,One year,Electronic Check,1,None,0
4926,57,M,16,52.63,819.62,Month-to-month,Electronic Check,0,DSL,1
4927,40,M,71,27.17,1974.51,Month-to-month,Electronic Check,1,DSL,0
4928,26,M,18,49.26,855.33,Month-to-month,Bank Transfer,0,Fiber optic,1
4929,51,M,56,24.44,1335.65,Two year,Electronic Check,0,Fiber optic,0
4930,63,M,21,92.63,1975.68,Month-to-month,Electronic Check,0,Fiber optic,1
4931,31,F,31,109.8,3378.93,One year,Electronic Check,1,Fiber optic,1
4932,21,F,1,83.35,42.82,Month-to-month,Electronic Check,0,DSL,1
4933,47,F,3,85.67,229.67,Month-to-month,Credit Card,0,Fiber optic,1
4934,48,F,25,67.21,1719.09,One year,Credit Card,1,Fiber optic,0
4935,55,M,8,35.6,262.83,Two year,Credit Card,0,Fiber optic,0
4936,28,M,65,20.77,1369.56,One year,Bank Transfer,0,Fiber optic,0
4937,52,F,62,54.4,3362.31,One year,Credit Card,0,DSL,0
4938,25,F,7,95.15,642.26,Month-to-month,Electronic Check,0,Fiber optic,1
4939,20,M,7,116.04,776.68,Month-to-month,Electronic Check,1,Fiber optic,1
4940,31,M,8,63.11,552.1,Month-to-month,Credit Card,0,None,1
4941,77,M,19,56.54,1076.37,Month-to-month,Bank Transfer,0,None,1
4942,30,F,17,64.6,1059.68,Month-to-month,Bank Transfer,0,Fiber optic,1
4943,62,M,11,62.78,660.46,Month-to-month,Bank Transfer,0,Fiber optic,1
4944,49,M,49,82.59,4037.64,One year,Electronic Check,0,DSL,1
4945,51,F,11,93.41,1031.93,Month-to-month,Credit Card,0,None,1
4946,62,F,41,98.5,4006.68,Two year,Bank Transfer,1,Fiber optic,1
4947,78,F,62,84.96,5245.29,Month-to-month,Electronic Check,1,Fiber optic,1
4948,36,M,52,63.77,3344.41,One year,Bank Transfer,0,Fiber optic,0
4949,76,M,66,115.01,7582.41,Month-to-month,Bank Transfer,1,Fiber optic,1
4950,55,F,68,91.1,6144.94,One year,Credit Card,0,Fiber optic,1
4951,33,M,67,62.67,4154.28,Month-to-month,Electronic Check,0,Fiber optic,1
4952,19,M,40,64.66,2580.33,Month-to-month,Bank Transfer,0,None,1
4953,57,M,5,101.8,465.01,Month-to-month,Electronic Check,1,Fiber optic,1
4954,34,F,22,64.05,1376.49,One year,Bank Transfer,0,Fiber optic,0
4955,72,F,37,71.63,2673.1,One year,Credit Card,1,Fiber optic,0
4956,51,M,11,49.16,538.8,Month-to-month,Bank Transfer,1,DSL,0
4957,59,M,44,103.89,4569.41,Month-to-month,Credit Card,0,None,1
4958,77,M,53,72.23,3838.01,One year,Bank Transfer,0,Fiber optic,0
4959,33,M,61,75.25,4619.1,Two year,Credit Card,0,None,0
4960,55,F,67,108.07,7206.55,Month-to-month,Bank Transfer,1,DSL,1
4961,77,F,13,112.05,1423.95,One year,Bank Transfer,1,Fiber optic,1
4962,19,M,11,102.42,1088.76,Month-to-month,Bank Transfer,1,Fiber optic,1
4963,19,M,11,26.54,335.62,Two year,Electronic Check,0,DSL,0
4964,43,F,7,64.35,458.18,One year,Electronic Check,1,Fiber optic,0
4965,30,M,17,54.33,882.87,Month-to-month,Bank Transfer,0,Fiber optic,1
4966,73,F,48,41.35,1956.86,Month-to-month,Electronic Check,1,Fiber optic,1
4967,64,M,14,110.9,1575.16,One year,Electronic Check,0,Fiber optic,1
4968,48,F,63,109.01,6820.53,One year,Bank Transfer,1,Fiber optic,0
4969,77,M,64,66.53,4280.49,One year,Bank Transfer,0,Fiber optic,0
4970,51,M,65,33.46,2216.05,Month-to-month,Bank Transfer,1,DSL,0
4971,56,F,34,21.34,681.2,One year,Electronic Check,0,None,0
4972,20,F,9,63.85,543.29,Two year,Electronic Check,0,Fiber optic,0
4973,25,M,37,24.0,838.24,Two year,Electronic Check,0,Fiber optic,0
4974,40,M,30,80.96,2389.7,Month-to-month,Bank Transfer,0,Fiber optic,1
4975,31,F,41,80.84,3326.14,Month-to-month,Electronic Check,0,Fiber optic,1
4976,73,F,45,109.89,4899.53,Month-to-month,Electronic Check,1,Fiber optic,1
4977,79,M,47,39.0,1825.58,Month-to-month,Credit Card,0,DSL,1
4978,72,M,7,57.14,400.32,One year,Credit Card,1,Fiber optic,0
4979,44,F,14,105.95,1523.96,Month-to-month,Bank Transfer,1,None,1
4980,71,F,48,67.43,3234.07,Month-to-month,Bank Transfer,1,Fiber optic,1
4981,46,F,6,25.97,120.07,Two year,Electronic Check,0,None,0
4982,56,F,34,31.08,1035.65,Month-to-month,Credit Card,1,Fiber optic,1
4983,70,F,46,101.35,4679.32,Two year,Credit Card,0,DSL,1
4984,56,M,59,94.37,5529.04,Month-to-month,Bank Transfer,1,DSL,1
4985,18,M,70,107.59,7504.47,Month-to-month,Electronic Check,0,Fiber optic,1
4986,34,F,8,31.89,304.7,Month-to-month,Bank Transfer,0,Fiber optic,1
4987,58,M,24,96.04,2255.51,Two year,Electronic Check,0,Fiber optic,1
4988,47,M,67,85.51,5694.39,Two year,Credit Card,0,Fiber optic,1
4989,70,F,4,43.23,207.29,One year,Electronic Check,0,Fiber optic,0
4990,30,M,1,117.39,77.53,Month-to-month,Credit Card,0,Fiber optic,1
4991,38,M,34,77.04,2572.72,Month-to-month,Credit Card,0,None,1
4992,36,M,9,110.69,958.34,Month-to-month,Credit Card,0,Fiber optic,1
4993,70,F,63,105.91,6691.69,Two year,Bank Transfer,1,None,0
4994,36,F,10,53.31,582.41,Two year,Bank Transfer,0,Fiber optic,0
4995,74,M,10,73.6,745.06,One year,Bank Transfer,0,Fiber optic,0
4996,42,M,50,63.14,3119.43,Month-to-month,Electronic Check,0,None,1
4997,39,M,44,90.91,3968.42,Month-to-month,Bank Transfer,0,DSL,1
4998,48,M,48,78.8,3786.17,Month-to-month,Credit Card,0,Fiber optic,1
4999,34,M,6,98.49,612.51,Month-to-month,Bank Transfer,0,Fiber optic,1
5000,72,M,24,21.18,524.61,Month-to-month,Credit Card,0,Fiber optic,1
5001,40,F,58,88.78,5156.71,Month-to-month,Bank Transfer,0,Fiber optic,1
5002,49,M,64,51.91,3370.87,Month-to-month,Electronic Check,0,DSL,1
5003,79,M,56,42.42,2345.32,Month-to-month,Electronic Check,0,DSL,1
5004,27,F,12,100.12,1168.73,One year,Credit Card,0,DSL,1
5005,27,M,35,28.92,1048.11,Month-to-month,Bank Transfer,0,Fiber optic,1
5006,53,M,71,42.85,3021.43,Month-to-month,Bank Transfer,0,None,1
5007,25,M,6,40.37,225.47,One year,Credit Card,0,Fiber optic,0
5008,71,M,65,61.98,4033.57,Two year,Electronic Check,0,Fiber optic,0
5009,69,F,60,52.23,3121.93,Month-to-month,Bank Transfer,0,DSL,1
5010,37,M,68,92.05,6238.16,One year,Bank Transfer,0,Fiber optic,1
5011,49,F,29,89.94,2649.98,Month-to-month,Bank Transfer,0,Fiber optic,1
5012,67,M,38,52.55,1959.83,Month-to-month,Electronic Check,1,Fiber optic,1
5013,31,M,22,63.7,1391.83,Month-to-month,Bank Transfer,0,Fiber optic,1
5014,67,F,8,40.79,276.62,Month-to-month,Electronic Check,0,DSL,1
5015,45,M,63,87.08,5516.79,One year,Bank Transfer,0,Fiber optic,1
5016,63,F,13,59.62,741.9,Two year,Electronic Check,0,DSL,0
5017,69,F,27,33.28,925.86,Month-to-month,Credit Card,0,Fiber optic,1
5018,70,F,18,32.73,554.0,Month-to-month,Electronic Check,1,DSL,0
5019,41,M,18,52.23,931.81,Month-to-month,Credit Card,1,DSL,0
5020,32,M,62,94.73,5896.08,Month-to-month,Bank Transfer,0,Fiber optic,1
5021,39,M,14,22.55,292.78,Month-to-month,Bank Transfer,0,DSL,1
5022,47,M,11,45.78,484.97,Month-to-month,Bank Transfer,0,Fiber optic,1
5023,21,F,17,36.25,632.98,Month-to-month,Credit Card,0,Fiber optic,1
5024,30,M,51,115.65,5866.92,One year,Bank Transfer,0,DSL,1
5025,76,M,14,90.53,1312.6,Month-to-month,Electronic Check,1,None,1
5026,40,F,57,43.32,2438.12,One year,Electronic Check,0,Fiber optic,0
5027,25,F,6,40.75,269.5,Month-to-month,Credit Card,0,DSL,1
5028,35,M,57,105.8,6060.86,One year,Electronic Check,0,Fiber optic,1
5029,29,F,4,39.02,143.52,Month-to-month,Credit Card,0,Fiber optic,1
5030,72,F,11,119.71,1282.43,Month-to-month,Credit Card,0,DSL,1
5031,48,F,11,48.23,497.12,Month-to-month,Bank Transfer,1,Fiber optic,1
5032,31,F,8,28.43,275.99,Two year,Credit Card,1,DSL,0
5033,51,F,59,89.09,5278.85,One year,Electronic Check,1,Fiber optic,0
5034,35,M,21,80.96,1695.16,Month-to-month,Electronic Check,1,Fiber optic,1
5035,73,M,65,119.98,7774.43,Month-to-month,Bank Transfer,1,DSL,1
5036,51,M,24,100.21,2356.93,Month-to-month,Credit Card,0,Fiber optic,1
5037,28,M,30,62.88,1903.45,One year,Bank Transfer,1,DSL,0
5038,58,M,57,87.66,5042.31,One year,Bank Transfer,0,DSL,1
5039,29,M,17,101.78,1690.94,Month-to-month,Bank Transfer,0,Fiber optic,1
5040,66,M,59,71.37,4236.28,Month-to-month,Bank Transfer,0,DSL,1
5041,32,F,31,47.29,1431.31,One year,Bank Transfer,0,DSL,0
5042,74,M,64,41.01,2653.85,Month-to-month,Credit Card,0,Fiber optic,1
5043,48,M,48,49.53,2364.5,Month-to-month,Electronic Check,0,DSL,1
5044,66,M,23,104.81,2431.84,Month-to-month,Credit Card,1,Fiber optic,1
5045,75,F,70,58.04,4105.43,Month-to-month,Credit Card,0,Fiber optic,1
5046,46,M,30,48.67,1472.11,Month-to-month,Bank Transfer,0,DSL,1
5047,43,M,55,100.59,5574.52,One year,Electronic Check,0,Fiber optic,1
5048,35,F,7,23.19,135.83,One year,Credit Card,0,DSL,0
5049,49,M,12,79.4,1000.61,One year,Credit Card,0,DSL,0
5050,39,M,60,107.36,6478.88,Two year,Electronic Check,0,None,1
5051,55,F,52,61.01,3133.28,Month-to-month,Credit Card,0,Fiber optic,1
5052,34,M,27,46.93,1258.46,Month-to-month,Electronic Check,1,Fiber optic,1
5053,40,F,12,69.17,872.74,Month-to-month,Credit Card,1,Fiber optic,1
5054,41,M,13,91.75,1150.56,Two year,Bank Transfer,0,Fiber optic,1
5055,67,M,72,71.66,5154.9,Month-to-month,Electronic Check,1,Fiber optic,1
5056,25,M,62,20.76,1309.48,One year,Credit Card,0,Fiber optic,0
5057,58,F,29,27.83,760.41,Month-to-month,Credit Card,0,Fiber optic,1
5058,23,F,35,92.13,3249.83,Month-to-month,Electronic Check,0,Fiber optic,1
5059,22,F,60,60.0,3586.12,Month-to-month,Electronic Check,0,None,1
5060,61,M,29,98.48,2830.86,Two year,Electronic Check,0,None,1
5061,74,M,31,84.95,2641.05,Month-to-month,Electronic Check,0,DSL,1
5062,46,F,61,78.15,4771.58,Two year,Electronic Check,0,Fiber optic,0
5063,45,F,2,110.14,257.67,Month-to-month,Electronic Check,0,DSL,1
5064,28,M,33,22.13,747.89,Month-to-month,Bank Transfer,0,DSL,1
5065,74,M,72,35.5,2548.19,Month-to-month,Bank Transfer,1,Fiber optic,1
5066,18,M,62,82.44,5126.29,Two year,Electronic Check,0,None,1
5067,60,M,59,26.58,1593.23,Month-to-month,Credit Card,0,None,1
5068,36,F,40,84.5,3423.73,Month-to-month,Bank Transfer,0,Fiber optic,1
5069,26,M,49,118.41,5822.52,Month-to-month,Bank Transfer,0,Fiber optic,1
5070,44,M,32,107.88,3456.55,Month-to-month,Credit Card,0,Fiber optic,1
5071,51,M,38,79.09,2992.72,Month-to-month,Bank Transfer,1,Fiber optic,1
5072,61,M,13,109.4,1461.35,Two year,Bank Transfer,0,DSL,1
5073,21,M,54,31.63,1737.27,Two year,Electronic Check,0,Fiber optic,0
5074,53,M,13,65.47,808.83,Month-to-month,Bank Transfer,0,Fiber optic,1
5075,35,M,39,62.87,2471.88,Two year,Bank Transfer,1,None,0
5076,32,F,23,53.64,1237.59,Month-to-month,Bank Transfer,0,DSL,1
5077,68,F,14,20.02,240.64,Month-to-month,Electronic Check,0,Fiber optic,1
5078,30,F,17,109.1,1861.2,One year,Credit Card,0,None,1
5079,36,M,24,97.77,2315.73,Month-to-month,Credit Card,1,Fiber optic,1
5080,66,F,58,85.29,4967.63,Two year,Credit Card,0,DSL,1
5081,23,M,63,32.9,2050.55,One year,Credit Card,0,Fiber optic,0
5082,65,M,34,57.82,1930.91,Month-to-month,Bank Transfer,1,DSL,0
5083,73,M,51,112.43,5692.13,Month-to-month,Electronic Check,1,Fiber optic,1
5084,29,M,10,81.69,815.98,Month-to-month,Electronic Check,1,Fiber optic,1
5085,68,F,72,80.34,5754.44,Month-to-month,Bank Transfer,1,None,1
5086,54,M,21,111.31,2373.02,Month-to-month,Credit Card,0,DSL,1
5087,34,M,37,75.98,2761.56,Month-to-month,Electronic Check,1,DSL,0
5088,75,F,7,79.76,592.68,Month-to-month,Bank Transfer,1,Fiber optic,1
5089,40,F,13,54.57,711.52,One year,Bank Transfer,0,Fiber optic,0
5090,43,F,30,57.14,1756.41,Two year,Bank Transfer,0,Fiber optic,0
5091,46,M,31,88.56,2715.82,Month-to-month,Bank Transfer,0,None,1
5092,50,F,5,52.04,220.43,Month-to-month,Electronic Check,0,Fiber optic,1
5093,77,M,32,75.91,2441.62,One year,Bank Transfer,1,DSL,0
5094,44,M,16,47.92,787.39,Month-to-month,Electronic Check,0,Fiber optic,1
5095,42,F,22,36.61,792.68,Two year,Bank Transfer,1,Fiber optic,0
5096,73,F,64,65.44,4139.53,Month-to-month,Bank Transfer,1,Fiber optic,1
5097,72,F,44,41.74,1827.26,One year,Electronic Check,1,Fiber optic,0
5098,27,M,40,109.85,4367.38,One year,Bank Transfer,0,None,1
5099,64,M,37,50.36,1848.07,Month-to-month,Credit Card,0,Fiber optic,1
5100,40,M,16,79.74,1276.52,Two year,Electronic Check,1,None,0
5101,38,M,43,46.34,2012.85,Two year,Electronic Check,0,DSL,0
5102,38,M,63,45.8,2931.72,Two year,Bank Transfer,0,None,0
5103,60,M,15,55.06,790.3,One year,Electronic Check,1,Fiber optic,0
5104,30,F,44,111.59,4927.95,Month-to-month,Electronic Check,0,Fiber optic,1
5105,54,M,9,59.15,505.67,Two year,Credit Card,0,None,0
5106,50,F,65,102.13,6610.52,One year,Electronic Check,1,DSL,0
5107,41,F,44,39.73,1761.48,Month-to-month,Credit Card,0,Fiber optic,1
5108,61,F,20,24.82,524.0,Two year,Electronic Check,0,DSL,0
5109,28,F,70,98.17,6919.68,One year,Credit Card,0,Fiber optic,1
5110,34,F,33,74.19,2475.15,Month-to-month,Electronic Check,0,Fiber optic,1
5111,21,M,6,70.37,387.95,Month-to-month,Electronic Check,0,DSL,1
5112,64,M,31,47.22,1436.36,Two year,Credit Card,0,DSL,0
5113,42,M,66,27.23,1823.32,Month-to-month,Credit Card,0,DSL,1
5114,47,M,18,68.29,1231.92,Month-to-month,Credit Card,0,Fiber optic,1
5115,26,F,28,106.72,2967.7,Month-to-month,Electronic Check,0,DSL,1
5116,38,F,68,32.0,2173.18,Two year,Bank Transfer,0,Fiber optic,0
5117,37,F,65,112.92,7381.29,Month-to-month,Bank Transfer,0,Fiber optic,1
5118,36,M,45,47.47,2161.71,One year,Electronic Check,1,Fiber optic,0
5119,36,M,58,73.22,4241.83,Month-to-month,Electronic Check,1,DSL,0
5120,29,M,47,26.65,1300.61,One year,Credit Card,0,DSL,0
5121,54,M,66,62.5,4154.49,Month-to-month,Credit Card,0,DSL,1
5122,59,F,52,32.59,1645.27,Month-to-month,Credit Card,0,DSL,1
5123,34,F,36,24.8,854.04,Month-to-month,Bank Transfer,0,Fiber optic,1
5124,54,M,1,116.66,122.06,Two year,Electronic Check,0,Fiber optic,1
5125,71,M,39,93.01,3612.39,Month-to-month,Electronic Check,0,Fiber optic,1
5126,65,F,1,91.91,123.17,Month-to-month,Bank Transfer,0,Fiber optic,1
5127,56,F,14,29.05,446.27,Month-to-month,Credit Card,0,Fiber optic,1
5128,45,F,71,112.94,7992.81,Month-to-month,Credit Card,1,Fiber optic,1
5129,58,F,23,66.95,1566.18,Month-to-month,Credit Card,1,DSL,0
5130,52,M,43,105.23,4528.43,One year,Credit Card,0,Fiber optic,1
5131,64,F,22,21.26,456.92,Month-to-month,Bank Transfer,1,DSL,0
5132,65,F,60,49.82,3017.88,One year,Credit Card,0,None,0
5133,35,F,27,119.6,3235.69,Month-to-month,Credit Card,1,Fiber optic,1
5134,31,F,56,62.78,3529.21,Two year,Bank Transfer,0,DSL,0
5135,52,M,2,108.85,173.93,Month-to-month,Credit Card,0,DSL,1
5136,61,M,39,52.8,2067.79,Two year,Bank Transfer,0,None,0
5137,58,M,51,72.53,3679.1,One year,Credit Card,0,DSL,0
5138,77,M,19,105.42,2002.31,Month-to-month,Electronic Check,0,DSL,1
5139,24,M,62,80.58,4968.16,Month-to-month,Credit Card,1,Fiber optic,1
5140,58,M,71,92.52,6580.37,Two year,Electronic Check,0,Fiber optic,1
5141,30,F,67,42.88,2837.71,Month-to-month,Bank Transfer,0,None,1
5142,35,F,63,35.59,2204.46,Month-to-month,Credit Card,0,Fiber optic,1
5143,54,F,5,43.03,183.99,Month-to-month,Credit Card,1,None,0
5144,30,F,72,69.3,5021.35,Two year,Credit Card,1,Fiber optic,0
5145,53,M,61,100.1,6059.45,Two year,Electronic Check,0,DSL,1
5146,48,F,71,55.4,3956.36,Month-to-month,Credit Card,0,DSL,1
5147,19,M,7,76.48,491.01,Month-to-month,Bank Transfer,1,Fiber optic,1
5148,33,F,50,100.48,5033.19,One year,Credit Card,0,Fiber optic,1
5149,26,F,46,43.88,2045.84,Two year,Bank Transfer,0,Fiber optic,0
5150,26,F,72,108.3,7770.71,Month-to-month,Electronic Check,0,DSL,1
5151,55,M,14,115.31,1583.93,Month-to-month,Bank Transfer,1,DSL,1
5152,28,F,69,23.9,1628.02,Month-to-month,Electronic Check,0,DSL,1
5153,71,M,65,25.91,1704.11,Month-to-month,Electronic Check,0,Fiber optic,1
5154,73,M,65,29.1,1866.98,Two year,Electronic Check,0,Fiber optic,0
5155,39,F,57,97.68,5567.94,One year,Bank Transfer,0,DSL,1
5156,50,M,62,38.93,2377.11,Month-to-month,Bank Transfer,0,DSL,1
5157,53,M,20,92.57,1847.52,Two year,Bank Transfer,1,DSL,0
5158,62,F,26,64.13,1679.85,Two year,Credit Card,0,DSL,0
5159,40,F,44,103.63,4516.9,Month-to-month,Bank Transfer,0,None,1
5160,62,F,67,100.86,6789.16,One year,Electronic Check,0,Fiber optic,1
5161,62,F,70,115.97,8161.64,Month-to-month,Bank Transfer,0,DSL,1
5162,51,F,62,45.1,2765.55,Month-to-month,Electronic Check,0,DSL,1
5163,26,F,45,42.92,1957.34,Month-to-month,Bank Transfer,0,Fiber optic,1
5164,41,M,11,23.15,236.0,Month-to-month,Bank Transfer,0,Fiber optic,1
5165,25,F,72,61.04,4412.55,Two year,Electronic Check,0,DSL,0
5166,24,F,34,65.91,2221.61,Two year,Bank Transfer,0,Fiber optic,0
5167,53,M,46,116.45,5392.93,Month-to-month,Credit Card,0,DSL,1
5168,35,F,32,103.08,3283.27,Month-to-month,Credit Card,1,Fiber optic,1
5169,20,M,5,36.68,218.28,Month-to-month,Electronic Check,1,DSL,0
5170,45,F,63,99.85,6317.16,Two year,Electronic Check,1,DSL,0
5171,23,F,29,37.83,1066.7,One year,Electronic Check,1,DSL,0
5172,61,M,48,27.78,1299.14,One year,Credit Card,0,Fiber optic,0
5173,61,F,16,103.71,1687.33,One year,Electronic Check,0,DSL,1
5174,38,M,25,117.6,2929.03,Month-to-month,Electronic Check,1,Fiber optic,1
5175,45,F,72,28.81,2119.26,Month-to-month,Credit Card,0,Fiber optic,1
5176,57,F,29,101.39,2984.6,Month-to-month,Electronic Check,1,Fiber optic,1
5177,71,M,52,105.92,5527.19,One year,Bank Transfer,0,DSL,1
5178,71,F,46,31.88,1466.54,One year,Bank Transfer,0,None,0
5179,18,F,25,48.33,1177.75,Month-to-month,Bank Transfer,0,DSL,1
5180,53,M,23,93.37,2185.75,Month-to-month,Bank Transfer,0,Fiber optic,1
5181,38,F,34,100.77,3384.38,One year,Credit Card,0,DSL,1
5182,77,M,67,55.4,3698.84,Month-to-month,Bank Transfer,0,Fiber optic,1
5183,60,F,34,35.99,1205.58,Month-to-month,Bank Transfer,1,Fiber optic,1
5184,52,M,32,84.83,2760.4,Month-to-month,Credit Card,0,Fiber optic,1
5185,30,F,29,90.2,2577.61,Month-to-month,Credit Card,0,Fiber optic,1
5186,74,M,9,70.36,672.25,One year,Credit Card,0,DSL,0
5187,66,M,66,34.49,2271.98,Month-to-month,Bank Transfer,0,Fiber optic,1
5188,71,F,57,104.45,5908.4,Two year,Electronic Check,1,DSL,0
5189,71,F,39,84.53,3319.56,Month-to-month,Electronic Check,0,None,1
5190,27,M,7,106.92,708.53,Month-to-month,Bank Transfer,1,DSL,1
5191,70,F,69,113.3,7791.4,Two year,Electronic Check,1,Fiber optic,1
5192,61,M,8,100.57,834.53,Month-to-month,Electronic Check,1,Fiber optic,1
5193,64,F,18,115.87,2051.13,Month-to-month,Credit Card,0,DSL,1
5194,70,F,49,115.43,5638.62,Month-to-month,Bank Transfer,0,DSL,1
5195,27,M,16,81.93,1296.98,Month-to-month,Bank Transfer,0,None,1
5196,63,M,21,92.82,1958.1,One year,Electronic Check,1,Fiber optic,0
5197,30,F,10,89.94,928.39,Month-to-month,Bank Transfer,1,DSL,1
5198,54,F,4,82.11,301.52,Month-to-month,Credit Card,0,DSL,1
5199,55,F,44,21.94,935.94,Two year,Electronic Check,0,DSL,0
5200,41,F,8,55.59,416.91,One year,Credit Card,0,Fiber optic,0
5201,19,F,55,30.01,1638.71,Month-to-month,Electronic Check,0,Fiber optic,1
5202,39,M,19,50.03,954.08,Month-to-month,Bank Transfer,0,Fiber optic,1
5203,34,F,64,26.86,1670.38,Month-to-month,Credit Card,1,DSL,0
5204,53,F,40,112.0,4508.03,Month-to-month,Credit Card,0,DSL,1
5205,31,M,51,65.13,3364.3,Month-to-month,Credit Card,1,Fiber optic,1
5206,27,M,9,38.94,384.81,One year,Electronic Check,0,DSL,0
5207,52,M,30,78.48,2308.12,Month-to-month,Electronic Check,0,DSL,1
5208,42,F,56,39.65,2222.85,One year,Credit Card,0,Fiber optic,0
5209,20,M,44,100.44,4450.76,Month-to-month,Credit Card,1,Fiber optic,1
5210,64,M,59,50.59,2969.22,One year,Electronic Check,0,Fiber optic,0
5211,55,M,15,51.49,812.05,Month-to-month,Bank Transfer,0,DSL,1
5212,34,M,68,107.0,7314.69,One year,Bank Transfer,0,Fiber optic,1
5213,29,F,70,75.92,5278.57,Month-to-month,Credit Card,0,None,1
5214,71,F,61,108.73,6631.89,Month-to-month,Bank Transfer,0,Fiber optic,1
5215,69,F,23,61.29,1362.24,One year,Electronic Check,0,DSL,0
5216,41,M,47,54.39,2534.52,Month-to-month,Bank Transfer,0,DSL,1
5217,46,M,17,70.62,1231.73,Two year,Electronic Check,0,DSL,0
5218,60,M,57,26.15,1538.06,One year,Credit Card,0,DSL,0
5219,42,M,54,35.42,1954.01,Month-to-month,Bank Transfer,0,None,1
5220,53,M,52,41.95,2135.66,Two year,Bank Transfer,0,Fiber optic,0
5221,75,M,22,101.67,2279.41,Month-to-month,Electronic Check,0,Fiber optic,1
5222,77,F,39,93.38,3674.08,Month-to-month,Electronic Check,0,Fiber optic,1
5223,43,F,13,39.33,548.06,Two year,Credit Card,0,Fiber optic,0
5224,55,M,66,47.67,3187.7,Two year,Credit Card,0,Fiber optic,0
5225,18,F,52,114.43,5949.18,Month-to-month,Electronic Check,1,DSL,1
5226,37,M,14,28.58,371.24,One year,Electronic Check,0,DSL,0
5227,72,M,63,74.75,4661.35,Month-to-month,Credit Card,0,Fiber optic,1
5228,45,F,71,72.2,5078.55,One year,Electronic Check,1,DSL,0
5229,33,M,28,92.57,2606.21,Month-to-month,Bank Transfer,1,DSL,1
5230,64,F,46,46.14,2106.17,Month-to-month,Credit Card,1,DSL,0
5231,34,M,28,113.48,3177.03,Month-to-month,Bank Transfer,0,DSL,1
5232,57,M,2,61.06,85.25,Month-to-month,Electronic Check,0,DSL,1
5233,45,F,17,48.57,873.24,One year,Credit Card,0,DSL,0
5234,75,M,59,53.69,3130.7,Month-to-month,Credit Card,1,Fiber optic,1
5235,29,M,52,54.87,2847.72,One year,Credit Card,0,Fiber optic,0
5236,44,M,4,39.89,153.9,Month-to-month,Electronic Check,1,Fiber optic,1
5237,71,F,3,112.81,289.29,Month-to-month,Credit Card,0,None,1
5238,70,M,37,37.49,1403.91,Month-to-month,Credit Card,0,DSL,1
5239,59,M,24,108.28,2602.54,Month-to-month,Credit Card,0,None,1
5240,76,M,72,60.49,4355.03,Month-to-month,Credit Card,0,DSL,1
5241,64,F,35,46.93,1674.36,Month-to-month,Electronic Check,1,DSL,0
5242,47,F,2,39.85,53.81,Month-to-month,Credit Card,0,Fiber optic,1
5243,58,F,33,70.43,2360.3,Month-to-month,Credit Card,1,Fiber optic,1
5244,51,F,10,86.93,905.78,One year,Electronic Check,1,DSL,0
5245,54,F,62,109.82,6841.53,Month-to-month,Credit Card,0,Fiber optic,1
5246,23,M,43,85.24,3649.46,One year,Bank Transfer,0,DSL,1
5247,24,F,69,68.37,4683.79,Month-to-month,Credit Card,1,None,0
5248,49,F,59,23.35,1375.17,One year,Credit Card,0,None,0
5249,49,M,9,111.54,979.84,Month-to-month,Bank Transfer,0,DSL,1
5250,70,F,60,110.24,6569.62,Month-to-month,Electronic Check,1,Fiber optic,1
5251,42,M,63,57.87,3623.76,One year,Credit Card,0,None,0
5252,50,F,52,22.9,1187.71,Month-to-month,Bank Transfer,0,None,1
5253,72,M,23,93.34,2108.09,Month-to-month,Electronic Check,0,Fiber optic,1
5254,75,M,30,99.17,3019.53,Month-to-month,Electronic Check,1,Fiber optic,1
5255,24,F,43,74.25,3208.36,Two year,Bank Transfer,0,DSL,0
5256,69,F,68,60.29,4063.35,Month-to-month,Electronic Check,0,Fiber optic,1
5257,74,M,21,105.11,2238.52,Month-to-month,Electronic Check,0,DSL,1
5258,79,M,43,39.25,1730.56,Month-to-month,Bank Transfer,1,Fiber optic,1
5259,29,M,7,63.96,424.0,Month-to-month,Electronic Check,1,DSL,0
5260,33,M,16,22.45,323.53,One year,Bank Transfer,0,DSL,0
5261,33,M,23,36.4,819.45,Two year,Electronic Check,1,DSL,0
5262,60,M,58,114.08,6649.86,Month-to-month,Bank Transfer,0,DSL,1
5263,70,M,31,77.81,2379.62,Month-to-month,Electronic Check,1,Fiber optic,1
5264,53,F,69,100.56,6966.57,Two year,Bank Transfer,1,Fiber optic,1
5265,30,M,6,68.65,433.53,Month-to-month,Credit Card,0,Fiber optic,1
5266,24,F,65,103.48,6741.34,Month-to-month,Electronic Check,0,Fiber optic,1
5267,53,F,59,73.9,4353.43,Month-to-month,Bank Transfer,1,Fiber optic,1
5268,64,M,28,20.45,559.28,Month-to-month,Electronic Check,0,Fiber optic,1
5269,68,M,18,109.97,1937.99,Month-to-month,Electronic Check,0,Fiber optic,1
5270,26,F,10,34.86,334.34,Month-to-month,Credit Card,0,Fiber optic,1
5271,49,M,7,65.06,465.6,One year,Electronic Check,0,Fiber optic,0
5272,28,M,37,67.67,2543.61,One year,Electronic Check,1,Fiber optic,0
5273,25,F,45,24.72,1145.71,Month-to-month,Credit Card,0,None,1
5274,50,F,16,25.31,358.18,Two year,Bank Transfer,0,DSL,0
5275,40,F,14,96.26,1311.53,One year,Bank Transfer,0,Fiber optic,1
5276,42,M,11,50.05,585.4,Month-to-month,Bank Transfer,1,Fiber optic,1
5277,73,M,34,60.96,2116.57,Month-to-month,Bank Transfer,1,Fiber optic,1
5278,25,F,60,76.41,4540.18,One year,Bank Transfer,0,None,0
5279,62,M,13,57.34,765.55,Two year,Bank Transfer,1,None,0
5280,39,F,39,97.5,3789.07,Month-to-month,Credit Card,0,DSL,1
5281,76,M,44,108.45,4758.23,Month-to-month,Bank Transfer,1,Fiber optic,1
5282,21,F,28,25.97,741.43,Month-to-month,Credit Card,0,DSL,1
5283,57,M,40,83.54,3372.62,One year,Electronic Check,0,Fiber optic,1
5284,20,F,16,51.77,805.8,Month-to-month,Credit Card,0,Fiber optic,1
5285,46,M,50,78.33,3937.04,Month-to-month,Credit Card,0,Fiber optic,1
5286,58,M,28,68.39,1928.51,One year,Credit Card,0,Fiber optic,0
5287,46,F,68,53.37,3630.89,Month-to-month,Credit Card,0,Fiber optic,1
5288,51,M,60,29.48,1779.04,Month-to-month,Bank Transfer,0,Fiber optic,1
5289,51,M,12,75.94,863.09,Two year,Electronic Check,1,DSL,0
5290,45,F,16,31.28,450.89,Month-to-month,Electronic Check,1,Fiber optic,1
5291,30,M,53,35.61,1892.37,Month-to-month,Electronic Check,0,DSL,1
5292,32,M,54,118.22,6386.29,One year,Credit Card,0,Fiber optic,1
5293,77,M,49,51.67,2488.96,Month-to-month,Credit Card,0,Fiber optic,1
5294,40,F,36,78.44,2823.04,Month-to-month,Bank Transfer,1,DSL,0
5295,61,F,62,47.22,2953.39,One year,Bank Transfer,0,DSL,0
5296,43,F,26,106.55,2774.42,Month-to-month,Electronic Check,1,Fiber optic,1
5297,21,F,56,48.33,2708.24,Month-to-month,Credit Card,0,Fiber optic,1
5298,43,F,22,56.69,1268.97,Month-to-month,Credit Card,0,None,1
5299,57,M,69,80.84,5545.14,Month-to-month,Credit Card,0,Fiber optic,1
5300,26,M,49,107.0,5238.75,Two year,Electronic Check,0,Fiber optic,1
5301,72,F,2,101.62,168.04,Two year,Electronic Check,0,Fiber optic,1
5302,22,M,53,46.39,2461.05,Month-to-month,Credit Card,0,DSL,1
5303,73,M,7,102.96,729.91,Month-to-month,Credit Card,0,Fiber optic,1
5304,49,M,20,90.12,1764.57,Month-to-month,Electronic Check,0,DSL,1
5305,37,M,30,118.98,3526.95,Month-to-month,Electronic Check,0,Fiber optic,1
5306,67,F,67,113.54,7573.85,One year,Bank Transfer,1,Fiber optic,0
5307,28,F,59,73.31,4333.92,Two year,Bank Transfer,0,Fiber optic,0
5308,32,M,66,94.99,6238.3,Month-to-month,Bank Transfer,1,DSL,1
5309,49,M,3,77.02,208.58,Month-to-month,Credit Card,0,DSL,1
5310,45,F,56,79.5,4472.25,Month-to-month,Credit Card,1,DSL,0
5311,39,M,17,30.15,487.38,One year,Credit Card,0,Fiber optic,0
5312,58,M,52,20.22,1041.19,Month-to-month,Electronic Check,0,DSL,1
5313,34,M,7,24.82,216.62,Month-to-month,Bank Transfer,0,Fiber optic,1
5314,76,F,5,116.66,615.8,Two year,Electronic Check,0,DSL,1
5315,43,F,54,32.63,1737.57,Two year,Electronic Check,0,DSL,0
5316,61,M,61,24.44,1500.6,Month-to-month,Electronic Check,1,DSL,0
5317,24,M,16,50.96,831.94,Month-to-month,Credit Card,1,DSL,0
5318,59,M,67,78.82,5320.96,Month-to-month,Credit Card,1,DSL,0
5319,74,M,59,114.85,6780.9,Month-to-month,Electronic Check,0,Fiber optic,1
5320,43,M,47,89.99,4235.66,One year,Bank Transfer,0,DSL,1
5321,42,M,48,47.64,2325.56,Month-to-month,Credit Card,1,DSL,0
5322,27,F,64,113.91,7245.68,Month-to-month,Credit Card,1,Fiber optic,1
5323,76,F,50,23.6,1192.81,Month-to-month,Electronic Check,0,Fiber optic,1
5324,62,M,41,117.91,4825.97,One year,Credit Card,0,Fiber optic,1
5325,36,F,72,25.86,1902.9,Month-to-month,Bank Transfer,1,DSL,0
5326,28,M,22,95.38,2144.41,Month-to-month,Electronic Check,0,DSL,1
5327,30,M,54,24.53,1291.64,One year,Credit Card,1,None,0
5328,70,F,5,113.16,543.95,Two year,Electronic Check,0,Fiber optic,1
5329,25,F,17,30.87,502.14,Month-to-month,Electronic Check,1,Fiber optic,1
5330,57,M,41,25.05,987.11,Month-to-month,Bank Transfer,0,DSL,1
5331,21,M,35,108.93,3810.84,Month-to-month,Bank Transfer,0,DSL,1
5332,64,F,40,29.58,1184.51,Month-to-month,Credit Card,0,Fiber optic,1
5333,48,F,22,99.79,2202.68,One year,Electronic Check,0,Fiber optic,1
5334,45,M,48,94.7,4561.9,One year,Credit Card,1,Fiber optic,1
5335,28,M,53,79.89,4190.46,Month-to-month,Credit Card,0,DSL,1
5336,60,M,10,57.8,590.25,One year,Credit Card,1,DSL,0
5337,18,F,18,111.56,2049.46,Two year,Bank Transfer,0,Fiber optic,1
5338,66,M,49,107.11,5243.89,Month-to-month,Electronic Check,0,DSL,1
5339,64,F,71,62.62,4406.69,One year,Electronic Check,1,Fiber optic,0
5340,69,M,30,43.17,1253.69,Month-to-month,Bank Transfer,1,Fiber optic,1
5341,55,F,19,47.26,876.12,Month-to-month,Bank Transfer,0,DSL,1
5342,41,F,55,42.03,2336.9,Two year,Credit Card,1,Fiber optic,0
5343,71,F,60,74.13,4423.9,Month-to-month,Credit Card,0,Fiber optic,1
5344,77,F,72,106.85,7724.63,Month-to-month,Bank Transfer,0,DSL,1
5345,74,M,21,97.36,2076.53,Month-to-month,Bank Transfer,1,DSL,1
5346,64,F,26,99.55,2584.01,One year,Electronic Check,1,Fiber optic,1
5347,48,F,28,64.83,1795.32,Two year,Electronic Check,0,Fiber optic,0
5348,58,F,39,52.24,2047.13,One year,Electronic Check,0,DSL,0
5349,63,M,33,95.74,3190.47,Month-to-month,Bank Transfer,0,Fiber optic,1
5350,67,M,40,99.33,3929.66,Month-to-month,Credit Card,1,None,1
5351,43,M,29,89.54,2642.0,Month-to-month,Electronic Check,1,Fiber optic,1
5352,66,M,20,23.21,478.79,Month-to-month,Bank Transfer,0,None,1
5353,67,M,20,78.97,1569.21,Month-to-month,Bank Transfer,1,Fiber optic,1
5354,22,M,12,54.7,657.0,Month-to-month,Credit Card,0,Fiber optic,1
5355,37,F,25,39.62,979.06,One year,Electronic Check,0,Fiber optic,0
5356,69,F,25,89.44,2227.26,One year,Electronic Check,0,DSL,1
5357,58,F,4,46.85,196.96,One year,Bank Transfer,0,DSL,0
5358,28,M,4,111.28,401.14,Two year,Electronic Check,1,DSL,0
5359,73,F,9,49.81,415.83,Month-to-month,Credit Card,0,DSL,1
5360,71,F,15,75.52,1105.5,Month-to-month,Electronic Check,0,Fiber optic,1
5361,50,M,26,102.78,2663.03,One year,Credit Card,0,Fiber optic,1
5362,67,F,71,60.21,4262.02,Month-to-month,Bank Transfer,1,None,0
5363,55,M,32,102.87,3314.06,Month-to-month,Credit Card,0,Fiber optic,1
5364,44,F,52,92.37,4779.16,Month-to-month,Credit Card,0,DSL,1
5365,51,M,32,112.09,3542.59,Month-to-month,Credit Card,0,DSL,1
5366,32,M,9,52.58,428.76,Month-to-month,Credit Card,0,None,1
5367,49,M,13,30.5,347.63,One year,Bank Transfer,0,Fiber optic,0
5368,78,F,56,63.03,3483.48,Two year,Credit Card,0,Fiber optic,0
5369,75,F,44,98.58,4373.39,One year,Bank Transfer,0,DSL,1
5370,38,M,30,65.04,1970.92,Month-to-month,Electronic Check,0,Fiber optic,1
5371,63,M,16,46.2,788.79,Month-to-month,Electronic Check,0,Fiber optic,1
5372,22,F,12,22.76,225.15,Month-to-month,Electronic Check,0,Fiber optic,1
5373,23,F,66,51.3,3420.7,Month-to-month,Electronic Check,0,None,1
5374,55,M,18,91.34,1663.73,Month-to-month,Bank Transfer,0,DSL,1
5375,79,F,13,34.76,465.91,One year,Bank Transfer,1,None,0
5376,39,F,24,54.09,1283.81,Month-to-month,Electronic Check,0,Fiber optic,1
5377,79,F,12,22.02,251.91,Two year,Credit Card,0,Fiber optic,0
5378,35,M,60,92.18,5565.36,Month-to-month,Electronic Check,0,Fiber optic,1
5379,31,M,60,108.07,6505.55,Month-to-month,Electronic Check,1,DSL,1
5380,27,F,1,76.85,93.88,Month-to-month,Electronic Check,1,Fiber optic,1
5381,63,M,43,22.59,924.43,One year,Bank Transfer,1,DSL,0
5382,30,F,55,41.76,2265.23,Two year,Electronic Check,1,Fiber optic,0
5383,48,F,40,63.85,2600.26,Two year,Electronic Check,0,Fiber optic,0
5384,47,M,64,78.76,5036.08,Two year,Electronic Check,0,DSL,0
5385,20,M,34,69.63,2395.56,Two year,Bank Transfer,0,DSL,0
5386,47,M,34,111.59,3782.99,One year,Electronic Check,0,DSL,1
5387,23,F,48,113.86,5491.71,Month-to-month,Electronic Check,0,Fiber optic,1
5388,46,F,33,30.72,975.68,Month-to-month,Credit Card,1,DSL,0
5389,25,M,68,33.84,2255.33,One year,Electronic Check,1,Fiber optic,0
5390,61,M,30,55.81,1670.92,One year,Bank Transfer,1,DSL,0
5391,62,M,71,62.12,4419.68,One year,Credit Card,0,DSL,0
5392,60,F,71,78.61,5563.68,Month-to-month,Electronic Check,1,DSL,0
5393,61,F,29,97.32,2843.88,Two year,Bank Transfer,1,Fiber optic,1
5394,50,F,23,33.58,771.92,One year,Credit Card,1,DSL,0
5395,34,M,34,100.26,3451.67,Month-to-month,Bank Transfer,0,Fiber optic,1
5396,65,M,15,81.0,1173.5,Month-to-month,Credit Card,0,Fiber optic,1
5397,28,F,53,118.09,6215.43,One year,Bank Transfer,0,Fiber optic,1
5398,30,M,17,85.12,1487.55,Month-to-month,Credit Card,0,None,1
5399,67,M,64,91.61,5879.95,Month-to-month,Electronic Check,0,DSL,1
5400,28,M,61,39.52,2427.83,Month-to-month,Electronic Check,1,Fiber optic,1
5401,48,M,57,96.89,5475.49,Month-to-month,Electronic Check,0,DSL,1
5402,45,F,37,27.93,1077.18,Two year,Electronic Check,0,Fiber optic,0
5403,61,M,7,85.65,626.73,Month-to-month,Credit Card,1,DSL,1
5404,23,F,8,25.56,230.91,Month-to-month,Credit Card,1,DSL,0
5405,58,F,68,31.52,2184.55,Month-to-month,Credit Card,0,None,1
5406,33,M,21,30.79,654.41,Two year,Credit Card,0,Fiber optic,0
5407,21,F,61,25.25,1529.72,One year,Credit Card,1,Fiber optic,0
5408,52,F,29,52.11,1509.26,Month-to-month,Credit Card,1,Fiber optic,1
5409,77,M,25,119.44,3013.72,One year,Electronic Check,1,Fiber optic,0
5410,65,F,58,54.82,3206.43,One year,Credit Card,1,DSL,0
5411,73,F,14,96.08,1356.08,Month-to-month,Bank Transfer,1,None,1
5412,76,F,66,33.23,2164.99,One year,Bank Transfer,0,DSL,0
5413,43,F,54,65.45,3566.19,One year,Bank Transfer,1,DSL,0
5414,79,F,67,38.51,2594.89,One year,Credit Card,1,Fiber optic,0
5415,74,F,30,39.21,1148.43,Two year,Electronic Check,0,Fiber optic,0
5416,29,F,18,29.97,537.52,Month-to-month,Bank Transfer,1,None,0
5417,28,F,54,63.2,3462.52,One year,Credit Card,0,Fiber optic,0
5418,54,M,21,27.55,561.39,Month-to-month,Credit Card,0,DSL,1
5419,42,M,53,110.98,5843.6,One year,Electronic Check,0,Fiber optic,1
5420,35,M,16,64.79,988.81,One year,Credit Card,0,Fiber optic,0
5421,36,F,28,103.86,2876.54,Month-to-month,Credit Card,0,DSL,1
5422,40,F,4,117.95,440.5,One year,Bank Transfer,1,Fiber optic,1
5423,72,F,55,87.78,4863.71,Month-to-month,Bank Transfer,0,Fiber optic,1
5424,55,M,15,110.15,1617.87,One year,Bank Transfer,0,Fiber optic,1
5425,71,M,64,33.54,2182.83,Month-to-month,Bank Transfer,0,Fiber optic,1
5426,35,M,65,103.0,6653.67,Month-to-month,Bank Transfer,1,Fiber optic,1
5427,43,F,16,47.12,794.58,Month-to-month,Credit Card,0,Fiber optic,1
5428,23,M,20,67.26,1320.84,Month-to-month,Credit Card,0,Fiber optic,1
5429,21,M,64,84.66,5429.39,Month-to-month,Electronic Check,0,DSL,1
5430,61,F,33,110.35,3607.52,One year,Bank Transfer,0,Fiber optic,1
5431,68,M,69,111.1,7654.91,Month-to-month,Bank Transfer,1,Fiber optic,1
5432,46,F,69,29.21,1974.07,Month-to-month,Bank Transfer,1,DSL,0
5433,76,M,58,56.46,3282.63,Month-to-month,Bank Transfer,1,DSL,0
5434,78,F,39,99.32,3858.07,One year,Bank Transfer,1,Fiber optic,0
5435,51,F,36,90.32,3286.74,One year,Credit Card,0,Fiber optic,1
5436,34,F,68,22.64,1507.7,Month-to-month,Credit Card,0,DSL,1
5437,60,F,21,64.99,1342.79,Month-to-month,Bank Transfer,0,DSL,1
5438,60,F,63,102.93,6452.32,Month-to-month,Credit Card,0,Fiber optic,1
5439,70,M,6,93.77,569.0,Month-to-month,Bank Transfer,0,Fiber optic,1
5440,33,F,24,61.18,1429.49,Month-to-month,Electronic Check,1,DSL,0
5441,19,F,53,93.52,4925.5,Month-to-month,Bank Transfer,0,Fiber optic,1
5442,51,F,50,75.12,3773.85,Month-to-month,Electronic Check,1,DSL,0
5443,72,F,12,111.26,1292.56,Month-to-month,Electronic Check,1,Fiber optic,1
5444,25,M,56,78.71,4432.08,Month-to-month,Bank Transfer,1,None,0
5445,30,F,15,60.07,861.48,One year,Bank Transfer,0,Fiber optic,0
5446,59,M,40,106.29,4260.15,One year,Bank Transfer,1,Fiber optic,1
5447,25,F,41,24.99,1074.37,Month-to-month,Bank Transfer,0,DSL,1
5448,47,F,69,110.05,7560.84,Month-to-month,Credit Card,0,None,1
5449,49,M,69,89.63,6160.58,Month-to-month,Credit Card,0,Fiber optic,1
5450,53,M,6,114.06,724.2,Two year,Electronic Check,0,Fiber optic,1
5451,64,M,67,45.05,3030.98,Two year,Bank Transfer,0,DSL,0
5452,47,F,33,89.49,2952.42,One year,Credit Card,0,DSL,1
5453,18,M,43,100.95,4347.12,Month-to-month,Credit Card,1,DSL,1
5454,60,F,21,90.21,1873.96,Two year,Credit Card,0,Fiber optic,1
5455,56,M,65,41.03,2702.48,Month-to-month,Electronic Check,0,DSL,1
5456,34,M,17,47.56,833.05,One year,Credit Card,0,Fiber optic,0
5457,76,F,8,76.67,627.61,Month-to-month,Bank Transfer,0,Fiber optic,1
5458,37,M,64,64.68,4182.69,Month-to-month,Credit Card,1,Fiber optic,1
5459,41,M,28,93.51,2626.09,Month-to-month,Bank Transfer,0,Fiber optic,1
5460,67,F,13,57.87,753.5,Month-to-month,Credit Card,1,DSL,0
5461,39,F,13,105.95,1424.92,Month-to-month,Bank Transfer,1,Fiber optic,1
5462,46,F,38,63.19,2371.82,Month-to-month,Electronic Check,0,None,1
5463,39,M,25,24.0,564.2,Month-to-month,Credit Card,0,DSL,1
5464,61,M,62,21.74,1314.11,One year,Credit Card,0,DSL,0
5465,26,M,23,84.67,1996.35,Month-to-month,Electronic Check,0,None,1
5466,54,M,21,74.06,1570.49,One year,Electronic Check,0,DSL,0
5467,27,M,54,74.27,3991.17,One year,Electronic Check,1,Fiber optic,0
5468,53,F,63,99.0,6211.9,Month-to-month,Bank Transfer,0,Fiber optic,1
5469,54,M,30,57.57,1682.76,Month-to-month,Bank Transfer,0,DSL,1
5470,45,F,68,119.54,8091.91,Month-to-month,Credit Card,0,Fiber optic,1
5471,45,M,32,114.55,3706.42,Month-to-month,Bank Transfer,0,DSL,1
5472,59,F,24,21.3,535.93,One year,Credit Card,1,Fiber optic,0
5473,60,M,7,109.57,811.15,Month-to-month,Electronic Check,1,DSL,1
5474,38,M,72,88.05,6331.97,One year,Credit Card,0,Fiber optic,1
5475,41,F,1,70.21,80.33,Month-to-month,Electronic Check,1,None,0
5476,59,M,3,78.27,233.18,Two year,Electronic Check,0,Fiber optic,0
5477,77,F,28,104.19,2955.46,Month-to-month,Credit Card,0,Fiber optic,1
5478,57,M,43,115.1,4998.44,One year,Bank Transfer,0,Fiber optic,1
5479,19,M,46,76.03,3540.66,One year,Bank Transfer,0,Fiber optic,0
5480,72,F,1,38.13,47.94,Month-to-month,Credit Card,0,DSL,1
5481,25,M,38,83.98,3147.42,Month-to-month,Bank Transfer,0,Fiber optic,1
5482,65,F,35,27.62,978.45,Month-to-month,Electronic Check,0,Fiber optic,1
5483,44,M,54,83.51,4469.24,One year,Electronic Check,0,Fiber optic,1
5484,39,M,24,100.86,2384.52,Month-to-month,Bank Transfer,0,DSL,1
5485,54,M,28,55.33,1518.37,Month-to-month,Bank Transfer,0,Fiber optic,1
5486,44,M,22,27.12,582.99,Month-to-month,Electronic Check,0,Fiber optic,1
5487,74,M,16,89.22,1436.7,Month-to-month,Credit Card,0,Fiber optic,1
5488,46,M,13,53.93,684.45,Month-to-month,Bank Transfer,0,Fiber optic,1
5489,20,M,62,44.91,2779.65,Month-to-month,Bank Transfer,1,Fiber optic,1
5490,61,F,43,88.92,3778.29,Month-to-month,Credit Card,0,Fiber optic,1
5491,30,M,32,116.96,3754.7,Month-to-month,Electronic Check,1,Fiber optic,1
5492,62,M,67,94.53,6349.21,Month-to-month,Credit Card,0,Fiber optic,1
5493,27,M,57,69.14,3900.92,Month-to-month,Credit Card,0,Fiber optic,1
5494,53,F,65,80.05,5231.76,Month-to-month,Credit Card,0,None,1
5495,26,F,69,34.23,2376.62,Month-to-month,Bank Transfer,0,Fiber optic,1
5496,71,M,49,101.32,4963.65,Two year,Electronic Check,1,DSL,0
5497,73,M,33,80.43,2659.48,Month-to-month,Electronic Check,1,Fiber optic,1
5498,72,M,19,116.58,2215.32,Month-to-month,Bank Transfer,1,Fiber optic,1
5499,44,F,36,117.95,4201.58,Month-to-month,Credit Card,0,Fiber optic,1
5500,51,M,70,55.46,3905.71,Month-to-month,Bank Transfer,0,DSL,1
5501,68,F,15,118.85,1783.93,Month-to-month,Credit Card,0,Fiber optic,1
5502,18,M,24,115.68,2743.6,Two year,Credit Card,0,Fiber optic,1
5503,49,F,27,83.98,2285.53,Month-to-month,Credit Card,0,Fiber optic,1
5504,42,F,49,53.35,2633.66,Month-to-month,Credit Card,0,Fiber optic,1
5505,46,M,23,95.33,2163.94,One year,Bank Transfer,1,Fiber optic,0
5506,24,M,33,47.12,1584.61,Month-to-month,Credit Card,0,Fiber optic,1
5507,66,M,41,82.98,3397.83,Month-to-month,Bank Transfer,1,Fiber optic,1
5508,20,M,56,22.46,1225.82,Month-to-month,Credit Card,0,DSL,1
5509,37,M,29,82.86,2418.7,Month-to-month,Bank Transfer,0,Fiber optic,1
5510,37,M,31,115.16,3579.63,One year,Electronic Check,0,Fiber optic,1
5511,70,M,65,43.51,2795.19,Month-to-month,Bank Transfer,0,Fiber optic,1
5512,47,F,18,97.82,1797.99,Month-to-month,Electronic Check,1,None,1
5513,52,M,6,49.34,331.49,Month-to-month,Bank Transfer,0,Fiber optic,1
5514,52,M,52,90.78,4754.18,Month-to-month,Electronic Check,1,Fiber optic,1
5515,66,F,40,90.0,3589.92,One year,Bank Transfer,0,Fiber optic,1
5516,56,M,65,38.47,2533.01,Month-to-month,Credit Card,1,Fiber optic,1
5517,44,M,42,79.71,3382.3,Two year,Electronic Check,1,Fiber optic,0
5518,43,M,68,105.92,7252.21,Month-to-month,Credit Card,0,Fiber optic,1
5519,31,M,32,58.25,1909.76,One year,Electronic Check,0,Fiber optic,0
5520,34,F,10,91.03,898.58,Month-to-month,Credit Card,1,DSL,1
5521,35,F,69,87.44,6003.18,Month-to-month,Credit Card,1,None,1
5522,62,M,9,45.75,391.0,Two year,Bank Transfer,1,Fiber optic,0
5523,69,M,69,111.86,7717.82,Month-to-month,Credit Card,1,Fiber optic,1
5524,46,F,61,76.35,4687.9,One year,Electronic Check,1,Fiber optic,0
5525,37,M,11,55.53,633.13,Month-to-month,Electronic Check,1,Fiber optic,1
5526,70,F,68,36.44,2506.69,Month-to-month,Electronic Check,1,Fiber optic,1
5527,44,F,8,67.35,526.79,One year,Bank Transfer,0,DSL,0
5528,35,F,49,93.01,4532.18,One year,Bank Transfer,1,DSL,0
5529,21,M,24,82.36,1929.05,One year,Electronic Check,0,Fiber optic,1
5530,18,M,33,92.71,3072.05,Two year,Credit Card,0,Fiber optic,1
5531,67,M,19,99.18,1913.92,Month-to-month,Bank Transfer,1,Fiber optic,1
5532,18,F,2,64.1,167.11,Month-to-month,Credit Card,1,Fiber optic,1
5533,75,M,55,72.02,3958.72,One year,Bank Transfer,0,Fiber optic,0
5534,43,M,11,118.64,1347.8,Month-to-month,Bank Transfer,0,Fiber optic,1
5535,62,F,17,116.81,1956.01,Two year,Bank Transfer,1,DSL,0
5536,37,M,42,61.48,2583.6,Month-to-month,Bank Transfer,0,Fiber optic,1
5537,69,M,61,88.52,5371.1,Month-to-month,Electronic Check,0,Fiber optic,1
5538,40,M,3,46.76,109.09,Month-to-month,Bank Transfer,0,DSL,1
5539,27,F,35,35.27,1279.79,Month-to-month,Bank Transfer,1,Fiber optic,1
5540,76,M,66,96.84,6423.21,Month-to-month,Electronic Check,0,None,1
5541,28,F,1,63.62,14.8,Month-to-month,Electronic Check,0,Fiber optic,1
5542,58,F,7,37.71,240.82,Two year,Electronic Check,0,DSL,0
5543,58,F,20,95.88,1888.11,Month-to-month,Electronic Check,0,DSL,1
5544,22,M,43,111.52,4760.07,Month-to-month,Credit Card,0,DSL,1
5545,75,M,6,113.33,699.72,Two year,Electronic Check,0,None,1
5546,18,M,55,79.63,4386.33,Two year,Electronic Check,1,None,0
5547,34,F,21,67.96,1422.55,Month-to-month,Electronic Check,0,Fiber optic,1
5548,39,F,51,34.19,1712.64,One year,Credit Card,0,Fiber optic,0
5549,51,M,46,99.28,4544.64,Month-to-month,Electronic Check,0,DSL,1
5550,73,F,35,114.53,3994.16,Two year,Credit Card,1,DSL,0
5551,62,M,8,108.95,900.15,One year,Bank Transfer,0,Fiber optic,1
5552,58,M,68,95.18,6521.16,Month-to-month,Credit Card,0,None,1
5553,46,M,16,20.46,295.76,One year,Electronic Check,0,Fiber optic,0
5554,21,M,67,60.78,4056.41,Two year,Credit Card,1,None,0
5555,22,M,71,61.07,4313.99,Month-to-month,Credit Card,0,Fiber optic,1
5556,28,M,64,109.44,6958.57,Month-to-month,Credit Card,0,Fiber optic,1
5557,73,M,2,26.57,25.06,One year,Credit Card,1,None,0
5558,68,F,1,73.12,113.28,One year,Credit Card,1,DSL,0
5559,38,M,58,33.61,1983.67,One year,Credit Card,0,Fiber optic,0
5560,52,F,1,86.23,52.99,Month-to-month,Credit Card,1,Fiber optic,1
5561,29,F,7,99.23,681.23,Month-to-month,Credit Card,0,DSL,1
5562,43,M,69,84.2,5790.88,One year,Bank Transfer,0,Fiber optic,1
5563,68,F,18,99.46,1755.05,Two year,Bank Transfer,0,Fiber optic,1
5564,36,F,32,80.75,2596.22,Two year,Electronic Check,1,Fiber optic,0
5565,62,F,45,38.98,1759.83,One year,Electronic Check,0,Fiber optic,0
5566,77,M,33,58.27,1915.61,Month-to-month,Electronic Check,0,DSL,1
5567,24,M,49,115.69,5704.36,One year,Electronic Check,0,None,1
5568,64,M,33,48.82,1623.03,Month-to-month,Electronic Check,1,Fiber optic,1
5569,72,M,71,26.29,1842.52,Month-to-month,Electronic Check,1,Fiber optic,1
5570,24,M,68,58.48,3964.01,One year,Bank Transfer,0,Fiber optic,0
5571,43,F,28,56.63,1550.66,Month-to-month,Bank Transfer,1,Fiber optic,1
5572,57,F,53,67.03,3561.73,Month-to-month,Bank Transfer,0,None,1
5573,22,M,44,76.03,3353.98,Month-to-month,Credit Card,0,DSL,1
5574,38,F,55,119.24,6595.22,One year,Credit Card,1,DSL,0
5575,31,F,10,95.62,991.78,Month-to-month,Electronic Check,0,Fiber optic,1
5576,21,F,14,23.59,363.95,Month-to-month,Bank Transfer,0,Fiber optic,1
5577,40,F,36,91.27,3290.62,Month-to-month,Electronic Check,0,Fiber optic,1
5578,59,M,34,102.42,3497.48,Month-to-month,Bank Transfer,0,Fiber optic,1
5579,37,M,18,109.56,1999.63,One year,Bank Transfer,0,DSL,1
5580,32,M,16,62.4,957.57,Month-to-month,Electronic Check,0,Fiber optic,1
5581,67,F,37,51.36,1880.38,Month-to-month,Electronic Check,1,DSL,0
5582,69,F,41,103.93,4228.04,One year,Credit Card,1,Fiber optic,1
5583,62,M,25,97.76,2445.15,One year,Bank Transfer,0,Fiber optic,1
5584,46,M,8,73.6,622.57,Month-to-month,Credit Card,0,DSL,1
5585,25,F,18,31.79,545.29,Month-to-month,Credit Card,1,DSL,0
5586,58,M,68,85.18,5815.33,Month-to-month,Credit Card,0,DSL,1
5587,65,M,48,26.57,1265.94,One year,Credit Card,0,Fiber optic,0
5588,36,F,70,30.04,2143.11,Month-to-month,Bank Transfer,0,Fiber optic,1
5589,65,F,67,53.11,3571.05,Month-to-month,Bank Transfer,0,Fiber optic,1
5590,56,M,18,57.12,1075.82,Month-to-month,Credit Card,0,DSL,1
5591,63,F,18,66.2,1166.17,Two year,Bank Transfer,0,DSL,0
5592,45,M,56,53.91,3061.36,Two year,Credit Card,1,Fiber optic,0
5593,63,F,23,23.38,523.45,Two year,Electronic Check,1,Fiber optic,0
5594,74,F,35,35.74,1263.1,One year,Credit Card,1,DSL,0
5595,44,M,6,31.51,156.51,One year,Electronic Check,1,None,0
5596,21,F,26,63.12,1667.1,One year,Credit Card,0,Fiber optic,0
5597,75,M,61,41.21,2561.64,Month-to-month,Credit Card,0,Fiber optic,1
5598,32,F,15,49.35,768.99,One year,Bank Transfer,1,DSL,0
5599,52,M,32,67.16,2160.7,One year,Electronic Check,1,Fiber optic,0
5600,54,F,12,43.56,517.54,One year,Bank Transfer,0,Fiber optic,0
5601,18,F,5,44.59,207.47,Two year,Credit Card,0,Fiber optic,0
5602,20,M,64,103.31,6603.74,Two year,Electronic Check,0,Fiber optic,1
5603,64,F,71,74.81,5294.34,Month-to-month,Credit Card,0,Fiber optic,1
5604,41,M,27,105.68,2886.63,Month-to-month,Electronic Check,1,Fiber optic,1
5605,44,F,45,71.45,3254.56,Month-to-month,Electronic Check,0,None,1
5606,57,F,35,110.93,3927.52,Month-to-month,Credit Card,1,Fiber optic,1
5607,78,M,26,45.47,1174.06,Two year,Credit Card,0,Fiber optic,0
5608,53,F,23,81.67,1883.03,Two year,Bank Transfer,0,Fiber optic,1
5609,51,F,13,70.32,921.85,One year,Bank Transfer,1,Fiber optic,0
5610,46,M,3,111.87,350.72,One year,Credit Card,1,DSL,0
5611,41,F,29,61.85,1743.9,Month-to-month,Bank Transfer,0,Fiber optic,1
5612,41,M,66,105.48,6995.95,Two year,Bank Transfer,0,None,1
5613,59,M,64,76.39,4865.77,Two year,Credit Card,1,DSL,0
5614,21,M,28,90.85,2541.02,Month-to-month,Electronic Check,0,Fiber optic,1
5615,20,F,36,108.69,3947.0,Month-to-month,Credit Card,1,None,1
5616,51,F,6,119.69,767.83,Month-to-month,Bank Transfer,0,Fiber optic,1
5617,74,M,11,93.11,1053.7,One year,Credit Card,0,Fiber optic,1
5618,66,F,38,51.45,1907.58,Month-to-month,Credit Card,0,Fiber optic,1
5619,40,M,34,49.9,1683.48,Month-to-month,Electronic Check,0,Fiber optic,1
5620,70,F,67,50.91,3385.69,Month-to-month,Electronic Check,0,Fiber optic,1
5621,73,M,46,29.79,1416.75,One year,Bank Transfer,0,Fiber optic,0
5622,69,M,29,25.36,711.86,Two year,Bank Transfer,0,Fiber optic,0
5623,40,F,60,78.08,4729.14,One year,Bank Transfer,1,DSL,0
5624,62,M,54,101.06,5500.99,Month-to-month,Bank Transfer,1,Fiber optic,1
5625,22,M,69,23.61,1663.03,Month-to-month,Bank Transfer,1,DSL,0
5626,48,F,9,76.66,649.75,Month-to-month,Credit Card,0,Fiber optic,1
5627,79,M,10,57.18,522.0,Month-to-month,Credit Card,0,DSL,1
5628,70,M,68,109.25,7458.39,Month-to-month,Bank Transfer,1,Fiber optic,1
5629,79,F,58,34.54,2037.65,Month-to-month,Electronic Check,1,DSL,0
5630,58,M,52,76.34,4015.9,Month-to-month,Electronic Check,0,Fiber optic,1
5631,74,M,34,117.09,3952.9,Month-to-month,Bank Transfer,0,Fiber optic,1
5632,78,M,35,54.5,1930.81,Month-to-month,Credit Card,0,Fiber optic,1
5633,74,M,33,94.18,3109.85,Month-to-month,Electronic Check,0,Fiber optic,1
5634,77,M,72,108.25,7776.85,One year,Electronic Check,0,Fiber optic,1
5635,71,M,32,38.62,1246.47,One year,Electronic Check,1,Fiber optic,0
5636,23,M,55,119.25,6563.57,Month-to-month,Electronic Check,0,Fiber optic,1
5637,54,M,8,100.94,786.75,One year,Credit Card,0,Fiber optic,1
5638,74,F,46,33.76,1529.81,Two year,Credit Card,0,DSL,0
5639,27,M,14,51.09,713.92,Month-to-month,Electronic Check,1,None,0
5640,57,M,8,82.5,657.4,One year,Credit Card,0,DSL,1
5641,24,F,71,108.49,7683.0,Month-to-month,Credit Card,0,Fiber optic,1
5642,56,M,54,39.48,2108.29,Month-to-month,Bank Transfer,0,Fiber optic,1
5643,55,M,21,93.12,2000.95,Month-to-month,Bank Transfer,1,Fiber optic,1
5644,38,M,14,47.06,695.08,Month-to-month,Bank Transfer,0,Fiber optic,1
5645,78,M,2,100.54,232.76,One year,Bank Transfer,0,DSL,1
5646,37,M,61,88.34,5360.17,Month-to-month,Electronic Check,0,DSL,1
5647,20,M,17,72.29,1197.86,One year,Bank Transfer,0,None,0
5648,68,F,48,84.99,4110.45,One year,Bank Transfer,0,Fiber optic,1
5649,39,F,8,107.64,829.59,Two year,Credit Card,1,Fiber optic,0
5650,64,F,56,58.64,3284.19,One year,Electronic Check,0,Fiber optic,0
5651,21,F,17,96.93,1619.95,Month-to-month,Credit Card,1,None,1
5652,45,F,69,35.89,2464.22,One year,Credit Card,0,DSL,0
5653,29,M,12,90.12,1116.79,Month-to-month,Credit Card,0,DSL,1
5654,55,M,38,95.07,3651.8,Two year,Bank Transfer,0,DSL,1
5655,68,M,18,64.3,1207.07,One year,Electronic Check,0,Fiber optic,0
5656,53,M,26,99.36,2627.75,Month-to-month,Bank Transfer,0,DSL,1
5657,64,M,37,75.71,2818.4,One year,Electronic Check,1,Fiber optic,0
5658,58,F,70,113.63,7947.27,Month-to-month,Credit Card,1,DSL,1
5659,22,F,41,31.25,1237.02,Month-to-month,Electronic Check,0,Fiber optic,1
5660,30,M,42,33.08,1400.18,One year,Credit Card,0,None,0
5661,40,M,41,104.24,4244.91,Month-to-month,Bank Transfer,0,Fiber optic,1
5662,75,M,47,104.24,4934.29,One year,Credit Card,0,DSL,1
5663,67,F,14,67.12,944.57,Month-to-month,Bank Transfer,1,Fiber optic,1
5664,47,F,1,116.4,139.75,Two year,Bank Transfer,1,Fiber optic,0
5665,79,M,17,87.94,1512.33,Two year,Bank Transfer,0,DSL,1
5666,54,F,55,118.29,6490.68,One year,Credit Card,1,Fiber optic,0
5667,42,M,53,73.24,3907.63,One year,Bank Transfer,0,Fiber optic,0
5668,65,F,31,40.16,1279.3,Two year,Electronic Check,1,DSL,0
5669,44,F,62,64.44,4019.69,Month-to-month,Electronic Check,1,Fiber optic,1
5670,68,M,8,118.05,972.08,Month-to-month,Electronic Check,0,Fiber optic,1
5671,31,F,30,57.04,1697.2,Month-to-month,Electronic Check,0,None,1
5672,74,F,66,115.7,7680.57,Month-to-month,Bank Transfer,1,Fiber optic,1
5673,79,M,45,99.7,4478.96,Two year,Electronic Check,0,Fiber optic,1
5674,65,F,18,64.21,1195.49,Month-to-month,Credit Card,0,DSL,1
5675,76,M,45,74.19,3374.33,Month-to-month,Electronic Check,0,Fiber optic,1
5676,64,F,19,80.74,1496.49,Month-to-month,Electronic Check,1,DSL,1
5677,71,M,68,86.58,5934.07,Month-to-month,Credit Card,0,Fiber optic,1
5678,53,M,50,27.67,1433.13,Month-to-month,Credit Card,0,Fiber optic,1
5679,56,F,25,113.36,2844.61,Month-to-month,Electronic Check,1,Fiber optic,1
5680,33,F,38,79.7,3056.91,Month-to-month,Bank Transfer,1,DSL,0
5681,73,M,36,113.11,4115.33,Two year,Credit Card,0,None,1
5682,39,F,68,83.19,5608.92,Month-to-month,Bank Transfer,0,Fiber optic,1
5683,38,F,56,63.1,3576.6,Month-to-month,Bank Transfer,1,Fiber optic,1
5684,71,F,39,76.69,3003.65,One year,Electronic Check,0,Fiber optic,0
5685,38,M,63,102.95,6518.7,Month-to-month,Bank Transfer,1,Fiber optic,1
5686,25,M,7,52.61,372.34,One year,Bank Transfer,0,Fiber optic,0
5687,66,M,58,115.65,6710.75,One year,Bank Transfer,0,Fiber optic,1
5688,33,F,59,66.6,3969.15,Two year,Electronic Check,1,DSL,0
5689,76,F,48,115.62,5550.51,One year,Credit Card,0,Fiber optic,1
5690,72,M,5,108.08,537.58,Month-to-month,Electronic Check,0,Fiber optic,1
5691,48,M,36,96.77,3494.54,Month-to-month,Credit Card,1,Fiber optic,1
5692,59,F,25,66.74,1670.36,Month-to-month,Bank Transfer,0,Fiber optic,1
5693,27,F,45,78.69,3535.68,Month-to-month,Credit Card,0,Fiber optic,1
5694,49,F,19,103.8,1940.25,Month-to-month,Credit Card,0,Fiber optic,1
5695,76,F,7,74.41,510.61,Month-to-month,Credit Card,1,None,0
5696,51,M,58,93.82,5419.76,One year,Credit Card,1,Fiber optic,1
5697,79,F,66,99.07,6528.67,Month-to-month,Bank Transfer,0,Fiber optic,1
5698,26,F,39,71.31,2790.41,Month-to-month,Credit Card,0,DSL,1
5699,34,M,18,73.62,1336.05,Month-to-month,Credit Card,0,Fiber optic,1
5700,28,M,1,39.78,13.65,One year,Bank Transfer,1,Fiber optic,0
5701,49,F,63,44.47,2760.06,Two year,Credit Card,0,Fiber optic,0
5702,27,M,3,110.49,355.91,Month-to-month,Electronic Check,1,DSL,1
5703,39,F,21,104.03,2187.49,One year,Credit Card,0,Fiber optic,1
5704,74,F,30,21.01,624.51,Month-to-month,Electronic Check,0,DSL,1
5705,34,M,11,106.94,1139.3,Month-to-month,Electronic Check,0,Fiber optic,1
5706,21,M,22,22.52,486.91,Month-to-month,Electronic Check,0,None,1
5707,65,F,57,65.83,3784.13,Month-to-month,Bank Transfer,0,Fiber optic,1
5708,69,M,3,26.74,88.36,Two year,Electronic Check,0,Fiber optic,0
5709,64,F,30,116.88,3465.5,Month-to-month,Electronic Check,0,Fiber optic,1
5710,42,F,45,117.23,5258.58,One year,Bank Transfer,0,Fiber optic,1
5711,76,F,36,81.09,2967.22,One year,Bank Transfer,0,Fiber optic,1
5712,38,M,72,59.22,4268.29,One year,Electronic Check,0,Fiber optic,0
5713,54,F,64,71.2,4535.44,Month-to-month,Bank Transfer,1,Fiber optic,1
5714,55,F,54,96.23,5237.76,Month-to-month,Credit Card,0,DSL,1
5715,66,F,68,42.32,2861.36,Month-to-month,Electronic Check,0,Fiber optic,1
5716,18,M,50,64.17,3231.49,Month-to-month,Electronic Check,1,DSL,0
5717,42,F,31,93.73,2870.35,One year,Credit Card,0,DSL,1
5718,68,F,29,59.54,1692.31,Month-to-month,Bank Transfer,0,None,1
5719,53,F,59,23.2,1374.93,One year,Credit Card,1,DSL,0
5720,34,M,36,70.74,2520.62,Month-to-month,Credit Card,1,DSL,0
5721,58,F,67,93.74,6235.51,Month-to-month,Bank Transfer,0,Fiber optic,1
5722,41,F,11,117.68,1337.13,One year,Bank Transfer,0,Fiber optic,1
5723,19,M,11,23.7,216.3,One year,Electronic Check,0,Fiber optic,0
5724,57,M,26,73.99,1945.48,Month-to-month,Electronic Check,0,Fiber optic,1
5725,32,F,53,64.99,3427.77,Two year,Electronic Check,0,DSL,0
5726,49,F,14,44.24,662.71,Month-to-month,Bank Transfer,0,Fiber optic,1
5727,56,F,64,83.78,5410.53,One year,Electronic Check,1,None,0
5728,76,M,10,36.36,347.14,Month-to-month,Credit Card,0,DSL,1
5729,23,M,31,48.39,1509.2,Month-to-month,Electronic Check,1,None,0
5730,18,F,36,98.18,3561.78,Two year,Bank Transfer,0,DSL,1
5731,64,M,10,66.04,622.74,Two year,Bank Transfer,0,Fiber optic,0
5732,40,F,26,119.37,3124.57,Month-to-month,Electronic Check,0,DSL,1
5733,75,F,20,58.65,1213.62,Two year,Bank Transfer,1,Fiber optic,0
5734,56,M,44,66.33,2886.37,Month-to-month,Bank Transfer,0,Fiber optic,1
5735,78,F,62,50.03,3135.73,Two year,Electronic Check,0,Fiber optic,0
5736,79,M,9,43.63,354.23,One year,Electronic Check,0,Fiber optic,0
5737,74,M,71,112.23,7975.16,Month-to-month,Credit Card,1,None,1
5738,34,F,24,94.88,2261.06,Two year,Bank Transfer,0,Fiber optic,1
5739,51,M,12,53.34,637.25,Month-to-month,Electronic Check,0,DSL,1
5740,76,F,60,90.02,5381.26,Month-to-month,Credit Card,0,Fiber optic,1
5741,58,M,16,116.58,1841.33,Month-to-month,Bank Transfer,0,Fiber optic,1
5742,46,F,29,27.4,818.91,Two year,Bank Transfer,0,Fiber optic,0
5743,26,F,32,46.45,1458.71,One year,Credit Card,0,DSL,0
5744,30,F,35,40.06,1392.94,Month-to-month,Bank Transfer,1,Fiber optic,1
5745,23,M,43,106.98,4577.6,Month-to-month,Electronic Check,0,Fiber optic,1
5746,23,F,53,37.92,1983.62,Month-to-month,Credit Card,0,Fiber optic,1
5747,37,M,20,50.81,1028.91,Month-to-month,Credit Card,0,DSL,1
5748,69,M,8,74.39,549.66,Month-to-month,Electronic Check,0,DSL,1
5749,70,M,42,82.11,3477.51,Month-to-month,Credit Card,0,DSL,1
5750,20,M,70,100.82,7062.02,Month-to-month,Electronic Check,0,Fiber optic,1
5751,34,M,16,60.73,1004.52,Month-to-month,Electronic Check,0,Fiber optic,1
5752,66,F,69,73.42,5037.28,One year,Bank Transfer,0,Fiber optic,0
5753,29,M,53,116.55,6198.09,Month-to-month,Bank Transfer,0,Fiber optic,1
5754,65,F,45,49.74,2230.36,One year,Bank Transfer,0,Fiber optic,0
5755,64,F,51,44.81,2242.99,Month-to-month,Bank Transfer,0,None,1
5756,62,M,6,91.06,571.61,Month-to-month,Bank Transfer,0,DSL,1
5757,72,F,33,97.11,3230.85,One year,Electronic Check,0,Fiber optic,1
5758,18,F,15,61.48,899.29,Month-to-month,Credit Card,0,Fiber optic,1
5759,34,M,14,41.3,619.8,Two year,Credit Card,0,Fiber optic,0
5760,20,F,39,97.89,3844.11,Month-to-month,Bank Transfer,0,Fiber optic,1
5761,43,M,63,87.05,5464.83,Month-to-month,Electronic Check,0,Fiber optic,1
5762,32,M,5,107.62,512.01,Two year,Electronic Check,1,Fiber optic,1
5763,53,M,52,104.43,5424.37,Two year,Electronic Check,0,DSL,1
5764,49,F,16,40.52,627.6,One year,Credit Card,1,DSL,0
5765,49,F,38,103.23,3894.44,Month-to-month,Electronic Check,0,Fiber optic,1
5766,21,F,53,37.52,1978.47,Month-to-month,Bank Transfer,0,Fiber optic,1
5767,35,F,53,106.37,5590.18,One year,Electronic Check,1,Fiber optic,0
5768,66,M,46,97.03,4453.52,Month-to-month,Bank Transfer,1,DSL,1
5769,36,M,15,76.99,1127.02,Month-to-month,Credit Card,0,DSL,1
5770,60,F,59,84.22,4945.41,One year,Credit Card,0,Fiber optic,1
5771,69,M,50,30.41,1478.76,One year,Electronic Check,1,Fiber optic,0
5772,52,F,9,23.99,224.8,One year,Credit Card,0,Fiber optic,0
5773,57,M,26,53.06,1376.76,Two year,Credit Card,0,Fiber optic,0
5774,31,M,3,102.14,331.48,Two year,Electronic Check,0,DSL,1
5775,75,M,47,66.58,3177.97,Month-to-month,Credit Card,0,Fiber optic,1
5776,50,M,5,42.34,173.65,Month-to-month,Bank Transfer,0,Fiber optic,1
5777,31,M,62,103.45,6391.14,One year,Electronic Check,0,Fiber optic,1
5778,51,F,5,42.86,232.55,Month-to-month,Bank Transfer,0,Fiber optic,1
5779,78,F,10,101.55,989.23,Month-to-month,Credit Card,0,Fiber optic,1
5780,72,M,63,65.3,4066.91,One year,Electronic Check,0,DSL,0
5781,21,F,25,66.35,1619.73,One year,Bank Transfer,0,Fiber optic,0
5782,41,M,44,47.27,2073.24,One year,Electronic Check,0,DSL,0
5783,76,M,25,110.02,2743.58,Month-to-month,Bank Transfer,1,DSL,1
5784,46,M,30,28.88,913.63,Two year,Bank Transfer,1,Fiber optic,0
5785,36,M,14,34.44,478.76,One year,Electronic Check,0,DSL,0
5786,23,F,43,83.59,3612.18,One year,Bank Transfer,0,DSL,1
5787,74,M,28,105.01,2939.5,Month-to-month,Electronic Check,1,Fiber optic,1
5788,50,F,19,29.55,538.44,Month-to-month,Credit Card,1,Fiber optic,1
5789,66,M,42,93.38,3882.51,Month-to-month,Bank Transfer,0,Fiber optic,1
5790,57,M,20,94.25,1920.91,One year,Bank Transfer,1,DSL,0
5791,36,F,11,78.15,824.92,Two year,Bank Transfer,1,Fiber optic,0
5792,70,M,54,68.67,3667.87,One year,Bank Transfer,0,DSL,0
5793,18,M,24,52.11,1222.02,Month-to-month,Credit Card,0,Fiber optic,1
5794,22,F,70,55.15,3810.75,One year,Electronic Check,1,DSL,0
5795,44,F,17,87.44,1443.68,One year,Electronic Check,0,None,1
5796,33,F,28,26.53,756.36,One year,Electronic Check,0,DSL,0
5797,23,M,50,78.49,3898.85,Two year,Credit Card,0,Fiber optic,0
5798,57,M,55,47.87,2616.7,One year,Credit Card,0,DSL,0
5799,30,F,10,66.66,700.13,Month-to-month,Electronic Check,0,Fiber optic,1
5800,65,F,21,75.9,1621.19,One year,Electronic Check,0,DSL,0
5801,79,M,58,108.57,6296.28,Month-to-month,Credit Card,0,Fiber optic,1
5802,52,M,34,77.91,2660.24,Month-to-month,Credit Card,0,Fiber optic,1
5803,36,F,43,42.72,1795.54,One year,Bank Transfer,0,Fiber optic,0
5804,29,F,11,27.95,333.61,Month-to-month,Electronic Check,1,Fiber optic,1
5805,33,F,33,82.7,2730.72,Month-to-month,Electronic Check,0,Fiber optic,1
5806,76,F,58,74.5,4328.09,One year,Electronic Check,1,Fiber optic,0
5807,60,M,46,87.18,4026.83,Two year,Electronic Check,0,Fiber optic,1
5808,27,M,61,65.94,4022.36,Two year,Electronic Check,0,Fiber optic,0
5809,42,M,62,102.51,6357.79,One year,Bank Transfer,0,Fiber optic,1
5810,37,M,1,112.02,111.98,Two year,Credit Card,0,Fiber optic,1
5811,48,F,21,24.0,503.68,One year,Bank Transfer,1,Fiber optic,0
5812,21,M,62,94.41,5878.44,Month-to-month,Bank Transfer,0,DSL,1
5813,61,F,64,23.52,1498.0,Month-to-month,Electronic Check,0,Fiber optic,1
5814,40,M,56,64.51,3562.85,Month-to-month,Bank Transfer,0,Fiber optic,1
5815,19,M,1,66.16,77.37,Month-to-month,Bank Transfer,0,DSL,1
5816,73,M,21,89.62,1927.29,One year,Electronic Check,0,Fiber optic,1
5817,39,F,22,55.24,1190.98,Month-to-month,Bank Transfer,0,Fiber optic,1
5818,68,M,54,102.09,5544.48,One year,Bank Transfer,0,Fiber optic,1
5819,74,F,4,54.29,212.71,One year,Credit Card,0,Fiber optic,0
5820,54,F,65,54.25,3540.55,Month-to-month,Electronic Check,1,Fiber optic,1
5821,25,M,51,42.28,2195.37,Month-to-month,Electronic Check,0,DSL,1
5822,24,F,63,88.39,5595.67,One year,Bank Transfer,0,Fiber optic,1
5823,31,M,15,27.66,453.36,One year,Electronic Check,0,Fiber optic,0
5824,73,F,36,56.31,1978.11,Month-to-month,Credit Card,0,DSL,1
5825,72,M,29,46.69,1322.74,Two year,Bank Transfer,1,Fiber optic,0
5826,20,F,52,42.93,2224.71,Month-to-month,Credit Card,1,DSL,0
5827,67,F,46,26.1,1235.38,Month-to-month,Bank Transfer,0,DSL,1
5828,33,M,69,39.04,2727.6,One year,Bank Transfer,0,Fiber optic,0
5829,72,M,29,64.62,1842.49,Month-to-month,Electronic Check,1,DSL,0
5830,36,M,47,70.37,3271.61,One year,Electronic Check,0,Fiber optic,0
5831,68,M,25,46.95,1207.22,One year,Bank Transfer,0,Fiber optic,0
5832,35,F,16,85.02,1364.46,Two year,Credit Card,0,DSL,1
5833,69,F,41,53.58,2209.46,Month-to-month,Bank Transfer,1,Fiber optic,1
5834,33,F,65,56.72,3717.72,Two year,Bank Transfer,0,DSL,0
5835,25,F,69,98.26,6751.11,Month-to-month,Bank Transfer,1,DSL,1
5836,77,M,20,75.2,1467.65,Month-to-month,Credit Card,0,Fiber optic,1
5837,50,F,69,115.32,7992.98,Month-to-month,Electronic Check,0,Fiber optic,1
5838,66,M,36,55.93,1974.66,Month-to-month,Electronic Check,1,Fiber optic,1
5839,29,F,58,102.78,5920.06,One year,Credit Card,1,DSL,0
5840,79,M,48,93.83,4481.55,Month-to-month,Electronic Check,0,None,1
5841,70,M,2,109.02,199.72,Month-to-month,Bank Transfer,0,Fiber optic,1
5842,28,M,29,115.68,3328.83,One year,Electronic Check,0,None,1
5843,22,M,16,20.77,356.48,One year,Electronic Check,0,DSL,0
5844,44,M,35,28.83,1056.39,One year,Credit Card,0,Fiber optic,0
5845,29,F,62,87.43,5390.62,One year,Credit Card,0,Fiber optic,1
5846,34,M,4,59.02,264.27,Month-to-month,Bank Transfer,0,Fiber optic,1
5847,23,F,68,101.91,6884.3,Month-to-month,Bank Transfer,1,Fiber optic,1
5848,50,F,51,21.2,1043.09,Month-to-month,Electronic Check,0,Fiber optic,1
5849,22,M,33,100.7,3324.61,One year,Credit Card,0,DSL,1
5850,74,F,24,33.52,854.44,One year,Credit Card,0,None,0
5851,45,F,25,49.02,1270.44,Month-to-month,Bank Transfer,0,DSL,1
5852,31,F,28,116.91,3234.67,One year,Electronic Check,0,DSL,1
5853,22,M,7,25.16,150.09,Month-to-month,Electronic Check,1,Fiber optic,1
5854,71,M,36,54.9,2020.98,One year,Credit Card,1,DSL,0
5855,73,M,10,28.45,249.57,One year,Credit Card,1,DSL,0
5856,76,M,36,105.36,3817.24,Month-to-month,Credit Card,0,DSL,1
5857,50,F,18,90.3,1575.51,One year,Credit Card,1,DSL,0
5858,79,F,6,100.03,613.35,Two year,Bank Transfer,0,Fiber optic,1
5859,67,F,7,72.73,508.57,Month-to-month,Bank Transfer,0,Fiber optic,1
5860,65,F,12,55.77,666.34,Month-to-month,Credit Card,0,DSL,1
5861,58,F,41,20.23,862.35,Month-to-month,Electronic Check,0,DSL,1
5862,36,F,63,47.79,2968.84,Month-to-month,Bank Transfer,0,Fiber optic,1
5863,39,M,25,71.46,1774.23,Month-to-month,Credit Card,0,Fiber optic,1
5864,22,F,53,86.44,4575.92,Month-to-month,Credit Card,0,Fiber optic,1
5865,76,F,33,42.89,1377.76,Month-to-month,Electronic Check,0,DSL,1
5866,19,F,6,33.89,161.91,Month-to-month,Electronic Check,0,Fiber optic,1
5867,47,M,62,40.16,2457.88,One year,Credit Card,0,Fiber optic,0
5868,64,F,66,55.41,3631.16,Month-to-month,Bank Transfer,1,Fiber optic,1
5869,56,F,9,34.84,360.17,Month-to-month,Bank Transfer,0,Fiber optic,1
5870,21,M,67,35.68,2388.12,Month-to-month,Electronic Check,0,DSL,1
5871,50,F,16,24.38,391.11,Month-to-month,Bank Transfer,0,None,1
5872,30,M,55,105.67,5832.55,One year,Bank Transfer,0,Fiber optic,1
5873,37,M,40,41.98,1697.63,Month-to-month,Bank Transfer,1,Fiber optic,1
5874,71,F,26,102.19,2657.22,Two year,Credit Card,0,Fiber optic,1
5875,24,F,38,63.83,2409.52,Month-to-month,Credit Card,0,Fiber optic,1
5876,32,M,35,83.24,2896.51,One year,Bank Transfer,1,Fiber optic,0
5877,40,F,68,27.57,1830.53,Two year,Credit Card,0,Fiber optic,0
5878,31,F,59,78.36,4663.2,Month-to-month,Electronic Check,0,Fiber optic,1
5879,40,M,14,49.0,712.94,One year,Bank Transfer,0,DSL,0
5880,36,M,47,29.52,1399.77,Month-to-month,Bank Transfer,1,DSL,0
5881,71,F,71,110.82,7857.83,Month-to-month,Electronic Check,0,DSL,1
5882,46,M,72,80.36,5794.17,One year,Bank Transfer,0,Fiber optic,1
5883,73,F,42,44.17,1853.65,Month-to-month,Bank Transfer,0,DSL,1
5884,37,F,51,61.96,3137.35,One year,Bank Transfer,0,DSL,0
5885,46,F,19,55.69,1037.97,Month-to-month,Electronic Check,0,Fiber optic,1
5886,41,F,66,90.06,5981.41,One year,Credit Card,1,DSL,0
5887,35,M,47,80.74,3808.27,Two year,Credit Card,0,Fiber optic,1
5888,27,F,65,21.98,1378.84,Two year,Bank Transfer,0,Fiber optic,0
5889,58,M,42,39.78,1653.45,Month-to-month,Credit Card,0,Fiber optic,1
5890,74,F,38,67.81,2560.77,Month-to-month,Bank Transfer,1,Fiber optic,1
5891,25,F,13,64.55,859.78,Two year,Electronic Check,0,Fiber optic,0
5892,43,M,44,71.67,3173.53,One year,Electronic Check,0,DSL,0
5893,79,F,24,91.48,2191.94,Month-to-month,Bank Transfer,0,DSL,1
5894,46,M,30,88.2,2691.1,Month-to-month,Bank Transfer,0,Fiber optic,1
5895,27,M,70,57.28,4046.82,Month-to-month,Bank Transfer,1,Fiber optic,1
5896,34,F,38,107.76,4131.5,Month-to-month,Credit Card,1,Fiber optic,1
5897,19,F,23,26.29,589.5,Month-to-month,Electronic Check,1,None,0
5898,23,F,57,78.45,4464.75,Month-to-month,Bank Transfer,1,Fiber optic,1
5899,75,F,23,114.97,2636.21,Month-to-month,Credit Card,0,DSL,1
5900,22,M,36,74.91,2690.79,Two year,Bank Transfer,1,Fiber optic,0
5901,45,F,57,65.51,3772.99,One year,Electronic Check,1,DSL,0
5902,79,F,1,33.39,8.3,Month-to-month,Electronic Check,0,DSL,1
5903,58,F,72,101.02,7303.66,Month-to-month,Electronic Check,0,Fiber optic,1
5904,22,F,3,57.38,173.54,One year,Bank Transfer,0,None,0
5905,35,F,14,90.12,1236.59,Month-to-month,Electronic Check,1,DSL,1
5906,43,M,34,39.75,1354.23,Month-to-month,Bank Transfer,0,Fiber optic,1
5907,37,F,70,24.19,1662.84,One year,Credit Card,1,Fiber optic,0
5908,58,M,69,50.55,3448.77,Month-to-month,Credit Card,0,None,1
5909,66,F,51,48.14,2488.96,Month-to-month,Credit Card,0,Fiber optic,1
5910,44,F,29,107.35,3133.08,One year,Bank Transfer,0,Fiber optic,1
5911,66,F,48,106.47,5081.06,Month-to-month,Electronic Check,0,DSL,1
5912,29,M,16,73.39,1218.47,Month-to-month,Electronic Check,1,Fiber optic,1
5913,24,F,57,21.9,1200.74,Month-to-month,Bank Transfer,0,Fiber optic,1
5914,76,M,10,42.83,411.63,Month-to-month,Credit Card,0,Fiber optic,1
5915,20,M,19,83.9,1546.27,One year,Credit Card,0,Fiber optic,1
5916,27,F,67,30.14,1983.61,One year,Bank Transfer,0,DSL,0
5917,51,M,36,90.06,3210.17,One year,Electronic Check,1,DSL,0
5918,42,F,4,21.2,115.83,Two year,Electronic Check,0,DSL,0
5919,52,F,33,88.25,2961.55,Month-to-month,Electronic Check,0,Fiber optic,1
5920,33,M,28,104.45,2961.33,Month-to-month,Electronic Check,1,None,1
5921,19,F,9,66.92,615.79,Month-to-month,Credit Card,1,Fiber optic,1
5922,77,F,6,102.91,639.75,Month-to-month,Electronic Check,1,DSL,1
5923,41,M,49,98.15,4811.63,Month-to-month,Bank Transfer,1,Fiber optic,1
5924,27,M,22,87.14,1909.33,One year,Electronic Check,0,Fiber optic,1
5925,55,M,48,64.51,3115.7,Month-to-month,Credit Card,1,Fiber optic,1
5926,39,M,21,47.19,1038.3,Month-to-month,Electronic Check,0,Fiber optic,1
5927,43,M,33,106.09,3453.86,One year,Electronic Check,0,Fiber optic,1
5928,60,M,56,84.86,4733.57,Month-to-month,Bank Transfer,0,Fiber optic,1
5929,72,F,29,99.8,2877.21,Two year,Electronic Check,0,Fiber optic,1
5930,56,M,53,75.2,3977.03,Month-to-month,Electronic Check,0,Fiber optic,1
5931,44,M,40,37.19,1500.29,Month-to-month,Bank Transfer,0,DSL,1
5932,46,F,18,117.94,2124.3,Two year,Bank Transfer,0,Fiber optic,1
5933,64,F,47,38.27,1750.56,Two year,Bank Transfer,0,None,0
5934,55,M,13,111.12,1435.72,Month-to-month,Bank Transfer,1,Fiber optic,1
5935,37,M,27,40.81,1113.81,Month-to-month,Credit Card,0,DSL,1
5936,44,F,62,57.37,3557.42,Month-to-month,Electronic Check,1,Fiber optic,1
5937,58,M,45,64.01,2917.66,Month-to-month,Electronic Check,0,DSL,1
5938,71,M,3,112.14,326.28,One year,Credit Card,0,DSL,1
5939,37,F,22,108.82,2345.3,Month-to-month,Bank Transfer,0,DSL,1
5940,61,M,27,102.32,2741.13,Month-to-month,Electronic Check,1,None,1
5941,36,F,55,57.67,3135.42,One year,Bank Transfer,0,Fiber optic,0
5942,37,M,67,20.45,1345.17,Two year,Bank Transfer,0,None,0
5943,52,F,33,88.16,2895.49,Month-to-month,Credit Card,0,Fiber optic,1
5944,64,F,2,61.1,139.87,Month-to-month,Credit Card,1,None,0
5945,19,F,46,95.71,4385.08,Month-to-month,Bank Transfer,0,Fiber optic,1
5946,47,M,33,99.49,3321.58,One year,Electronic Check,0,Fiber optic,1
5947,70,F,58,63.97,3690.22,Month-to-month,Bank Transfer,0,Fiber optic,1
5948,51,M,7,94.81,627.36,Month-to-month,Electronic Check,1,DSL,1
5949,39,F,15,103.99,1526.74,Month-to-month,Bank Transfer,0,Fiber optic,1
5950,20,F,26,112.85,2977.56,Month-to-month,Bank Transfer,0,None,1
5951,23,F,11,78.25,856.23,Month-to-month,Electronic Check,0,Fiber optic,1
5952,32,M,38,97.85,3708.61,Month-to-month,Credit Card,1,DSL,1
5953,44,M,27,69.46,1832.31,One year,Credit Card,1,DSL,0
5954,27,F,7,24.17,192.52,Month-to-month,Bank Transfer,0,Fiber optic,1
5955,26,M,1,35.52,54.99,Two year,Electronic Check,0,DSL,0
5956,50,M,21,32.82,676.79,Month-to-month,Credit Card,1,None,0
5957,49,M,30,37.18,1134.58,Month-to-month,Electronic Check,1,Fiber optic,1
5958,65,F,8,21.02,154.91,Month-to-month,Credit Card,0,None,1
5959,23,M,3,105.87,274.93,Month-to-month,Electronic Check,0,Fiber optic,1
5960,58,F,55,76.01,4204.36,Month-to-month,Bank Transfer,0,Fiber optic,1
5961,76,F,15,58.32,921.32,Month-to-month,Electronic Check,1,DSL,0
5962,53,F,36,60.98,2210.11,Month-to-month,Bank Transfer,0,DSL,1
5963,76,M,6,66.34,375.69,Month-to-month,Credit Card,0,Fiber optic,1
5964,77,F,42,27.39,1127.37,One year,Electronic Check,0,DSL,0
5965,19,M,50,47.47,2416.4,One year,Credit Card,0,Fiber optic,0
5966,46,M,18,105.16,1873.21,Month-to-month,Credit Card,0,DSL,1
5967,21,F,50,94.37,4745.32,One year,Bank Transfer,1,Fiber optic,0
5968,18,F,30,76.34,2304.49,One year,Electronic Check,0,Fiber optic,0
5969,36,F,39,68.07,2663.99,One year,Bank Transfer,1,None,0
5970,43,M,12,45.9,518.91,Month-to-month,Electronic Check,1,Fiber optic,1
5971,42,M,59,67.13,3914.11,Month-to-month,Credit Card,0,Fiber optic,1
5972,27,F,44,79.79,3509.63,Month-to-month,Credit Card,0,Fiber optic,1
5973,70,F,4,91.26,413.86,Month-to-month,Electronic Check,0,Fiber optic,1
5974,32,M,36,36.66,1289.34,Month-to-month,Credit Card,0,Fiber optic,1
5975,76,M,48,101.31,4866.57,Month-to-month,Credit Card,0,None,1
5976,39,F,14,54.58,781.22,Month-to-month,Bank Transfer,0,Fiber optic,1
5977,68,M,49,70.33,3444.54,Month-to-month,Credit Card,1,None,0
5978,65,M,67,80.79,5413.62,One year,Credit Card,1,Fiber optic,0
5979,38,M,9,68.81,635.41,Month-to-month,Credit Card,1,None,0
5980,76,M,21,77.2,1652.69,Month-to-month,Electronic Check,0,Fiber optic,1
5981,73,M,72,31.15,2226.13,Two year,Credit Card,0,None,0
5982,39,M,16,63.22,1051.45,Month-to-month,Bank Transfer,0,DSL,1
5983,53,F,16,48.05,767.29,Two year,Bank Transfer,1,Fiber optic,0
5984,51,M,28,28.6,816.99,One year,Bank Transfer,0,None,0
5985,47,F,51,39.16,1957.81,Month-to-month,Bank Transfer,0,DSL,1
5986,42,F,56,80.24,4492.69,Month-to-month,Credit Card,0,None,1
5987,62,M,57,39.67,2212.8,Month-to-month,Bank Transfer,0,DSL,1
5988,45,F,52,38.11,1970.82,Two year,Electronic Check,0,None,0
5989,18,F,46,75.28,3418.33,Two year,Electronic Check,1,DSL,0
5990,66,F,38,110.47,4237.56,Month-to-month,Credit Card,0,Fiber optic,1
5991,62,M,48,98.87,4763.04,Month-to-month,Electronic Check,1,DSL,1
5992,21,F,41,110.51,4560.1,Month-to-month,Electronic Check,0,DSL,1
5993,24,M,59,78.3,4616.47,Month-to-month,Credit Card,0,Fiber optic,1
5994,66,F,67,60.99,4121.52,Two year,Credit Card,1,DSL,0
5995,26,F,66,92.96,6172.66,Two year,Bank Transfer,0,Fiber optic,1
5996,53,F,27,46.14,1231.46,Month-to-month,Bank Transfer,1,Fiber optic,1
5997,36,F,32,27.81,877.61,Month-to-month,Credit Card,0,None,1
5998,18,M,56,54.46,3050.58,Month-to-month,Electronic Check,0,Fiber optic,1
5999,27,F,10,49.92,453.42,Month-to-month,Credit Card,0,Fiber optic,1
6000,53,F,40,87.55,3551.58,Two year,Bank Transfer,1,DSL,0
6001,26,M,17,75.14,1263.3,One year,Credit Card,1,DSL,0
6002,62,M,58,33.83,1959.22,Month-to-month,Credit Card,0,Fiber optic,1
6003,63,M,6,110.85,690.58,Month-to-month,Electronic Check,1,None,1
6004,59,F,39,79.33,3073.62,Two year,Credit Card,1,DSL,0
6005,49,M,18,65.77,1154.02,One year,Bank Transfer,0,DSL,0
6006,49,M,72,113.72,8150.59,Month-to-month,Credit Card,0,Fiber optic,1
6007,23,M,42,29.73,1251.46,Month-to-month,Electronic Check,0,Fiber optic,1
6008,65,M,4,98.96,346.39,Month-to-month,Credit Card,1,Fiber optic,1
6009,55,M,20,56.47,1150.35,Month-to-month,Electronic Check,0,Fiber optic,1
6010,34,M,28,89.54,2503.26,Month-to-month,Credit Card,1,DSL,1
6011,27,F,40,113.07,4525.98,Month-to-month,Electronic Check,1,Fiber optic,1
6012,67,M,65,71.77,4641.37,One year,Credit Card,1,DSL,0
6013,44,F,44,22.26,947.27,One year,Credit Card,0,None,0
6014,71,M,23,22.88,546.24,Month-to-month,Credit Card,0,Fiber optic,1
6015,67,M,57,53.06,2995.45,Month-to-month,Credit Card,1,Fiber optic,1
6016,52,M,47,98.17,4642.0,One year,Credit Card,0,Fiber optic,1
6017,69,F,13,48.83,605.16,Month-to-month,Bank Transfer,1,DSL,0
6018,76,M,16,53.45,866.47,Two year,Bank Transfer,0,Fiber optic,0
6019,38,M,55,98.45,5429.14,Month-to-month,Credit Card,1,DSL,1
6020,42,M,65,31.62,2055.86,Month-to-month,Electronic Check,0,Fiber optic,1
6021,45,M,16,104.68,1724.56,Month-to-month,Electronic Check,0,DSL,1
6022,64,F,37,46.58,1711.04,One year,Bank Transfer,0,Fiber optic,0
6023,32,F,52,25.12,1344.57,Month-to-month,Bank Transfer,1,Fiber optic,1
6024,21,F,10,31.73,284.22,Two year,Bank Transfer,1,Fiber optic,0
6025,46,F,38,115.26,4363.6,One year,Electronic Check,0,None,1
6026,76,F,44,65.13,2830.26,Two year,Bank Transfer,1,Fiber optic,0
6027,26,M,54,45.64,2474.92,Two year,Bank Transfer,0,DSL,0
6028,44,M,51,72.13,3692.46,Month-to-month,Bank Transfer,1,Fiber optic,1
6029,43,M,52,88.23,4583.31,Month-to-month,Credit Card,1,DSL,1
6030,36,F,70,51.88,3653.62,Month-to-month,Credit Card,0,Fiber optic,1
6031,73,M,59,92.53,5496.04,Month-to-month,Bank Transfer,1,DSL,1
6032,45,F,13,45.23,615.65,Month-to-month,Electronic Check,0,Fiber optic,1
6033,34,M,41,31.23,1254.6,Two year,Credit Card,0,DSL,0
6034,60,F,12,74.97,881.68,Two year,Bank Transfer,1,DSL,0
6035,74,M,50,35.11,1743.53,One year,Credit Card,0,DSL,0
6036,58,M,57,114.05,6471.23,Month-to-month,Electronic Check,1,Fiber optic,1
6037,59,M,50,20.04,988.12,One year,Bank Transfer,0,Fiber optic,0
6038,67,M,57,95.57,5421.29,One year,Bank Transfer,1,DSL,0
6039,37,F,54,47.95,2638.87,Month-to-month,Credit Card,0,Fiber optic,1
6040,62,M,66,104.61,6932.59,Month-to-month,Bank Transfer,0,None,1
6041,57,M,8,26.02,244.16,Month-to-month,Credit Card,1,DSL,0
6042,56,M,63,115.3,7306.11,Month-to-month,Electronic Check,0,Fiber optic,1
6043,66,F,9,30.14,287.76,Month-to-month,Credit Card,1,Fiber optic,1
6044,70,M,60,98.79,5895.0,One year,Bank Transfer,1,Fiber optic,1
6045,40,M,63,71.73,4544.84,Month-to-month,Electronic Check,0,Fiber optic,1
6046,64,M,72,63.04,4490.44,Two year,Electronic Check,0,Fiber optic,0
6047,49,M,3,48.02,105.38,Two year,Electronic Check,0,Fiber optic,0
6048,69,M,13,104.14,1306.78,Month-to-month,Credit Card,1,Fiber optic,1
6049,64,F,9,39.98,323.36,Month-to-month,Electronic Check,0,Fiber optic,1
6050,50,F,52,92.12,4815.44,One year,Bank Transfer,0,DSL,1
6051,74,F,62,64.58,4042.51,Month-to-month,Electronic Check,0,Fiber optic,1
6052,63,M,8,119.85,936.68,Month-to-month,Electronic Check,0,Fiber optic,1
6053,22,F,45,81.14,3613.21,Month-to-month,Credit Card,0,Fiber optic,1
6054,60,M,53,30.42,1589.56,Two year,Credit Card,1,None,0
6055,65,M,63,61.95,3917.56,Month-to-month,Bank Transfer,0,None,1
6056,51,M,57,26.63,1502.93,Month-to-month,Bank Transfer,0,DSL,1
6057,57,M,54,48.57,2668.89,Month-to-month,Credit Card,0,Fiber optic,1
6058,28,F,19,54.33,995.37,One year,Electronic Check,0,DSL,0
6059,78,F,67,105.32,7105.47,Month-to-month,Credit Card,0,Fiber optic,1
6060,67,F,46,103.8,4726.05,One year,Credit Card,1,Fiber optic,1
6061,20,M,10,21.16,206.77,Month-to-month,Credit Card,0,DSL,1
6062,79,F,18,73.23,1293.32,One year,Bank Transfer,0,Fiber optic,0
6063,75,F,12,42.35,514.83,One year,Bank Transfer,1,DSL,0
6064,50,M,49,52.01,2508.15,Month-to-month,Bank Transfer,0,DSL,1
6065,28,F,23,22.17,547.49,One year,Bank Transfer,1,Fiber optic,0
6066,33,M,62,94.97,5851.79,One year,Electronic Check,0,Fiber optic,1
6067,35,F,11,115.06,1274.4,One year,Bank Transfer,0,Fiber optic,1
6068,47,F,56,41.93,2301.41,Month-to-month,Bank Transfer,0,Fiber optic,1
6069,65,F,55,54.18,2961.0,One year,Electronic Check,1,Fiber optic,0
6070,72,M,25,40.64,980.97,Month-to-month,Electronic Check,0,Fiber optic,1
6071,27,F,9,113.0,1064.78,One year,Credit Card,0,DSL,1
6072,35,F,12,20.94,202.48,Month-to-month,Electronic Check,0,None,1
6073,55,F,11,78.39,847.53,One year,Electronic Check,0,Fiber optic,0
6074,36,F,38,107.08,4049.32,Month-to-month,Bank Transfer,0,None,1
6075,53,M,28,38.63,1097.38,Month-to-month,Bank Transfer,1,Fiber optic,1
6076,76,M,8,79.0,587.64,One year,Bank Transfer,1,Fiber optic,0
6077,30,F,47,25.06,1208.88,Month-to-month,Bank Transfer,1,Fiber optic,1
6078,73,F,36,101.46,3649.21,Month-to-month,Electronic Check,0,Fiber optic,1
6079,63,F,50,47.44,2367.28,Two year,Bank Transfer,0,Fiber optic,0
6080,20,M,9,118.88,1042.6,Month-to-month,Bank Transfer,0,None,1
6081,27,F,60,112.2,6731.0,Month-to-month,Credit Card,0,Fiber optic,1
6082,55,F,72,93.25,6700.39,Two year,Electronic Check,0,Fiber optic,1
6083,18,M,67,69.68,4643.07,Month-to-month,Electronic Check,1,Fiber optic,1
6084,72,M,53,96.66,5089.85,Month-to-month,Electronic Check,0,Fiber optic,1
6085,73,M,17,33.06,584.85,One year,Credit Card,0,DSL,0
6086,44,F,53,51.02,2668.26,Two year,Electronic Check,1,Fiber optic,0
6087,63,M,28,22.69,602.12,One year,Electronic Check,0,Fiber optic,0
6088,25,M,63,84.5,5331.21,Two year,Bank Transfer,0,Fiber optic,1
6089,68,F,15,100.55,1480.86,Month-to-month,Electronic Check,0,Fiber optic,1
6090,63,M,19,114.63,2173.91,Month-to-month,Bank Transfer,0,DSL,1
6091,59,F,70,88.65,6210.79,One year,Credit Card,0,Fiber optic,1
6092,34,F,47,93.21,4358.31,One year,Bank Transfer,0,DSL,1
6093,26,M,71,109.55,7762.41,One year,Credit Card,0,DSL,1
6094,78,F,48,113.64,5425.74,One year,Credit Card,0,DSL,1
6095,23,M,20,69.13,1378.64,Two year,Credit Card,0,Fiber optic,0
6096,60,M,37,30.98,1195.5,Month-to-month,Bank Transfer,1,Fiber optic,1
6097,42,M,2,66.64,119.55,Two year,Credit Card,0,DSL,0
6098,56,F,64,75.61,4854.37,One year,Bank Transfer,0,DSL,0
6099,66,M,36,83.15,3006.99,Month-to-month,Bank Transfer,1,Fiber optic,1
6100,77,F,5,118.93,623.3,Month-to-month,Bank Transfer,0,None,1
6101,45,F,64,111.76,7173.83,One year,Credit Card,1,DSL,0
6102,50,F,7,59.64,368.66,One year,Bank Transfer,0,Fiber optic,0
6103,71,M,70,31.35,2175.42,One year,Bank Transfer,1,Fiber optic,0
6104,54,F,22,41.48,949.58,One year,Credit Card,0,Fiber optic,0
6105,26,F,46,37.38,1723.44,Month-to-month,Bank Transfer,0,DSL,1
6106,35,M,40,55.6,2184.42,Two year,Credit Card,0,Fiber optic,0
6107,73,M,61,107.65,6544.26,One year,Credit Card,1,Fiber optic,0
6108,76,F,46,63.8,2913.14,Month-to-month,Credit Card,0,DSL,1
6109,38,F,28,76.73,2185.76,One year,Bank Transfer,0,DSL,0
6110,19,M,35,37.92,1332.54,Month-to-month,Bank Transfer,0,DSL,1
6111,78,F,1,69.28,80.11,Month-to-month,Electronic Check,1,DSL,0
6112,75,F,29,107.36,3100.15,One year,Electronic Check,0,Fiber optic,1
6113,60,F,9,97.35,832.18,One year,Electronic Check,0,DSL,1
6114,76,F,9,28.12,210.6,One year,Credit Card,0,DSL,0
6115,77,M,22,106.21,2328.66,One year,Electronic Check,1,Fiber optic,1
6116,55,F,63,47.38,2952.69,Month-to-month,Bank Transfer,0,Fiber optic,1
6117,75,M,66,86.57,5674.05,Month-to-month,Credit Card,0,None,1
6118,57,F,58,34.64,1985.34,Two year,Credit Card,0,Fiber optic,0
6119,53,M,70,87.46,6146.4,Month-to-month,Bank Transfer,1,DSL,1
6120,67,F,55,23.57,1253.65,Month-to-month,Electronic Check,0,None,1
6121,77,M,13,80.06,1035.6,One year,Electronic Check,0,DSL,1
6122,60,F,19,84.59,1639.82,Month-to-month,Bank Transfer,1,Fiber optic,1
6123,54,M,33,44.45,1443.64,Two year,Bank Transfer,1,DSL,0
6124,32,F,65,113.7,7370.69,Month-to-month,Electronic Check,0,None,1
6125,45,F,60,24.6,1514.42,One year,Bank Transfer,1,Fiber optic,0
6126,35,M,12,109.17,1325.04,One year,Electronic Check,1,Fiber optic,0
6127,51,M,43,58.19,2531.94,Month-to-month,Bank Transfer,0,DSL,1
6128,39,M,17,91.39,1532.55,One year,Electronic Check,0,DSL,1
6129,28,M,68,85.15,5839.88,Month-to-month,Bank Transfer,1,Fiber optic,1
6130,75,M,29,36.82,1031.87,Month-to-month,Credit Card,0,Fiber optic,1
6131,74,F,55,51.9,2900.69,Two year,Credit Card,0,Fiber optic,0
6132,30,M,7,72.97,551.0,One year,Credit Card,1,Fiber optic,0
6133,21,M,44,104.65,4609.79,One year,Bank Transfer,1,DSL,0
6134,39,F,5,115.49,585.98,Two year,Electronic Check,1,None,0
6135,24,M,60,22.06,1351.1,Month-to-month,Electronic Check,1,DSL,0
6136,78,M,6,55.26,312.24,One year,Electronic Check,0,DSL,0
6137,60,M,7,86.81,610.42,One year,Credit Card,0,Fiber optic,1
6138,71,F,46,72.77,3387.66,Two year,Credit Card,0,Fiber optic,0
6139,41,M,57,114.3,6471.92,Month-to-month,Electronic Check,1,DSL,1
6140,21,F,54,21.7,1212.35,Two year,Bank Transfer,1,Fiber optic,0
6141,45,F,46,63.77,2956.3,One year,Bank Transfer,1,None,0
6142,32,M,10,86.88,895.78,Month-to-month,Electronic Check,0,Fiber optic,1
6143,18,F,4,41.76,123.51,Month-to-month,Electronic Check,0,DSL,1
6144,72,M,67,92.59,6172.31,Month-to-month,Bank Transfer,0,DSL,1
6145,20,M,25,28.12,745.53,One year,Electronic Check,0,DSL,0
6146,31,M,61,65.1,3933.51,Month-to-month,Bank Transfer,1,Fiber optic,1
6147,55,M,38,87.62,3342.68,Two year,Bank Transfer,0,DSL,1
6148,67,M,32,46.68,1522.03,Month-to-month,Credit Card,0,Fiber optic,1
6149,74,F,23,27.38,602.87,Month-to-month,Credit Card,0,DSL,1
6150,18,F,37,115.7,4300.78,Two year,Credit Card,0,Fiber optic,1
6151,55,F,3,111.38,290.7,Month-to-month,Electronic Check,1,Fiber optic,1
6152,55,F,13,112.64,1464.2,One year,Bank Transfer,0,Fiber optic,1
6153,38,M,34,117.85,3990.34,Month-to-month,Electronic Check,0,DSL,1
6154,65,M,65,38.47,2515.12,Month-to-month,Electronic Check,0,Fiber optic,1
6155,46,F,8,35.78,325.14,Month-to-month,Electronic Check,1,DSL,0
6156,22,M,9,23.42,173.33,Two year,Bank Transfer,0,None,0
6157,66,F,28,109.18,3052.07,Month-to-month,Credit Card,0,Fiber optic,1
6158,27,F,18,95.28,1707.36,One year,Bank Transfer,0,Fiber optic,1
6159,45,F,42,83.33,3482.24,Month-to-month,Bank Transfer,0,Fiber optic,1
6160,38,F,41,112.77,4621.59,Month-to-month,Electronic Check,1,Fiber optic,1
6161,67,M,70,77.51,5463.77,Two year,Electronic Check,1,DSL,0
6162,24,M,33,32.97,1135.38,Month-to-month,Credit Card,0,Fiber optic,1
6163,20,F,54,37.69,1985.54,Two year,Bank Transfer,0,DSL,0
6164,62,F,36,33.22,1219.82,Two year,Credit Card,0,Fiber optic,0
6165,64,F,56,50.77,2854.63,Month-to-month,Electronic Check,1,None,0
6166,37,F,17,57.95,1034.6,Month-to-month,Electronic Check,0,DSL,1
6167,36,F,10,99.68,955.79,Month-to-month,Credit Card,0,DSL,1
6168,52,M,44,39.13,1752.85,Month-to-month,Credit Card,0,DSL,1
6169,21,F,2,92.54,228.47,Month-to-month,Bank Transfer,0,Fiber optic,1
6170,22,F,14,69.12,1008.89,Two year,Credit Card,0,Fiber optic,0
6171,18,M,41,119.97,4924.83,Month-to-month,Credit Card,0,DSL,1
6172,21,M,2,97.66,178.08,Month-to-month,Bank Transfer,0,DSL,1
6173,29,M,19,116.9,2235.09,One year,Electronic Check,1,Fiber optic,0
6174,77,M,1,54.24,34.85,One year,Bank Transfer,0,Fiber optic,0
6175,44,M,2,32.31,55.85,Month-to-month,Electronic Check,0,Fiber optic,1
6176,73,M,27,70.59,1900.5,Month-to-month,Electronic Check,0,Fiber optic,1
6177,59,M,2,32.42,45.04,Month-to-month,Credit Card,0,Fiber optic,1
6178,40,M,51,69.25,3515.93,Month-to-month,Credit Card,0,DSL,1
6179,42,M,10,46.99,420.63,Month-to-month,Credit Card,1,None,0
6180,38,F,19,69.1,1292.61,One year,Credit Card,1,Fiber optic,0
6181,78,M,13,114.96,1491.71,Month-to-month,Credit Card,1,DSL,1
6182,75,F,48,48.9,2314.5,One year,Electronic Check,0,None,0
6183,69,F,56,119.34,6713.6,Month-to-month,Bank Transfer,0,None,1
6184,41,F,72,42.93,3094.72,One year,Credit Card,0,DSL,0
6185,42,F,56,40.81,2314.75,Month-to-month,Electronic Check,0,Fiber optic,1
6186,62,F,50,74.48,3686.81,Month-to-month,Credit Card,1,DSL,0
6187,72,F,45,104.2,4721.05,Month-to-month,Bank Transfer,0,Fiber optic,1
6188,63,F,59,94.95,5647.88,Month-to-month,Electronic Check,0,Fiber optic,1
6189,49,F,39,92.35,3586.9,One year,Bank Transfer,0,None,1
6190,72,M,21,48.26,991.86,One year,Credit Card,1,Fiber optic,0
6191,49,F,55,22.25,1238.43,Two year,Electronic Check,0,Fiber optic,0
6192,22,F,57,36.17,2075.28,Month-to-month,Bank Transfer,0,Fiber optic,1
6193,53,F,41,54.95,2214.2,Two year,Credit Card,0,DSL,0
6194,63,F,70,117.17,8244.58,Month-to-month,Credit Card,0,Fiber optic,1
6195,59,M,49,111.98,5484.93,Month-to-month,Electronic Check,0,Fiber optic,1
6196,66,F,44,40.06,1789.08,Month-to-month,Credit Card,0,None,1
6197,59,M,35,92.56,3225.53,Month-to-month,Bank Transfer,0,Fiber optic,1
6198,75,M,5,77.9,365.65,Month-to-month,Credit Card,0,Fiber optic,1
6199,56,F,71,24.98,1734.71,Two year,Bank Transfer,0,Fiber optic,0
6200,33,F,51,57.17,2893.12,Month-to-month,Bank Transfer,0,DSL,1
6201,50,M,57,68.61,3960.11,Month-to-month,Bank Transfer,1,Fiber optic,1
6202,66,F,58,86.76,5047.88,Month-to-month,Bank Transfer,1,Fiber optic,1
6203,38,F,36,49.49,1811.92,Month-to-month,Electronic Check,0,Fiber optic,1
6204,78,M,10,113.38,1179.65,Two year,Bank Transfer,0,None,1
6205,26,M,50,65.19,3217.4,Month-to-month,Electronic Check,1,None,0
6206,23,F,37,44.85,1625.92,Month-to-month,Electronic Check,1,None,0
6207,68,F,20,51.64,1075.6,Two year,Electronic Check,0,Fiber optic,0
6208,62,F,13,95.19,1243.93,Month-to-month,Credit Card,0,Fiber optic,1
6209,52,M,19,84.03,1610.05,Month-to-month,Bank Transfer,1,Fiber optic,1
6210,56,F,56,94.22,5269.08,One year,Credit Card,0,DSL,1
6211,39,M,45,49.23,2246.79,Month-to-month,Bank Transfer,1,Fiber optic,1
6212,58,M,60,52.68,3162.52,One year,Electronic Check,0,Fiber optic,0
6213,71,F,68,59.67,4090.17,Month-to-month,Credit Card,0,Fiber optic,1
6214,22,M,57,38.86,2264.24,Month-to-month,Credit Card,1,Fiber optic,1
6215,59,F,54,89.1,4826.07,Month-to-month,Electronic Check,0,DSL,1
6216,40,F,37,52.93,1961.29,Two year,Electronic Check,0,Fiber optic,0
6217,34,M,37,52.62,1933.46,Month-to-month,Electronic Check,0,DSL,1
6218,29,F,14,46.94,626.63,Two year,Credit Card,1,DSL,0
6219,40,M,44,65.28,2887.99,Month-to-month,Electronic Check,1,Fiber optic,1
6220,33,M,42,97.2,4038.66,One year,Credit Card,0,Fiber optic,1
6221,20,F,1,103.56,149.19,One year,Bank Transfer,1,Fiber optic,0
6222,47,F,23,100.45,2325.11,Month-to-month,Electronic Check,0,DSL,1
6223,74,F,64,82.12,5301.62,Month-to-month,Credit Card,0,Fiber optic,1
6224,39,F,28,48.04,1322.35,One year,Electronic Check,1,Fiber optic,0
6225,26,M,4,93.49,418.61,Month-to-month,Electronic Check,1,Fiber optic,1
6226,46,M,41,23.94,992.75,One year,Credit Card,0,DSL,0
6227,64,M,60,99.82,6020.23,Month-to-month,Credit Card,0,Fiber optic,1
6228,54,F,18,98.02,1732.25,Month-to-month,Credit Card,0,DSL,1
6229,40,M,63,87.0,5481.01,Month-to-month,Electronic Check,0,DSL,1
6230,30,M,61,29.79,1824.09,Month-to-month,Bank Transfer,0,DSL,1
6231,49,F,49,119.73,5856.06,Month-to-month,Bank Transfer,0,DSL,1
6232,63,F,47,95.64,4470.4,Month-to-month,Electronic Check,1,Fiber optic,1
6233,69,F,39,93.48,3686.2,Two year,Electronic Check,0,DSL,1
6234,64,M,6,26.4,116.91,Month-to-month,Credit Card,0,Fiber optic,1
6235,65,F,53,59.87,3138.51,Month-to-month,Bank Transfer,0,Fiber optic,1
6236,40,M,25,28.62,697.55,One year,Bank Transfer,0,Fiber optic,0
6237,62,M,65,56.1,3688.48,Month-to-month,Bank Transfer,0,Fiber optic,1
6238,34,M,5,77.05,391.67,Two year,Credit Card,1,Fiber optic,0
6239,72,M,65,107.89,7000.17,Month-to-month,Bank Transfer,0,Fiber optic,1
6240,57,M,8,48.29,376.59,Two year,Credit Card,0,DSL,0
6241,38,F,39,82.34,3245.04,Month-to-month,Electronic Check,0,Fiber optic,1
6242,19,M,43,36.47,1520.89,Month-to-month,Credit Card,0,Fiber optic,1
6243,54,F,5,55.4,228.13,One year,Electronic Check,1,None,0
6244,23,M,4,114.72,413.49,Month-to-month,Bank Transfer,1,Fiber optic,1
6245,61,M,1,94.76,91.68,One year,Electronic Check,0,DSL,1
6246,35,F,56,74.58,4184.6,Month-to-month,Electronic Check,0,DSL,1
6247,47,M,45,45.17,2045.1,Month-to-month,Electronic Check,0,Fiber optic,1
6248,39,M,65,57.97,3791.16,Month-to-month,Credit Card,0,Fiber optic,1
6249,71,F,3,35.67,75.98,Month-to-month,Credit Card,0,DSL,1
6250,50,F,22,55.35,1193.93,Month-to-month,Credit Card,1,Fiber optic,1
6251,47,M,72,35.06,2498.67,One year,Electronic Check,0,Fiber optic,0
6252,34,M,56,99.53,5538.6,One year,Electronic Check,1,Fiber optic,0
6253,79,M,18,28.08,479.88,Two year,Electronic Check,0,DSL,0
6254,60,F,25,38.94,984.87,Month-to-month,Bank Transfer,0,Fiber optic,1
6255,49,M,48,89.12,4264.4,Month-to-month,Credit Card,0,Fiber optic,1
6256,59,F,31,110.25,3444.54,Month-to-month,Bank Transfer,0,None,1
6257,68,F,30,116.46,3497.44,Two year,Bank Transfer,0,DSL,1
6258,31,M,66,103.6,6808.8,Month-to-month,Bank Transfer,0,Fiber optic,1
6259,75,F,10,41.15,408.24,Month-to-month,Electronic Check,0,DSL,1
6260,27,M,71,48.57,3457.81,Month-to-month,Credit Card,1,DSL,0
6261,64,M,59,107.08,6354.34,Month-to-month,Bank Transfer,1,Fiber optic,1
6262,77,F,51,108.93,5588.8,One year,Credit Card,0,DSL,1
6263,68,F,9,84.07,749.28,One year,Credit Card,0,DSL,1
6264,53,F,54,51.36,2788.21,Two year,Electronic Check,1,Fiber optic,0
6265,51,F,62,42.41,2609.2,Month-to-month,Bank Transfer,1,Fiber optic,1
6266,26,F,9,105.23,960.37,Month-to-month,Electronic Check,0,Fiber optic,1
6267,59,F,9,40.53,406.05,Month-to-month,Credit Card,0,DSL,1
6268,45,M,24,86.18,2080.77,Month-to-month,Bank Transfer,0,None,1
6269,28,M,39,116.8,4535.58,Two year,Credit Card,1,DSL,0
6270,31,M,8,90.53,738.64,Month-to-month,Credit Card,1,None,1
6271,56,F,25,45.77,1184.53,One year,Electronic Check,1,Fiber optic,0
6272,72,F,66,48.25,3148.2,Two year,Bank Transfer,0,DSL,0
6273,64,F,10,29.29,291.14,Month-to-month,Electronic Check,1,DSL,0
6274,71,M,24,88.62,2108.99,Month-to-month,Electronic Check,0,Fiber optic,1
6275,36,M,59,71.84,4212.71,Month-to-month,Credit Card,1,None,0
6276,71,F,31,40.65,1249.77,Month-to-month,Bank Transfer,0,Fiber optic,1
6277,32,F,11,42.77,459.87,Month-to-month,Bank Transfer,0,None,1
6278,79,F,6,20.9,96.44,Month-to-month,Bank Transfer,0,Fiber optic,1
6279,45,F,70,117.84,8239.16,Month-to-month,Electronic Check,0,Fiber optic,1
6280,41,M,32,102.8,3302.97,One year,Electronic Check,0,Fiber optic,1
6281,25,M,39,59.42,2269.95,One year,Electronic Check,0,DSL,0
6282,60,M,48,114.61,5550.2,Month-to-month,Credit Card,1,DSL,1
6283,78,F,13,87.71,1119.82,Month-to-month,Electronic Check,0,DSL,1
6284,26,M,59,95.15,5626.21,Month-to-month,Bank Transfer,0,Fiber optic,1
6285,64,F,67,88.0,5874.35,Month-to-month,Credit Card,0,Fiber optic,1
6286,50,F,56,95.68,5347.43,Two year,Bank Transfer,0,Fiber optic,1
6287,79,F,41,37.09,1525.61,Two year,Electronic Check,0,Fiber optic,0
6288,50,M,56,76.24,4280.63,Month-to-month,Bank Transfer,0,Fiber optic,1
6289,36,M,35,104.94,3699.95,Month-to-month,Credit Card,0,DSL,1
6290,20,F,38,21.95,863.27,Month-to-month,Electronic Check,1,DSL,0
6291,27,M,67,32.34,2168.65,Month-to-month,Credit Card,0,Fiber optic,1
6292,57,F,34,44.56,1472.61,One year,Electronic Check,0,Fiber optic,0
6293,64,F,70,49.47,3468.68,One year,Credit Card,1,Fiber optic,0
6294,59,F,11,38.27,418.73,Two year,Credit Card,0,None,0
6295,18,M,27,82.43,2197.15,Two year,Bank Transfer,0,Fiber optic,1
6296,46,M,48,49.4,2322.22,Month-to-month,Electronic Check,1,Fiber optic,1
6297,67,F,24,35.81,841.04,Month-to-month,Electronic Check,0,DSL,1
6298,51,M,18,110.58,1966.39,Month-to-month,Electronic Check,0,DSL,1
6299,68,M,27,89.5,2414.79,One year,Credit Card,0,DSL,1
6300,30,M,54,44.61,2435.1,Month-to-month,Bank Transfer,0,Fiber optic,1
6301,71,M,55,56.1,3079.4,Month-to-month,Bank Transfer,0,Fiber optic,1
6302,18,F,21,94.08,2020.84,Month-to-month,Electronic Check,1,DSL,1
6303,51,M,59,99.09,5818.44,Month-to-month,Electronic Check,1,None,1
6304,46,F,34,37.64,1251.86,Month-to-month,Credit Card,0,Fiber optic,1
6305,65,F,58,113.66,6602.72,Two year,Credit Card,0,Fiber optic,1
6306,64,M,48,98.53,4769.07,One year,Credit Card,0,None,1
6307,30,F,54,105.68,5723.91,Month-to-month,Bank Transfer,0,DSL,1
6308,65,F,18,34.39,636.39,Month-to-month,Credit Card,0,Fiber optic,1
6309,66,M,3,34.34,133.65,One year,Credit Card,0,Fiber optic,0
6310,70,F,24,50.54,1229.83,Month-to-month,Credit Card,1,None,0
6311,78,F,1,26.46,52.39,One year,Electronic Check,1,Fiber optic,0
6312,46,M,6,29.11,211.27,Month-to-month,Credit Card,0,DSL,1
6313,56,M,19,34.32,602.87,One year,Electronic Check,1,DSL,0
6314,41,M,43,91.24,3961.88,One year,Bank Transfer,1,DSL,0
6315,43,M,8,23.02,155.69,Two year,Bank Transfer,1,DSL,0
6316,34,M,69,28.32,1995.29,Month-to-month,Electronic Check,0,Fiber optic,1
6317,24,F,52,114.42,5926.46,Month-to-month,Electronic Check,0,DSL,1
6318,30,F,47,28.37,1328.91,Month-to-month,Credit Card,0,Fiber optic,1
6319,22,M,28,73.75,2108.39,Month-to-month,Credit Card,1,Fiber optic,1
6320,43,M,46,84.26,3836.93,Month-to-month,Bank Transfer,0,Fiber optic,1
6321,66,F,4,115.86,487.97,Month-to-month,Bank Transfer,0,Fiber optic,1
6322,20,M,8,109.98,869.08,Month-to-month,Bank Transfer,1,DSL,1
6323,24,M,61,64.07,3860.68,Two year,Bank Transfer,0,Fiber optic,0
6324,75,F,17,114.22,1985.65,Month-to-month,Credit Card,1,Fiber optic,1
6325,66,F,34,63.23,2111.6,One year,Credit Card,0,Fiber optic,0
6326,56,F,20,86.99,1767.21,Month-to-month,Bank Transfer,0,DSL,1
6327,70,M,34,45.96,1551.07,Month-to-month,Credit Card,0,DSL,1
6328,18,F,43,83.66,3628.44,Month-to-month,Credit Card,0,None,1
6329,66,M,10,73.82,763.23,One year,Electronic Check,0,DSL,0
6330,79,F,30,80.68,2433.72,Month-to-month,Electronic Check,0,Fiber optic,1
6331,34,M,25,88.27,2250.67,Month-to-month,Bank Transfer,1,DSL,1
6332,60,M,57,37.35,2088.84,Month-to-month,Bank Transfer,1,DSL,0
6333,42,M,63,50.13,3188.05,One year,Bank Transfer,0,DSL,0
6334,76,F,71,93.62,6664.1,Month-to-month,Bank Transfer,0,DSL,1
6335,78,F,47,36.38,1691.33,Month-to-month,Bank Transfer,0,Fiber optic,1
6336,20,F,3,54.42,167.86,Month-to-month,Credit Card,0,Fiber optic,1
6337,32,M,46,86.65,4000.36,One year,Electronic Check,0,Fiber optic,1
6338,46,F,36,113.77,4119.35,Month-to-month,Electronic Check,0,Fiber optic,1
6339,70,F,26,27.53,684.49,One year,Electronic Check,0,DSL,0
6340,60,M,10,71.66,676.81,Month-to-month,Credit Card,0,None,1
6341,49,M,34,28.19,918.67,Two year,Credit Card,0,None,0
6342,43,F,8,57.91,442.67,One year,Credit Card,1,DSL,0
6343,77,F,55,37.54,2030.12,One year,Electronic Check,0,Fiber optic,0
6344,33,F,10,84.94,852.96,Month-to-month,Electronic Check,1,Fiber optic,1
6345,42,M,57,95.78,5453.16,Month-to-month,Electronic Check,0,Fiber optic,1
6346,71,F,45,44.73,2052.16,One year,Electronic Check,0,Fiber optic,0
6347,45,M,50,91.29,4586.24,One year,Electronic Check,0,None,1
6348,26,M,64,64.68,4110.1,One year,Credit Card,1,Fiber optic,0
6349,73,F,2,48.36,51.29,Month-to-month,Credit Card,0,Fiber optic,1
6350,73,F,45,72.34,3276.22,Month-to-month,Electronic Check,0,Fiber optic,1
6351,18,M,62,57.97,3628.72,Month-to-month,Credit Card,1,DSL,0
6352,46,M,14,43.0,622.1,Month-to-month,Electronic Check,0,DSL,1
6353,74,F,15,95.68,1449.58,Month-to-month,Electronic Check,0,Fiber optic,1
6354,39,F,14,99.75,1371.43,Month-to-month,Electronic Check,0,Fiber optic,1
6355,33,F,31,100.03,3100.39,Month-to-month,Credit Card,0,DSL,1
6356,58,M,29,58.21,1710.59,One year,Bank Transfer,0,DSL,0
6357,68,M,27,36.95,966.99,One year,Bank Transfer,0,DSL,0
6358,61,F,9,104.04,934.01,Month-to-month,Bank Transfer,1,Fiber optic,1
6359,68,M,20,52.93,1020.3,One year,Bank Transfer,1,Fiber optic,0
6360,71,M,58,94.81,5502.05,One year,Bank Transfer,0,None,1
6361,58,F,49,101.75,4993.1,One year,Credit Card,0,Fiber optic,1
6362,24,M,57,96.82,5522.28,Month-to-month,Electronic Check,0,None,1
6363,31,F,16,58.98,940.63,Two year,Bank Transfer,1,Fiber optic,0
6364,46,F,8,113.8,919.15,One year,Bank Transfer,0,DSL,1
6365,36,M,67,86.02,5813.02,One year,Bank Transfer,1,Fiber optic,1
6366,36,M,19,77.57,1486.08,Month-to-month,Electronic Check,1,DSL,0
6367,19,F,67,89.79,6041.19,Month-to-month,Bank Transfer,0,Fiber optic,1
6368,58,M,36,24.47,850.13,Two year,Credit Card,1,Fiber optic,0
6369,62,F,60,59.05,3546.0,Two year,Electronic Check,0,Fiber optic,0
6370,32,M,36,108.12,3843.07,One year,Electronic Check,0,Fiber optic,1
6371,20,M,11,36.11,350.36,Two year,Electronic Check,0,DSL,0
6372,28,M,51,61.44,3115.69,Month-to-month,Electronic Check,0,DSL,1
6373,70,F,55,60.52,3325.26,Month-to-month,Bank Transfer,1,Fiber optic,1
6374,63,M,54,55.6,3009.96,Two year,Bank Transfer,0,Fiber optic,0
6375,47,F,17,76.24,1334.88,Month-to-month,Credit Card,0,DSL,1
6376,74,F,62,119.62,7443.62,Month-to-month,Bank Transfer,0,Fiber optic,1
6377,57,F,42,45.58,1894.36,One year,Electronic Check,0,Fiber optic,0
6378,35,M,24,90.5,2196.35,Month-to-month,Credit Card,0,Fiber optic,1
6379,68,F,17,95.8,1633.54,Month-to-month,Bank Transfer,1,Fiber optic,1
6380,65,F,48,78.45,3793.52,Month-to-month,Electronic Check,1,Fiber optic,1
6381,19,M,70,29.75,2073.6,Two year,Credit Card,0,DSL,0
6382,49,F,7,77.24,499.87,One year,Credit Card,0,DSL,0
6383,25,F,14,115.35,1626.75,One year,Bank Transfer,0,Fiber optic,1
6384,39,M,11,54.21,602.01,Two year,Electronic Check,0,Fiber optic,0
6385,23,F,12,83.97,1053.0,Month-to-month,Bank Transfer,1,Fiber optic,1
6386,29,M,5,115.94,545.91,Month-to-month,Credit Card,0,Fiber optic,1
6387,64,F,5,99.8,514.61,Month-to-month,Electronic Check,0,Fiber optic,1
6388,74,F,20,88.83,1774.01,Month-to-month,Credit Card,0,Fiber optic,1
6389,57,M,54,117.11,6311.83,Month-to-month,Credit Card,0,DSL,1
6390,53,F,55,37.06,2067.76,Month-to-month,Electronic Check,0,Fiber optic,1
6391,32,F,58,97.27,5672.73,Month-to-month,Bank Transfer,0,Fiber optic,1
6392,45,F,30,60.68,1841.86,Month-to-month,Credit Card,0,Fiber optic,1
6393,69,M,24,56.04,1303.32,Month-to-month,Electronic Check,0,Fiber optic,1
6394,74,M,3,72.07,200.72,Month-to-month,Bank Transfer,0,DSL,1
6395,66,M,48,23.38,1076.92,Month-to-month,Bank Transfer,1,Fiber optic,1
6396,62,M,71,51.25,3623.12,Month-to-month,Credit Card,0,DSL,1
6397,35,M,22,36.62,820.43,Month-to-month,Electronic Check,0,DSL,1
6398,19,F,14,33.87,476.05,Month-to-month,Bank Transfer,0,DSL,1
6399,30,M,48,53.73,2599.33,Month-to-month,Electronic Check,0,DSL,1
6400,62,M,29,100.23,2911.82,Month-to-month,Bank Transfer,0,Fiber optic,1
6401,71,M,50,40.11,2011.08,Month-to-month,Electronic Check,0,Fiber optic,1
6402,32,F,10,73.14,732.5,One year,Electronic Check,1,DSL,0
6403,37,F,71,94.87,6722.2,Month-to-month,Electronic Check,1,Fiber optic,1
6404,46,M,27,44.1,1185.36,Month-to-month,Credit Card,0,DSL,1
6405,76,F,28,112.42,3109.0,Month-to-month,Bank Transfer,0,Fiber optic,1
6406,59,F,9,106.65,993.3,Two year,Bank Transfer,0,Fiber optic,1
6407,46,F,71,45.12,3242.44,Two year,Credit Card,0,Fiber optic,0
6408,20,F,26,118.96,3119.59,Month-to-month,Bank Transfer,0,DSL,1
6409,36,M,8,86.92,703.72,Month-to-month,Bank Transfer,1,Fiber optic,1
6410,20,M,2,48.61,104.14,Month-to-month,Credit Card,0,Fiber optic,1
6411,71,F,57,88.1,5018.73,Month-to-month,Credit Card,1,DSL,1
6412,31,F,52,86.62,4477.37,Month-to-month,Credit Card,1,None,1
6413,57,F,58,80.62,4664.34,Two year,Electronic Check,0,DSL,1
6414,76,F,3,91.17,322.5,Two year,Credit Card,1,Fiber optic,1
6415,72,M,8,46.83,339.22,Month-to-month,Electronic Check,0,DSL,1
6416,79,F,59,117.9,6960.37,Month-to-month,Bank Transfer,0,DSL,1
6417,21,M,2,105.79,248.23,Month-to-month,Credit Card,0,Fiber optic,1
6418,76,F,62,94.57,5858.64,Month-to-month,Credit Card,0,Fiber optic,1
6419,77,M,49,22.63,1119.43,One year,Credit Card,1,Fiber optic,0
6420,69,F,20,79.04,1613.58,Month-to-month,Credit Card,1,DSL,0
6421,28,M,29,90.65,2633.61,Month-to-month,Bank Transfer,0,Fiber optic,1
6422,75,M,17,105.41,1815.12,One year,Electronic Check,0,None,1
6423,48,M,22,114.62,2506.37,Month-to-month,Bank Transfer,0,Fiber optic,1
6424,60,F,6,111.59,692.84,Month-to-month,Electronic Check,0,Fiber optic,1
6425,49,M,62,60.6,3711.3,One year,Bank Transfer,0,None,0
6426,44,F,31,109.65,3364.44,Month-to-month,Bank Transfer,0,Fiber optic,1
6427,47,M,62,20.07,1258.07,Month-to-month,Bank Transfer,0,DSL,1
6428,60,M,12,55.15,656.7,Two year,Credit Card,0,Fiber optic,0
6429,19,F,12,31.39,409.51,One year,Credit Card,0,None,0
6430,79,M,63,108.31,6807.73,Month-to-month,Electronic Check,0,Fiber optic,1
6431,66,F,16,112.8,1831.52,Month-to-month,Bank Transfer,0,Fiber optic,1
6432,26,F,25,45.6,1103.91,Month-to-month,Credit Card,0,None,1
6433,45,F,22,56.73,1291.07,Month-to-month,Bank Transfer,0,Fiber optic,1
6434,48,F,18,118.39,2122.86,Month-to-month,Bank Transfer,1,Fiber optic,1
6435,77,M,45,76.61,3420.54,Two year,Electronic Check,0,Fiber optic,0
6436,51,M,68,69.71,4769.2,Month-to-month,Electronic Check,0,Fiber optic,1
6437,78,F,12,70.04,885.27,Month-to-month,Bank Transfer,0,Fiber optic,1
6438,73,M,49,89.62,4433.19,Month-to-month,Bank Transfer,0,DSL,1
6439,32,M,33,115.45,3783.64,Month-to-month,Bank Transfer,0,DSL,1
6440,65,F,63,56.66,3586.78,Two year,Electronic Check,0,DSL,0
6441,42,M,18,37.27,675.55,Month-to-month,Electronic Check,1,Fiber optic,1
6442,53,F,54,38.5,2101.51,Month-to-month,Credit Card,0,Fiber optic,1
6443,25,M,27,22.04,593.77,Month-to-month,Electronic Check,1,None,0
6444,26,M,25,75.54,1885.48,Month-to-month,Bank Transfer,0,DSL,1
6445,75,F,34,112.91,3877.21,Month-to-month,Bank Transfer,0,Fiber optic,1
6446,75,M,60,91.31,5515.73,One year,Electronic Check,0,Fiber optic,1
6447,54,M,54,119.3,6470.96,One year,Credit Card,0,Fiber optic,1
6448,65,F,5,110.95,575.24,Month-to-month,Electronic Check,1,Fiber optic,1
6449,62,M,36,69.19,2508.68,Month-to-month,Electronic Check,0,Fiber optic,1
6450,79,F,54,68.65,3662.72,Month-to-month,Bank Transfer,1,None,0
6451,56,M,36,82.84,3007.19,One year,Bank Transfer,0,DSL,1
6452,49,F,69,31.09,2159.02,Month-to-month,Credit Card,0,None,1
6453,75,F,39,80.77,3130.27,Month-to-month,Bank Transfer,0,Fiber optic,1
6454,69,F,70,66.41,4680.71,Month-to-month,Credit Card,0,Fiber optic,1
6455,34,F,4,84.27,370.32,Month-to-month,Electronic Check,0,Fiber optic,1
6456,52,F,65,76.52,5017.02,Month-to-month,Credit Card,0,None,1
6457,54,M,40,51.04,2033.44,Two year,Electronic Check,0,DSL,0
6458,36,M,37,80.78,2993.98,Month-to-month,Electronic Check,0,Fiber optic,1
6459,61,F,67,56.6,3832.8,Two year,Bank Transfer,0,Fiber optic,0
6460,46,M,31,39.46,1204.94,One year,Electronic Check,0,DSL,0
6461,76,F,47,87.51,4142.63,One year,Electronic Check,0,Fiber optic,1
6462,24,M,27,50.63,1416.21,Month-to-month,Credit Card,0,Fiber optic,1
6463,45,M,51,108.9,5569.09,Month-to-month,Bank Transfer,1,Fiber optic,1
6464,26,F,20,39.93,846.97,One year,Bank Transfer,1,Fiber optic,0
6465,45,F,13,80.01,1041.71,Month-to-month,Bank Transfer,0,DSL,1
6466,23,M,63,77.15,4825.76,Two year,Electronic Check,0,Fiber optic,0
6467,46,M,44,39.77,1717.44,Month-to-month,Electronic Check,0,DSL,1
6468,75,F,24,63.99,1558.9,One year,Credit Card,1,Fiber optic,0
6469,34,M,3,87.55,212.74,Two year,Bank Transfer,0,Fiber optic,1
6470,33,M,10,51.85,534.69,Month-to-month,Bank Transfer,1,DSL,0
6471,40,F,65,31.38,2004.83,Two year,Electronic Check,0,Fiber optic,0
6472,48,M,49,81.52,4042.92,Month-to-month,Credit Card,1,Fiber optic,1
6473,20,F,58,42.41,2426.09,Month-to-month,Electronic Check,0,Fiber optic,1
6474,38,F,2,88.15,181.55,One year,Bank Transfer,0,DSL,1
6475,43,F,66,103.95,6877.64,Month-to-month,Electronic Check,0,Fiber optic,1
6476,53,M,31,32.34,1034.49,Month-to-month,Credit Card,0,Fiber optic,1
6477,59,M,68,63.76,4331.61,Month-to-month,Credit Card,0,DSL,1
6478,54,F,37,64.49,2429.51,Month-to-month,Electronic Check,0,Fiber optic,1
6479,70,F,24,83.25,1996.02,Month-to-month,Bank Transfer,0,Fiber optic,1
6480,39,M,44,53.44,2326.57,Month-to-month,Electronic Check,1,Fiber optic,1
6481,79,M,41,61.86,2545.56,Month-to-month,Electronic Check,0,None,1
6482,59,M,51,21.2,1097.0,Month-to-month,Credit Card,0,Fiber optic,1
6483,29,F,42,32.24,1354.82,Two year,Electronic Check,1,DSL,0
6484,59,F,40,76.99,3102.92,One year,Credit Card,1,Fiber optic,0
6485,78,M,48,41.59,1988.39,Month-to-month,Credit Card,0,Fiber optic,1
6486,30,M,4,34.46,88.27,One year,Electronic Check,0,Fiber optic,0
6487,28,M,60,52.44,3122.85,One year,Credit Card,0,Fiber optic,0
6488,71,F,39,36.35,1462.24,Month-to-month,Electronic Check,0,None,1
6489,33,F,5,25.96,156.12,One year,Bank Transfer,0,DSL,0
6490,25,M,6,48.39,259.29,One year,Bank Transfer,1,Fiber optic,0
6491,57,M,14,36.44,466.83,One year,Credit Card,0,Fiber optic,0
6492,76,F,70,99.94,6980.88,One year,Bank Transfer,1,DSL,0
6493,74,F,12,26.27,348.87,One year,Bank Transfer,0,Fiber optic,0
6494,57,M,62,94.74,5834.48,Month-to-month,Electronic Check,0,Fiber optic,1
6495,62,M,27,58.28,1577.9,Month-to-month,Electronic Check,1,DSL,0
6496,76,M,54,87.53,4704.12,Month-to-month,Bank Transfer,0,None,1
6497,19,F,12,25.27,325.87,Month-to-month,Bank Transfer,0,Fiber optic,1
6498,47,M,8,112.07,846.6,Month-to-month,Electronic Check,0,Fiber optic,1
6499,47,F,16,96.74,1525.56,Month-to-month,Electronic Check,1,Fiber optic,1
6500,29,F,52,34.01,1786.45,Month-to-month,Bank Transfer,0,DSL,1
6501,27,M,26,41.88,1093.56,Month-to-month,Credit Card,0,Fiber optic,1
6502,61,M,8,84.4,703.09,Month-to-month,Electronic Check,0,Fiber optic,1
6503,28,F,45,112.16,5012.97,One year,Electronic Check,0,Fiber optic,1
6504,32,M,19,64.58,1230.12,Month-to-month,Bank Transfer,0,Fiber optic,1
6505,33,F,17,68.56,1135.1,Month-to-month,Bank Transfer,0,DSL,1
6506,34,M,65,43.78,2859.62,Month-to-month,Credit Card,1,Fiber optic,1
6507,43,M,29,58.3,1653.83,One year,Electronic Check,0,Fiber optic,0
6508,19,M,14,48.6,645.27,One year,Bank Transfer,0,None,0
6509,67,M,17,55.06,918.84,Month-to-month,Bank Transfer,1,Fiber optic,1
6510,29,F,13,22.06,276.97,Month-to-month,Credit Card,1,None,0
6511,68,F,63,24.11,1518.79,One year,Credit Card,1,DSL,0
6512,43,F,33,88.07,2914.38,Two year,Electronic Check,1,Fiber optic,0
6513,40,M,29,88.18,2554.1,Month-to-month,Bank Transfer,0,None,1
6514,35,F,37,53.02,1916.3,One year,Bank Transfer,0,Fiber optic,0
6515,79,F,46,108.55,4977.65,Month-to-month,Electronic Check,0,Fiber optic,1
6516,49,F,24,46.61,1074.78,Month-to-month,Credit Card,0,DSL,1
6517,66,M,14,59.58,795.93,One year,Electronic Check,1,Fiber optic,0
6518,79,F,5,93.14,424.98,Month-to-month,Electronic Check,1,Fiber optic,1
6519,55,M,53,94.36,4966.89,One year,Electronic Check,1,DSL,0
6520,74,M,30,106.12,3214.89,Month-to-month,Credit Card,0,Fiber optic,1
6521,64,F,60,22.91,1387.36,Month-to-month,Credit Card,1,Fiber optic,1
6522,20,M,28,38.38,1075.32,Month-to-month,Bank Transfer,0,Fiber optic,1
6523,55,F,26,84.06,2208.79,Month-to-month,Bank Transfer,0,Fiber optic,1
6524,20,F,18,53.82,1014.88,Month-to-month,Electronic Check,0,DSL,1
6525,47,F,36,24.36,868.73,Month-to-month,Bank Transfer,1,Fiber optic,1
6526,78,F,8,78.65,615.94,Month-to-month,Credit Card,0,Fiber optic,1
6527,18,F,18,59.31,1115.36,Month-to-month,Bank Transfer,0,None,1
6528,47,M,58,56.41,3298.91,Month-to-month,Bank Transfer,0,Fiber optic,1
6529,62,F,32,46.44,1513.79,One year,Credit Card,1,Fiber optic,0
6530,49,M,49,20.6,1019.39,One year,Bank Transfer,0,Fiber optic,0
6531,45,F,48,38.24,1836.22,Month-to-month,Credit Card,0,DSL,1
6532,38,F,71,67.42,4791.88,Month-to-month,Bank Transfer,0,DSL,1
6533,75,F,65,47.57,3107.26,One year,Bank Transfer,1,Fiber optic,0
6534,63,M,33,107.44,3533.2,Two year,Electronic Check,0,Fiber optic,1
6535,30,M,50,34.3,1743.23,Month-to-month,Bank Transfer,0,Fiber optic,1
6536,44,M,4,107.53,471.04,Month-to-month,Electronic Check,0,Fiber optic,1
6537,53,M,36,60.48,2184.41,One year,Bank Transfer,0,Fiber optic,0
6538,24,F,28,47.58,1320.39,Month-to-month,Electronic Check,0,Fiber optic,1
6539,39,F,3,50.43,170.85,Month-to-month,Bank Transfer,1,Fiber optic,1
6540,27,M,6,53.01,286.28,One year,Credit Card,1,DSL,0
6541,56,M,45,70.66,3226.56,Month-to-month,Bank Transfer,0,Fiber optic,1
6542,70,M,23,55.39,1289.77,Month-to-month,Credit Card,0,DSL,1
6543,32,F,7,84.72,549.8,One year,Credit Card,0,DSL,1
6544,32,M,61,62.52,3816.7,Month-to-month,Electronic Check,0,DSL,1
6545,21,M,65,87.16,5690.43,One year,Credit Card,1,Fiber optic,1
6546,49,F,6,80.44,460.42,Two year,Credit Card,0,None,1
6547,40,M,24,44.45,1021.9,Month-to-month,Electronic Check,1,Fiber optic,1
6548,72,F,37,101.28,3746.28,Month-to-month,Bank Transfer,0,Fiber optic,1
6549,23,F,45,99.9,4528.86,Month-to-month,Bank Transfer,0,Fiber optic,1
6550,41,F,51,118.9,6039.05,One year,Credit Card,0,DSL,1
6551,37,F,45,37.51,1709.65,Month-to-month,Electronic Check,0,Fiber optic,1
6552,75,F,63,104.78,6591.92,Month-to-month,Bank Transfer,0,DSL,1
6553,54,M,29,107.2,3064.76,Two year,Electronic Check,0,DSL,1
6554,37,M,25,84.22,2085.9,One year,Electronic Check,0,DSL,1
6555,29,F,10,70.64,687.79,Month-to-month,Credit Card,1,Fiber optic,1
6556,50,F,35,115.73,4091.02,One year,Electronic Check,0,DSL,1
6557,45,M,55,117.27,6498.02,Month-to-month,Credit Card,0,Fiber optic,1
6558,25,M,25,84.17,2075.23,One year,Electronic Check,0,Fiber optic,1
6559,18,F,45,55.96,2511.25,Two year,Credit Card,0,Fiber optic,0
6560,54,M,12,101.72,1268.31,Month-to-month,Bank Transfer,1,DSL,1
6561,39,M,4,28.93,106.45,One year,Electronic Check,0,Fiber optic,0
6562,23,F,67,49.06,3271.94,One year,Credit Card,0,None,0
6563,78,M,17,118.56,1976.51,Two year,Bank Transfer,0,DSL,1
6564,38,M,65,101.43,6618.28,Two year,Credit Card,1,Fiber optic,1
6565,49,M,53,113.96,6034.58,Month-to-month,Credit Card,0,DSL,1
6566,52,M,57,79.48,4544.23,Month-to-month,Credit Card,0,Fiber optic,1
6567,32,F,28,60.77,1702.55,Month-to-month,Credit Card,0,DSL,1
6568,22,M,16,117.97,1854.97,Two year,Credit Card,0,Fiber optic,1
6569,77,F,21,50.94,1037.38,Month-to-month,Electronic Check,0,None,1
6570,73,M,42,95.74,4065.06,One year,Bank Transfer,0,Fiber optic,1
6571,63,F,54,75.82,4133.23,One year,Bank Transfer,1,DSL,0
6572,67,F,32,42.85,1382.26,Month-to-month,Bank Transfer,0,Fiber optic,1
6573,65,M,38,21.75,776.62,Month-to-month,Electronic Check,1,Fiber optic,1
6574,23,F,70,58.38,4079.93,Month-to-month,Credit Card,1,None,0
6575,42,F,38,74.77,2844.3,Month-to-month,Electronic Check,1,DSL,0
6576,73,F,54,38.32,2064.22,Two year,Credit Card,0,DSL,0
6577,63,F,60,61.46,3730.14,Month-to-month,Electronic Check,0,Fiber optic,1
6578,76,F,47,81.52,3785.53,Two year,Bank Transfer,1,None,0
6579,73,M,12,91.49,1113.37,Month-to-month,Electronic Check,1,Fiber optic,1
6580,57,F,53,25.27,1320.69,Month-to-month,Credit Card,0,Fiber optic,1
6581,46,F,33,86.42,2857.81,Month-to-month,Bank Transfer,0,Fiber optic,1
6582,24,M,28,25.67,734.35,Two year,Bank Transfer,1,Fiber optic,0
6583,57,M,3,22.82,62.54,Month-to-month,Credit Card,1,None,0
6584,30,F,26,35.24,881.08,One year,Credit Card,0,Fiber optic,0
6585,55,M,54,85.36,4611.34,Month-to-month,Electronic Check,1,DSL,1
6586,35,M,40,25.28,1054.5,Month-to-month,Credit Card,0,Fiber optic,1
6587,19,M,66,22.09,1461.53,Month-to-month,Credit Card,0,Fiber optic,1
6588,25,M,68,31.8,2124.69,Month-to-month,Credit Card,0,Fiber optic,1
6589,28,M,47,114.97,5436.01,Month-to-month,Bank Transfer,0,Fiber optic,1
6590,50,M,2,110.73,193.63,Month-to-month,Credit Card,0,DSL,1
6591,71,F,42,28.65,1190.32,Month-to-month,Bank Transfer,1,Fiber optic,1
6592,78,F,34,50.4,1706.48,Month-to-month,Bank Transfer,0,Fiber optic,1
6593,55,M,21,114.73,2393.3,Month-to-month,Bank Transfer,0,Fiber optic,1
6594,65,M,44,29.77,1300.33,Month-to-month,Credit Card,0,Fiber optic,1
6595,44,F,2,29.46,88.47,One year,Credit Card,0,Fiber optic,0
6596,37,M,59,28.6,1659.74,Month-to-month,Bank Transfer,0,Fiber optic,1
6597,29,F,16,117.65,1879.44,Month-to-month,Electronic Check,0,DSL,1
6598,60,M,20,94.31,1838.2,One year,Electronic Check,0,Fiber optic,1
6599,78,F,26,41.45,1078.47,Month-to-month,Electronic Check,0,Fiber optic,1
6600,48,F,16,24.59,354.61,Month-to-month,Credit Card,0,Fiber optic,1
6601,44,M,70,116.52,8134.62,Month-to-month,Bank Transfer,0,DSL,1
6602,49,M,23,62.55,1421.14,One year,Credit Card,1,Fiber optic,0
6603,78,M,42,79.84,3311.52,Month-to-month,Bank Transfer,1,Fiber optic,1
6604,27,M,37,47.92,1759.1,Month-to-month,Electronic Check,1,Fiber optic,1
6605,20,F,72,95.84,6900.29,Month-to-month,Credit Card,1,Fiber optic,1
6606,62,M,6,39.68,231.19,Month-to-month,Electronic Check,0,Fiber optic,1
6607,44,F,37,98.69,3629.57,Two year,Bank Transfer,0,Fiber optic,1
6608,52,M,22,43.06,926.81,One year,Electronic Check,0,Fiber optic,0
6609,48,F,6,29.79,192.1,Month-to-month,Bank Transfer,0,Fiber optic,1
6610,32,M,32,67.88,2194.0,Month-to-month,Credit Card,0,Fiber optic,1
6611,33,M,17,101.32,1730.09,Month-to-month,Credit Card,0,DSL,1
6612,78,F,38,58.49,2270.24,Two year,Electronic Check,0,Fiber optic,0
6613,30,M,17,22.89,433.62,Month-to-month,Credit Card,0,Fiber optic,1
6614,66,M,37,75.33,2747.06,One year,Bank Transfer,0,None,0
6615,52,M,23,88.05,2001.29,Month-to-month,Bank Transfer,0,DSL,1
6616,69,M,49,94.07,4646.27,One year,Electronic Check,0,DSL,1
6617,28,M,61,60.19,3624.56,Month-to-month,Bank Transfer,0,DSL,1
6618,76,F,49,29.7,1464.52,Month-to-month,Credit Card,1,Fiber optic,1
6619,38,M,61,78.43,4829.68,Month-to-month,Electronic Check,1,DSL,0
6620,68,F,32,52.95,1712.27,Two year,Electronic Check,1,Fiber optic,0
6621,71,M,63,114.69,7184.66,Month-to-month,Credit Card,0,Fiber optic,1
6622,28,M,7,70.27,516.67,Month-to-month,Credit Card,1,Fiber optic,1
6623,47,F,22,67.23,1466.71,One year,Credit Card,0,DSL,0
6624,77,F,6,50.92,347.67,Two year,Electronic Check,0,Fiber optic,0
6625,65,F,61,53.88,3265.31,Two year,Electronic Check,0,Fiber optic,0
6626,70,F,14,71.28,995.24,Month-to-month,Bank Transfer,1,DSL,0
6627,52,F,16,50.67,835.38,Two year,Electronic Check,0,Fiber optic,0
6628,39,M,3,109.23,303.44,One year,Electronic Check,1,Fiber optic,1
6629,55,F,9,63.9,543.28,Two year,Bank Transfer,1,Fiber optic,0
6630,48,F,47,49.2,2262.67,Two year,Electronic Check,0,DSL,0
6631,31,M,42,35.54,1491.48,Month-to-month,Bank Transfer,1,None,0
6632,41,M,42,87.24,3706.94,Month-to-month,Bank Transfer,0,Fiber optic,1
6633,67,F,23,22.58,497.49,Month-to-month,Bank Transfer,1,DSL,0
6634,66,F,3,65.0,149.34,One year,Credit Card,0,DSL,0
6635,49,F,1,75.01,87.05,Month-to-month,Credit Card,1,DSL,0
6636,53,M,67,53.98,3572.28,Month-to-month,Electronic Check,0,Fiber optic,1
6637,49,F,71,94.98,6744.27,One year,Bank Transfer,0,Fiber optic,1
6638,72,M,3,87.57,250.86,Month-to-month,Credit Card,1,DSL,1
6639,32,M,49,117.14,5737.4,Two year,Bank Transfer,1,DSL,0
6640,60,M,67,70.88,4715.22,One year,Bank Transfer,0,None,0
6641,75,M,55,73.78,4016.92,Month-to-month,Credit Card,1,Fiber optic,1
6642,52,F,4,44.58,203.22,Two year,Bank Transfer,0,DSL,0
6643,20,M,31,58.55,1789.62,Month-to-month,Electronic Check,0,Fiber optic,1
6644,33,M,66,22.69,1527.58,Month-to-month,Electronic Check,0,DSL,1
6645,22,F,64,88.93,5717.36,Two year,Electronic Check,0,Fiber optic,1
6646,38,M,31,51.16,1555.8,One year,Electronic Check,0,DSL,0
6647,78,F,63,74.04,4705.35,Month-to-month,Credit Card,1,DSL,0
6648,27,M,66,45.5,2969.13,Month-to-month,Credit Card,1,Fiber optic,1
6649,36,F,31,82.1,2574.81,Two year,Electronic Check,0,DSL,1
6650,42,M,47,64.76,3035.77,Month-to-month,Credit Card,0,Fiber optic,1
6651,21,M,22,68.19,1468.48,Month-to-month,Electronic Check,0,DSL,1
6652,78,F,46,114.26,5299.77,One year,Credit Card,0,Fiber optic,1
6653,46,M,58,90.62,5302.29,Month-to-month,Credit Card,0,DSL,1
6654,36,M,61,46.19,2818.73,Month-to-month,Bank Transfer,0,Fiber optic,1
6655,60,F,46,70.39,3234.86,Month-to-month,Electronic Check,1,Fiber optic,1
6656,19,M,1,66.67,106.75,Two year,Bank Transfer,1,None,0
6657,27,M,25,99.51,2497.36,Month-to-month,Electronic Check,1,None,1
6658,78,F,61,103.34,6280.34,Month-to-month,Credit Card,0,None,1
6659,60,F,14,48.34,669.28,Two year,Electronic Check,1,Fiber optic,0
6660,42,F,45,102.12,4629.0,Month-to-month,Bank Transfer,1,Fiber optic,1
6661,37,F,39,37.95,1516.01,Month-to-month,Bank Transfer,0,DSL,1
6662,65,F,66,96.28,6398.41,Month-to-month,Credit Card,0,Fiber optic,1
6663,36,M,32,44.88,1414.99,One year,Bank Transfer,1,Fiber optic,0
6664,40,F,58,49.79,2905.82,Month-to-month,Credit Card,0,DSL,1
6665,41,M,56,105.25,5850.84,Month-to-month,Credit Card,0,DSL,1
6666,28,F,6,62.01,394.65,Month-to-month,Credit Card,0,Fiber optic,1
6667,63,M,67,119.06,7983.34,Month-to-month,Credit Card,0,None,1
6668,51,M,50,35.19,1734.48,Two year,Credit Card,0,DSL,0
6669,72,F,38,66.33,2536.0,Month-to-month,Bank Transfer,1,Fiber optic,1
6670,45,M,3,93.25,243.27,One year,Bank Transfer,0,None,1
6671,22,M,5,20.54,86.08,One year,Bank Transfer,0,None,0
6672,76,F,24,35.19,834.65,One year,Bank Transfer,1,Fiber optic,0
6673,22,F,54,22.04,1217.87,Month-to-month,Credit Card,0,Fiber optic,1
6674,68,F,34,119.29,4036.74,Month-to-month,Electronic Check,1,Fiber optic,1
6675,38,F,39,96.06,3701.24,Two year,Electronic Check,1,Fiber optic,0
6676,29,M,48,57.36,2721.35,Month-to-month,Electronic Check,0,Fiber optic,1
6677,67,M,49,35.63,1756.68,One year,Electronic Check,0,Fiber optic,0
6678,21,M,34,29.04,938.89,Month-to-month,Bank Transfer,0,Fiber optic,1
6679,71,M,7,73.19,541.55,Month-to-month,Credit Card,1,DSL,0
6680,66,M,18,117.59,2156.73,Month-to-month,Bank Transfer,0,Fiber optic,1
6681,59,M,70,87.46,6121.74,Month-to-month,Bank Transfer,0,Fiber optic,1
6682,37,F,34,56.51,1942.1,Two year,Bank Transfer,1,Fiber optic,0
6683,55,M,51,70.09,3570.86,One year,Credit Card,0,Fiber optic,0
6684,42,M,68,119.89,8133.4,Two year,Bank Transfer,0,Fiber optic,1
6685,31,M,14,71.88,972.81,One year,Credit Card,1,None,0
6686,28,F,69,116.42,8034.8,Month-to-month,Electronic Check,0,Fiber optic,1
6687,49,F,8,21.64,216.11,Month-to-month,Bank Transfer,0,Fiber optic,1
6688,28,F,15,92.1,1420.5,One year,Credit Card,1,Fiber optic,0
6689,78,F,59,82.72,4922.44,Month-to-month,Bank Transfer,0,Fiber optic,1
6690,35,M,11,88.53,1020.47,Two year,Electronic Check,0,DSL,1
6691,44,M,20,77.06,1507.74,One year,Credit Card,1,None,0
6692,72,M,55,24.42,1307.75,One year,Electronic Check,0,Fiber optic,0
6693,71,F,36,34.96,1251.34,One year,Electronic Check,1,DSL,0
6694,35,M,14,112.23,1590.15,One year,Credit Card,0,Fiber optic,1
6695,73,M,58,43.29,2504.79,Month-to-month,Bank Transfer,0,Fiber optic,1
6696,40,M,38,119.29,4572.26,Month-to-month,Credit Card,0,DSL,1
6697,28,F,1,87.96,109.7,Month-to-month,Electronic Check,0,Fiber optic,1
6698,38,F,65,64.44,4202.0,Month-to-month,Credit Card,0,Fiber optic,1
6699,61,F,1,112.0,69.1,Two year,Bank Transfer,1,DSL,0
6700,22,M,60,99.5,5937.53,Month-to-month,Credit Card,0,DSL,1
6701,40,M,25,62.9,1565.32,Two year,Electronic Check,0,Fiber optic,0
6702,58,M,10,26.86,316.24,Month-to-month,Bank Transfer,0,None,1
6703,76,M,50,106.83,5324.94,Month-to-month,Bank Transfer,0,DSL,1
6704,42,F,12,96.5,1171.0,Month-to-month,Credit Card,0,Fiber optic,1
6705,58,M,32,99.07,3219.13,One year,Credit Card,0,Fiber optic,1
6706,71,F,33,94.49,3094.57,One year,Credit Card,0,Fiber optic,1
6707,27,M,72,47.58,3392.43,Month-to-month,Electronic Check,0,Fiber optic,1
6708,39,F,26,105.88,2757.51,One year,Bank Transfer,0,Fiber optic,1
6709,36,M,42,20.22,854.43,Month-to-month,Bank Transfer,0,Fiber optic,1
6710,18,M,50,43.73,2228.69,One year,Bank Transfer,0,Fiber optic,0
6711,24,F,61,24.66,1456.9,One year,Bank Transfer,0,None,0
6712,21,F,41,31.06,1264.2,One year,Bank Transfer,0,DSL,0
6713,18,M,57,73.24,4155.91,Month-to-month,Electronic Check,1,None,0
6714,32,M,2,23.73,54.57,Month-to-month,Bank Transfer,1,DSL,0
6715,57,M,70,38.14,2620.73,One year,Credit Card,1,Fiber optic,0
6716,29,F,31,43.27,1362.48,Month-to-month,Electronic Check,1,Fiber optic,1
6717,39,M,23,85.53,1965.69,One year,Electronic Check,1,Fiber optic,1
6718,39,F,54,66.88,3631.59,Month-to-month,Bank Transfer,0,Fiber optic,1
6719,67,M,28,65.84,1838.3,One year,Credit Card,1,DSL,0
6720,64,M,19,96.84,1837.38,Month-to-month,Credit Card,1,Fiber optic,1
6721,34,M,48,65.67,3191.71,Month-to-month,Bank Transfer,0,None,1
6722,46,M,2,54.85,80.79,Two year,Electronic Check,1,Fiber optic,0
6723,63,F,11,116.25,1250.5,Month-to-month,Bank Transfer,1,Fiber optic,1
6724,31,F,44,20.83,922.47,Month-to-month,Electronic Check,0,DSL,1
6725,67,M,59,50.54,2997.88,Month-to-month,Bank Transfer,1,Fiber optic,1
6726,37,M,59,80.94,4760.93,Two year,Credit Card,0,Fiber optic,1
6727,67,M,38,98.28,3736.59,Month-to-month,Bank Transfer,1,DSL,1
6728,65,F,25,101.64,2513.79,One year,Credit Card,0,Fiber optic,1
6729,50,M,21,24.61,480.4,One year,Bank Transfer,0,Fiber optic,0
6730,72,F,42,90.91,3792.05,Month-to-month,Credit Card,1,Fiber optic,1
6731,76,F,36,92.03,3354.72,Month-to-month,Credit Card,0,Fiber optic,1
6732,60,F,9,41.41,402.87,Month-to-month,Credit Card,1,Fiber optic,1
6733,32,F,12,31.28,339.38,One year,Credit Card,1,DSL,0
6734,29,M,10,94.97,904.36,Month-to-month,Credit Card,1,Fiber optic,1
6735,57,M,59,44.95,2611.37,Month-to-month,Bank Transfer,1,Fiber optic,1
6736,71,F,5,20.17,80.19,One year,Bank Transfer,1,Fiber optic,0
6737,37,M,33,42.36,1429.02,Month-to-month,Bank Transfer,0,Fiber optic,1
6738,47,M,69,23.11,1576.73,Month-to-month,Electronic Check,0,Fiber optic,1
6739,55,M,63,44.92,2798.53,Two year,Credit Card,1,Fiber optic,0
6740,20,F,29,53.5,1541.08,One year,Electronic Check,0,Fiber optic,0
6741,45,M,18,47.14,810.93,Month-to-month,Credit Card,0,Fiber optic,1
6742,73,M,6,111.99,668.96,Two year,Credit Card,1,DSL,0
6743,43,M,53,43.25,2309.81,Two year,Bank Transfer,1,None,0
6744,47,M,32,66.75,2122.88,Month-to-month,Electronic Check,1,Fiber optic,1
6745,30,M,42,115.74,4828.44,Month-to-month,Credit Card,0,Fiber optic,1
6746,30,M,47,107.92,5067.56,One year,Bank Transfer,1,DSL,0
6747,19,M,31,50.93,1605.08,Two year,Electronic Check,0,Fiber optic,0
6748,54,M,62,52.65,3221.96,One year,Electronic Check,0,DSL,0
6749,66,M,56,79.33,4399.57,Month-to-month,Credit Card,0,None,1
6750,55,M,11,111.79,1211.5,Month-to-month,Credit Card,0,Fiber optic,1
6751,19,F,26,21.0,537.51,Month-to-month,Bank Transfer,1,DSL,0
6752,53,M,27,59.31,1573.02,Month-to-month,Electronic Check,1,DSL,0
6753,71,F,57,104.98,5936.55,Month-to-month,Electronic Check,0,Fiber optic,1
6754,43,M,27,61.05,1620.31,One year,Credit Card,0,DSL,0
6755,28,F,59,92.01,5422.13,Month-to-month,Bank Transfer,0,Fiber optic,1
6756,25,F,62,89.19,5487.72,Month-to-month,Electronic Check,0,DSL,1
6757,61,M,20,40.55,832.59,Two year,Credit Card,1,Fiber optic,0
6758,57,F,3,64.96,200.09,Month-to-month,Electronic Check,1,DSL,0
6759,60,F,16,76.62,1219.36,Month-to-month,Electronic Check,0,Fiber optic,1
6760,39,F,44,91.55,4030.07,Month-to-month,Electronic Check,0,Fiber optic,1
6761,37,M,30,102.24,3082.78,Month-to-month,Bank Transfer,1,Fiber optic,1
6762,25,F,40,95.99,3889.08,One year,Bank Transfer,0,DSL,1
6763,46,F,65,22.83,1511.46,Two year,Bank Transfer,0,Fiber optic,0
6764,57,M,29,87.06,2528.78,Month-to-month,Bank Transfer,0,Fiber optic,1
6765,43,F,30,69.73,2118.95,One year,Electronic Check,0,DSL,0
6766,47,F,32,77.39,2474.0,Month-to-month,Bank Transfer,0,Fiber optic,1
6767,34,F,10,57.3,554.09,Month-to-month,Credit Card,0,DSL,1
6768,37,M,51,91.4,4637.6,Month-to-month,Credit Card,1,Fiber optic,1
6769,69,F,8,87.39,689.07,Two year,Credit Card,0,Fiber optic,1
6770,72,M,51,77.95,3925.68,Month-to-month,Credit Card,0,DSL,1
6771,33,F,36,106.16,3789.46,Month-to-month,Credit Card,0,DSL,1
6772,63,F,55,30.19,1623.1,One year,Credit Card,0,Fiber optic,0
6773,79,F,35,50.1,1799.53,Month-to-month,Electronic Check,1,Fiber optic,1
6774,60,F,36,69.51,2458.84,One year,Bank Transfer,0,None,0
6775,24,M,56,115.86,6488.26,Month-to-month,Credit Card,0,Fiber optic,1
6776,33,F,36,27.2,1021.17,Month-to-month,Credit Card,0,None,1
6777,62,M,61,53.71,3287.06,One year,Bank Transfer,0,DSL,0
6778,76,F,62,112.59,6980.11,Month-to-month,Bank Transfer,0,DSL,1
6779,64,M,25,109.79,2769.05,Two year,Electronic Check,0,DSL,1
6780,73,F,64,106.52,6802.62,Month-to-month,Credit Card,1,Fiber optic,1
6781,65,F,60,50.84,3019.77,Month-to-month,Credit Card,0,Fiber optic,1
6782,44,M,57,104.68,6001.49,Month-to-month,Credit Card,1,Fiber optic,1
6783,70,M,70,70.53,4892.76,Two year,Electronic Check,0,Fiber optic,0
6784,40,M,52,81.98,4293.74,Month-to-month,Bank Transfer,0,Fiber optic,1
6785,41,M,56,43.88,2417.62,Two year,Electronic Check,1,None,0
6786,26,F,63,90.67,5724.77,One year,Electronic Check,0,DSL,1
6787,52,M,68,52.77,3586.06,One year,Credit Card,0,Fiber optic,0
6788,68,M,20,54.39,1137.65,Two year,Bank Transfer,0,DSL,0
6789,37,M,54,83.68,4507.51,Month-to-month,Credit Card,0,DSL,1
6790,54,F,1,43.98,89.71,One year,Electronic Check,0,Fiber optic,0
6791,59,F,10,42.44,414.78,Month-to-month,Electronic Check,0,Fiber optic,1
6792,34,F,23,56.92,1327.33,One year,Bank Transfer,0,Fiber optic,0
6793,64,F,51,97.81,5002.68,Month-to-month,Bank Transfer,0,DSL,1
6794,48,M,24,42.47,977.93,One year,Bank Transfer,0,Fiber optic,0
6795,72,F,13,98.73,1307.83,One year,Credit Card,0,Fiber optic,1
6796,74,M,29,89.56,2568.11,One year,Electronic Check,1,Fiber optic,1
6797,25,F,58,87.91,5087.62,Month-to-month,Bank Transfer,1,DSL,1
6798,32,M,43,67.48,2929.86,One year,Bank Transfer,0,DSL,0
6799,48,M,10,94.59,990.33,Month-to-month,Bank Transfer,0,None,1
6800,70,M,31,21.35,667.83,Two year,Credit Card,1,Fiber optic,0
6801,47,M,14,50.56,709.78,Month-to-month,Credit Card,0,Fiber optic,1
6802,63,M,34,87.91,2989.43,One year,Credit Card,0,Fiber optic,1
6803,37,F,17,118.73,2050.07,Month-to-month,Credit Card,0,DSL,1
6804,77,M,21,20.25,474.56,One year,Bank Transfer,0,Fiber optic,0
6805,56,M,67,71.0,4770.36,Month-to-month,Electronic Check,0,Fiber optic,1
6806,70,M,58,112.38,6505.9,One year,Electronic Check,0,Fiber optic,1
6807,72,M,8,106.35,822.67,Month-to-month,Bank Transfer,0,Fiber optic,1
6808,29,F,38,22.31,817.66,Two year,Electronic Check,1,None,0
6809,66,F,26,72.96,1932.58,Month-to-month,Credit Card,1,DSL,0
6810,34,M,64,20.43,1356.76,Two year,Credit Card,0,DSL,0
6811,59,M,30,98.96,2988.6,Month-to-month,Credit Card,0,DSL,1
6812,47,M,9,50.89,503.59,Month-to-month,Bank Transfer,0,DSL,1
6813,46,M,32,96.56,3074.92,One year,Credit Card,0,Fiber optic,1
6814,36,F,11,114.48,1272.04,One year,Credit Card,0,DSL,1
6815,63,F,34,117.61,3999.91,One year,Credit Card,0,DSL,1
6816,28,M,18,109.41,1967.58,Month-to-month,Electronic Check,1,Fiber optic,1
6817,51,M,19,40.41,781.03,Two year,Bank Transfer,0,Fiber optic,0
6818,67,M,54,39.46,2111.87,One year,Bank Transfer,1,Fiber optic,0
6819,24,M,37,82.58,3069.52,Month-to-month,Bank Transfer,1,DSL,1
6820,61,M,12,74.41,910.21,Month-to-month,Electronic Check,0,DSL,1
6821,75,F,4,20.95,117.41,Month-to-month,Credit Card,0,Fiber optic,1
6822,51,F,43,59.17,2567.36,Month-to-month,Bank Transfer,1,Fiber optic,1
6823,76,M,27,110.67,2970.07,Month-to-month,Bank Transfer,0,None,1
6824,37,F,51,109.84,5596.92,Two year,Credit Card,1,Fiber optic,1
6825,67,F,5,40.39,163.99,Month-to-month,Credit Card,0,Fiber optic,1
6826,55,F,6,58.2,324.93,One year,Electronic Check,0,Fiber optic,0
6827,41,M,56,76.04,4260.33,Month-to-month,Bank Transfer,1,DSL,0
6828,27,F,68,105.28,7119.12,Month-to-month,Bank Transfer,1,Fiber optic,1
6829,49,F,44,73.2,3227.86,Month-to-month,Bank Transfer,0,Fiber optic,1
6830,69,M,15,116.82,1741.33,Two year,Electronic Check,0,Fiber optic,1
6831,32,F,42,99.91,4149.7,Month-to-month,Bank Transfer,0,Fiber optic,1
6832,54,M,11,115.31,1261.85,Month-to-month,Bank Transfer,0,DSL,1
6833,37,F,11,93.15,1002.76,Month-to-month,Bank Transfer,0,Fiber optic,1
6834,20,M,66,107.76,7068.86,Month-to-month,Electronic Check,1,None,1
6835,54,M,27,103.1,2763.04,Two year,Bank Transfer,1,Fiber optic,1
6836,79,F,58,45.38,2611.45,Two year,Bank Transfer,1,Fiber optic,0
6837,74,F,72,42.95,3077.91,Month-to-month,Electronic Check,0,DSL,1
6838,57,M,21,106.44,2221.89,Month-to-month,Bank Transfer,0,None,1
6839,25,M,21,28.47,590.85,One year,Credit Card,1,Fiber optic,0
6840,57,F,72,60.86,4341.12,Month-to-month,Electronic Check,0,None,1
6841,61,F,1,102.07,52.6,One year,Credit Card,1,DSL,0
6842,73,F,58,101.32,5900.16,Month-to-month,Credit Card,0,Fiber optic,1
6843,40,F,13,33.88,424.17,Month-to-month,Bank Transfer,0,Fiber optic,1
6844,57,M,6,68.77,423.98,Month-to-month,Bank Transfer,0,Fiber optic,1
6845,28,M,58,67.98,3923.54,Two year,Bank Transfer,0,DSL,0
6846,63,M,17,52.37,938.71,Month-to-month,Electronic Check,1,Fiber optic,1
6847,25,F,12,111.72,1322.18,Month-to-month,Electronic Check,0,Fiber optic,1
6848,46,F,52,85.31,4446.62,Month-to-month,Electronic Check,1,DSL,1
6849,47,M,70,118.02,8233.4,Month-to-month,Credit Card,1,Fiber optic,1
6850,73,M,52,26.68,1389.14,Month-to-month,Electronic Check,1,DSL,0
6851,77,M,37,59.44,2207.21,Month-to-month,Electronic Check,0,DSL,1
6852,27,M,3,103.51,278.81,Two year,Bank Transfer,0,DSL,1
6853,56,M,8,62.27,460.53,Month-to-month,Credit Card,0,Fiber optic,1
6854,45,M,10,46.19,509.26,Month-to-month,Electronic Check,1,DSL,0
6855,66,F,47,119.78,5668.99,Two year,Bank Transfer,0,Fiber optic,1
6856,53,M,41,107.31,4415.72,One year,Bank Transfer,0,Fiber optic,1
6857,78,M,64,74.65,4813.71,One year,Electronic Check,0,Fiber optic,0
6858,30,M,42,76.17,3158.7,One year,Credit Card,1,Fiber optic,0
6859,49,M,43,20.69,912.61,One year,Credit Card,1,Fiber optic,0
6860,53,M,9,118.1,1041.46,Month-to-month,Electronic Check,0,Fiber optic,1
6861,54,M,14,100.63,1412.77,One year,Electronic Check,0,None,1
6862,43,M,4,23.67,121.16,Month-to-month,Electronic Check,0,Fiber optic,1
6863,39,F,2,37.63,28.61,Month-to-month,Credit Card,1,Fiber optic,1
6864,21,M,1,102.1,121.58,Month-to-month,Credit Card,0,Fiber optic,1
6865,48,F,65,28.69,1858.34,One year,Bank Transfer,0,None,0
6866,35,F,46,114.18,5246.25,Two year,Bank Transfer,1,Fiber optic,0
6867,55,F,59,119.99,7120.14,One year,Credit Card,0,Fiber optic,1
6868,41,M,7,108.64,796.45,Month-to-month,Bank Transfer,0,Fiber optic,1
6869,73,M,66,93.89,6152.49,Month-to-month,Credit Card,0,Fiber optic,1
6870,40,M,15,68.73,1042.78,One year,Bank Transfer,1,Fiber optic,0
6871,39,M,72,28.24,2026.86,One year,Electronic Check,1,Fiber optic,0
6872,19,M,47,93.04,4334.66,Month-to-month,Credit Card,0,DSL,1
6873,48,M,40,59.69,2422.71,Month-to-month,Bank Transfer,1,Fiber optic,1
6874,72,M,42,77.02,3191.99,One year,Electronic Check,1,Fiber optic,0
6875,28,M,51,49.34,2469.55,Month-to-month,Bank Transfer,1,Fiber optic,1
6876,45,M,35,44.22,1517.45,Month-to-month,Bank Transfer,1,None,0
6877,63,M,41,52.43,2129.97,One year,Electronic Check,1,DSL,0
6878,49,F,57,101.38,5734.75,Month-to-month,Electronic Check,0,Fiber optic,1
6879,79,M,38,62.65,2394.83,Month-to-month,Credit Card,0,Fiber optic,1
6880,22,M,72,51.17,3677.96,Two year,Bank Transfer,0,DSL,0
6881,55,M,8,63.3,497.62,One year,Electronic Check,0,DSL,0
6882,27,F,63,23.23,1428.02,Month-to-month,Bank Transfer,0,Fiber optic,1
6883,57,M,4,109.06,430.02,Month-to-month,Electronic Check,0,Fiber optic,1
6884,63,M,48,75.18,3597.66,Month-to-month,Credit Card,0,Fiber optic,1
6885,41,F,52,30.48,1573.32,Month-to-month,Electronic Check,0,DSL,1
6886,52,M,38,48.84,1827.78,One year,Bank Transfer,0,Fiber optic,0
6887,61,F,5,118.36,551.24,Month-to-month,Bank Transfer,0,Fiber optic,1
6888,65,F,70,79.31,5527.77,One year,Credit Card,0,Fiber optic,0
6889,77,F,24,49.14,1196.09,Two year,Credit Card,0,DSL,0
6890,79,F,17,62.63,1022.0,Month-to-month,Electronic Check,0,Fiber optic,1
6891,40,M,26,45.85,1180.33,Month-to-month,Electronic Check,1,Fiber optic,1
6892,34,F,3,23.18,70.98,One year,Bank Transfer,1,DSL,0
6893,18,F,2,104.2,254.72,One year,Electronic Check,0,Fiber optic,1
6894,72,M,2,49.25,132.88,Month-to-month,Credit Card,0,Fiber optic,1
6895,48,M,22,103.84,2326.14,Month-to-month,Electronic Check,0,None,1
6896,48,M,71,67.86,4850.06,One year,Credit Card,1,Fiber optic,0
6897,59,F,4,38.29,162.07,Month-to-month,Bank Transfer,1,Fiber optic,1
6898,74,M,38,100.19,3843.3,Month-to-month,Electronic Check,1,DSL,1
6899,72,F,70,57.71,4046.22,Month-to-month,Credit Card,0,Fiber optic,1
6900,59,F,52,90.77,4705.81,Two year,Electronic Check,0,DSL,1
6901,70,M,31,103.72,3202.55,Month-to-month,Credit Card,0,DSL,1
6902,73,M,26,116.3,3030.35,Month-to-month,Credit Card,0,Fiber optic,1
6903,51,M,36,28.58,1059.82,Month-to-month,Credit Card,1,DSL,0
6904,26,M,26,20.84,505.21,Two year,Electronic Check,0,DSL,0
6905,39,M,28,74.84,2049.45,Month-to-month,Credit Card,1,Fiber optic,1
6906,30,M,5,46.42,261.06,One year,Electronic Check,0,DSL,0
6907,42,F,18,66.91,1219.14,Month-to-month,Credit Card,0,Fiber optic,1
6908,65,F,15,27.27,441.18,One year,Credit Card,1,Fiber optic,0
6909,35,M,57,70.16,4046.79,One year,Electronic Check,0,Fiber optic,0
6910,68,F,5,32.49,137.59,Month-to-month,Electronic Check,0,DSL,1
6911,29,F,37,103.86,3812.25,Month-to-month,Electronic Check,1,Fiber optic,1
6912,57,F,22,95.95,2095.0,Month-to-month,Bank Transfer,0,Fiber optic,1
6913,34,F,52,27.41,1463.12,Month-to-month,Bank Transfer,1,Fiber optic,1
6914,32,F,15,103.64,1506.0,One year,Bank Transfer,1,Fiber optic,1
6915,59,F,17,52.5,843.55,Month-to-month,Credit Card,0,DSL,1
6916,32,M,51,55.29,2791.47,One year,Credit Card,0,DSL,0
6917,32,M,45,37.98,1696.69,Month-to-month,Credit Card,1,Fiber optic,1
6918,72,M,63,103.53,6502.62,Month-to-month,Electronic Check,0,Fiber optic,1
6919,56,F,28,60.47,1725.65,Month-to-month,Bank Transfer,1,DSL,0
6920,30,M,59,24.88,1486.89,Month-to-month,Credit Card,0,Fiber optic,1
6921,34,M,21,116.62,2482.8,Month-to-month,Electronic Check,0,Fiber optic,1
6922,49,M,42,45.59,1903.16,Month-to-month,Bank Transfer,1,Fiber optic,1
6923,26,F,69,113.62,7849.36,Month-to-month,Bank Transfer,0,Fiber optic,1
6924,57,M,17,50.12,853.59,One year,Electronic Check,0,Fiber optic,0
6925,37,F,68,103.14,7010.99,Two year,Credit Card,0,Fiber optic,1
6926,43,M,7,86.42,583.75,One year,Bank Transfer,0,Fiber optic,1
6927,44,M,40,106.13,4266.12,Two year,Credit Card,0,DSL,1
6928,38,M,40,117.61,4706.8,Two year,Credit Card,0,Fiber optic,1
6929,35,F,43,107.15,4565.31,Month-to-month,Credit Card,0,Fiber optic,1
6930,30,F,51,60.37,3028.92,Month-to-month,Credit Card,0,Fiber optic,1
6931,33,F,23,101.45,2285.38,Month-to-month,Credit Card,1,Fiber optic,1
6932,26,F,32,91.17,2875.04,Month-to-month,Credit Card,0,Fiber optic,1
6933,29,F,31,26.16,798.06,Two year,Credit Card,0,Fiber optic,0
6934,61,M,17,112.98,1901.23,Month-to-month,Electronic Check,0,DSL,1
6935,55,M,58,66.6,3828.46,One year,Credit Card,0,DSL,0
6936,36,F,35,33.45,1172.29,Month-to-month,Credit Card,1,DSL,0
6937,77,F,30,62.54,1923.22,Two year,Bank Transfer,0,None,0
6938,24,M,64,80.31,5105.91,One year,Bank Transfer,0,Fiber optic,1
6939,74,F,53,77.29,4071.43,Month-to-month,Credit Card,0,Fiber optic,1
6940,52,M,51,77.48,3947.69,Month-to-month,Bank Transfer,0,Fiber optic,1
6941,65,F,37,45.58,1700.54,Two year,Electronic Check,1,DSL,0
6942,35,M,6,83.27,509.64,Two year,Electronic Check,1,DSL,0
6943,33,F,34,110.74,3767.28,One year,Electronic Check,0,DSL,1
6944,72,F,56,58.87,3320.45,One year,Bank Transfer,1,Fiber optic,0
6945,56,M,25,83.06,2111.09,Month-to-month,Electronic Check,0,None,1
6946,21,M,13,44.4,627.1,Month-to-month,Electronic Check,0,DSL,1
6947,76,F,63,24.83,1560.84,Two year,Bank Transfer,1,Fiber optic,0
6948,42,F,66,78.57,5235.12,Month-to-month,Credit Card,1,DSL,0
6949,49,M,5,24.75,146.8,Month-to-month,Credit Card,0,Fiber optic,1
6950,79,F,11,92.36,1031.69,Month-to-month,Credit Card,0,DSL,1
6951,57,M,44,87.04,3843.73,One year,Bank Transfer,0,Fiber optic,1
6952,30,M,69,56.93,3969.24,One year,Credit Card,0,Fiber optic,0
6953,62,F,2,61.13,167.05,Month-to-month,Electronic Check,0,Fiber optic,1
6954,34,M,40,111.78,4439.05,Month-to-month,Credit Card,0,DSL,1
6955,66,M,37,21.31,787.81,Month-to-month,Electronic Check,0,Fiber optic,1
6956,54,F,49,76.33,3784.31,One year,Credit Card,0,Fiber optic,0
6957,23,M,36,112.34,4032.45,Two year,Credit Card,0,DSL,1
6958,36,M,70,111.4,7771.27,Month-to-month,Credit Card,0,Fiber optic,1
6959,30,M,34,78.47,2628.25,Month-to-month,Bank Transfer,0,Fiber optic,1
6960,74,M,58,58.12,3380.68,One year,Credit Card,1,DSL,0
6961,77,F,37,29.89,1125.96,Month-to-month,Electronic Check,1,None,0
6962,43,M,60,37.38,2212.35,Month-to-month,Electronic Check,1,DSL,0
6963,31,F,12,87.97,1073.0,Month-to-month,Credit Card,0,Fiber optic,1
6964,48,M,32,21.66,733.08,One year,Bank Transfer,0,Fiber optic,0
6965,71,F,4,108.35,407.76,Month-to-month,Credit Card,1,Fiber optic,1
6966,21,M,33,78.79,2562.27,Two year,Credit Card,0,Fiber optic,0
6967,77,F,43,24.51,1087.47,Month-to-month,Electronic Check,0,Fiber optic,1
6968,56,M,9,43.98,437.46,Month-to-month,Bank Transfer,0,Fiber optic,1
6969,25,M,51,79.42,4021.91,Month-to-month,Electronic Check,0,Fiber optic,1
6970,42,M,20,23.56,493.34,One year,Bank Transfer,1,Fiber optic,0
6971,30,M,39,98.0,3831.09,Two year,Credit Card,1,DSL,0
6972,49,F,23,111.99,2549.69,Month-to-month,Electronic Check,0,Fiber optic,1
6973,76,F,41,116.12,4793.29,Month-to-month,Credit Card,0,DSL,1
6974,55,M,44,93.37,4105.32,Month-to-month,Credit Card,0,Fiber optic,1
6975,55,F,35,105.68,3718.83,Month-to-month,Electronic Check,1,Fiber optic,1
6976,73,M,23,81.07,1844.75,One year,Credit Card,1,DSL,0
6977,45,M,58,65.85,3850.88,One year,Bank Transfer,1,Fiber optic,0
6978,70,F,48,91.31,4359.31,Month-to-month,Credit Card,1,Fiber optic,1
6979,47,F,58,42.42,2446.84,Two year,Bank Transfer,0,Fiber optic,0
6980,20,F,57,30.98,1755.01,One year,Credit Card,0,Fiber optic,0
6981,45,M,39,96.19,3722.05,Month-to-month,Bank Transfer,0,Fiber optic,1
6982,20,M,28,115.82,3280.4,Month-to-month,Electronic Check,1,Fiber optic,1
6983,62,F,64,77.75,4937.35,Month-to-month,Credit Card,1,Fiber optic,1
6984,71,M,62,68.25,4237.81,Month-to-month,Electronic Check,0,Fiber optic,1
6985,51,F,62,73.44,4584.7,Month-to-month,Electronic Check,0,Fiber optic,1
6986,33,F,26,67.85,1772.19,One year,Bank Transfer,0,DSL,0
6987,39,F,51,64.22,3257.91,Month-to-month,Credit Card,0,Fiber optic,1
6988,49,F,50,114.7,5763.14,Month-to-month,Electronic Check,0,None,1
6989,78,F,36,67.98,2447.2,One year,Credit Card,1,Fiber optic,0
6990,55,F,26,28.11,697.16,One year,Bank Transfer,1,Fiber optic,0
6991,25,M,33,96.55,3167.84,Two year,Electronic Check,0,DSL,1
6992,72,M,68,59.16,4032.07,Two year,Bank Transfer,1,Fiber optic,0
6993,25,F,8,91.07,744.44,Month-to-month,Electronic Check,0,Fiber optic,1
6994,79,F,66,77.96,5150.17,Month-to-month,Bank Transfer,0,Fiber optic,1
6995,74,F,23,91.32,2077.56,Two year,Credit Card,0,Fiber optic,1
6996,23,M,70,26.2,1843.38,Two year,Electronic Check,1,Fiber optic,0
6997,31,F,55,23.39,1269.7,Month-to-month,Electronic Check,0,None,1
6998,49,F,43,57.85,2460.04,Month-to-month,Credit Card,1,DSL,0
6999,52,F,21,89.32,1920.27,Month-to-month,Electronic Check,1,Fiber optic,1
7000,27,M,22,42.37,913.63,One year,Bank Transfer,0,Fiber optic,0
7001,20,F,9,63.34,553.62,One year,Electronic Check,0,Fiber optic,0
7002,76,M,34,118.08,4054.4,One year,Electronic Check,0,Fiber optic,1
7003,29,M,59,41.49,2412.18,Month-to-month,Electronic Check,0,Fiber optic,1
7004,66,F,26,104.79,2733.0,Month-to-month,Bank Transfer,0,None,1
7005,76,M,1,102.55,130.92,Month-to-month,Credit Card,0,Fiber optic,1
7006,48,M,5,109.14,523.07,Month-to-month,Bank Transfer,0,None,1
7007,46,M,41,111.51,4606.32,Two year,Bank Transfer,0,Fiber optic,1
7008,22,F,63,70.73,4482.95,Month-to-month,Electronic Check,0,Fiber optic,1
7009,79,M,22,88.19,1938.79,Month-to-month,Electronic Check,1,DSL,1
7010,69,F,68,81.89,5530.39,One year,Credit Card,1,DSL,0
7011,42,F,48,50.89,2489.73,Month-to-month,Electronic Check,0,DSL,1
7012,58,F,66,47.98,3179.1,Two year,Bank Transfer,1,Fiber optic,0
7013,48,M,16,54.16,868.27,Month-to-month,Electronic Check,0,DSL,1
7014,79,F,53,41.85,2256.59,One year,Electronic Check,1,Fiber optic,0
7015,38,M,65,95.74,6215.24,One year,Credit Card,1,Fiber optic,1
7016,75,M,64,116.46,7459.8,Month-to-month,Bank Transfer,0,Fiber optic,1
7017,37,M,68,106.78,7296.88,Month-to-month,Bank Transfer,0,Fiber optic,1
7018,56,M,63,41.79,2622.07,Month-to-month,Credit Card,0,Fiber optic,1
7019,39,F,62,25.19,1589.02,Month-to-month,Bank Transfer,1,Fiber optic,1
7020,21,F,71,95.71,6771.02,Month-to-month,Bank Transfer,0,DSL,1
7021,30,M,45,59.02,2676.14,Two year,Electronic Check,0,DSL,0
7022,62,F,52,102.46,5328.96,Month-to-month,Credit Card,0,DSL,1
7023,59,F,65,97.92,6331.29,Month-to-month,Credit Card,1,DSL,1
7024,67,F,2,82.54,128.68,Month-to-month,Electronic Check,1,Fiber optic,1
7025,66,M,49,45.53,2226.74,One year,Credit Card,0,Fiber optic,0
7026,37,F,22,30.4,689.88,Two year,Credit Card,0,Fiber optic,0
7027,69,M,29,45.26,1322.87,Month-to-month,Electronic Check,0,Fiber optic,1
7028,30,F,35,70.98,2519.77,Month-to-month,Electronic Check,1,Fiber optic,1
7029,34,M,24,117.95,2819.77,Month-to-month,Bank Transfer,0,Fiber optic,1
7030,71,M,30,26.37,825.46,Month-to-month,Bank Transfer,1,DSL,0
7031,53,M,42,40.01,1634.12,Month-to-month,Electronic Check,0,Fiber optic,1
7032,50,F,71,82.73,5860.41,Month-to-month,Credit Card,0,Fiber optic,1
7033,18,M,50,50.44,2479.3,Two year,Electronic Check,1,Fiber optic,0
7034,32,F,71,105.85,7557.27,Month-to-month,Electronic Check,1,DSL,1
7035,30,M,60,33.94,2033.93,Two year,Electronic Check,0,Fiber optic,0
7036,34,F,30,116.32,3471.22,Month-to-month,Bank Transfer,1,DSL,1
7037,41,M,12,111.24,1334.13,Two year,Electronic Check,1,Fiber optic,0
7038,75,F,49,108.75,5332.03,Two year,Credit Card,0,DSL,1
7039,25,M,46,37.31,1750.88,Two year,Electronic Check,0,DSL,0
7040,67,M,43,52.95,2281.09,One year,Electronic Check,0,DSL,0
7041,44,M,2,100.41,193.96,Month-to-month,Electronic Check,1,Fiber optic,1
7042,62,F,54,100.78,5488.26,Month-to-month,Bank Transfer,0,DSL,1
7043,40,M,35,90.52,3215.06,One year,Credit Card,0,DSL,1
7044,63,M,52,64.81,3323.96,Two year,Credit Card,0,None,0
7045,25,M,33,51.16,1708.96,Month-to-month,Bank Transfer,1,DSL,0
7046,25,M,72,116.3,8360.78,Two year,Bank Transfer,0,DSL,1
7047,76,F,51,33.93,1747.95,One year,Bank Transfer,1,DSL,0
7048,43,M,26,24.38,647.57,Month-to-month,Credit Card,0,Fiber optic,1
7049,64,M,62,20.91,1279.43,Month-to-month,Credit Card,0,DSL,1
7050,76,F,61,97.5,5996.17,Month-to-month,Electronic Check,0,Fiber optic,1
7051,30,F,26,25.67,653.13,Month-to-month,Credit Card,0,None,1
7052,56,F,37,73.86,2746.02,One year,Bank Transfer,0,Fiber optic,0
7053,54,M,30,56.73,1733.24,Month-to-month,Credit Card,1,Fiber optic,1
7054,66,F,11,34.69,346.14,Month-to-month,Credit Card,0,None,1
7055,45,F,53,94.06,4965.24,One year,Credit Card,0,Fiber optic,1
7056,42,F,41,25.5,1015.4,Two year,Credit Card,1,Fiber optic,0
7057,78,M,5,51.84,287.38,Month-to-month,Electronic Check,0,Fiber optic,1
7058,33,M,66,76.22,5060.64,Month-to-month,Bank Transfer,1,DSL,0
7059,72,M,13,60.24,758.71,Two year,Credit Card,0,DSL,0
7060,19,F,63,45.91,2842.74,Month-to-month,Bank Transfer,0,DSL,1
7061,71,M,25,112.6,2807.34,Month-to-month,Bank Transfer,0,Fiber optic,1
7062,35,F,44,113.1,4995.11,Two year,Credit Card,0,Fiber optic,1
7063,34,F,14,61.61,874.79,Month-to-month,Electronic Check,1,DSL,0
7064,47,F,69,59.37,4091.1,Month-to-month,Electronic Check,0,Fiber optic,1
7065,56,M,59,50.74,2973.85,Month-to-month,Electronic Check,1,Fiber optic,1
7066,30,F,56,105.58,5909.92,Month-to-month,Credit Card,0,Fiber optic,1
7067,49,F,52,76.79,3944.59,One year,Credit Card,0,Fiber optic,0
7068,67,M,66,28.95,1868.09,Month-to-month,Credit Card,0,DSL,1
7069,46,F,68,105.33,7128.71,Month-to-month,Credit Card,0,Fiber optic,1
7070,63,F,12,73.49,894.42,One year,Credit Card,0,DSL,0
7071,47,F,68,61.56,4157.96,One year,Bank Transfer,0,DSL,0
7072,35,M,43,53.79,2305.31,One year,Bank Transfer,0,Fiber optic,0
7073,30,F,6,29.94,191.78,Month-to-month,Credit Card,0,DSL,1
7074,60,M,15,115.67,1768.11,Month-to-month,Electronic Check,1,Fiber optic,1
7075,38,M,42,94.12,3958.01,Month-to-month,Bank Transfer,0,Fiber optic,1
7076,47,F,31,33.18,996.29,Month-to-month,Credit Card,0,Fiber optic,1
7077,38,F,53,71.13,3815.06,Month-to-month,Credit Card,0,None,1
7078,65,F,6,75.56,412.36,One year,Bank Transfer,0,None,0
7079,72,F,33,36.79,1200.78,Two year,Bank Transfer,1,None,0
7080,34,M,29,62.72,1861.01,Month-to-month,Credit Card,0,DSL,1
7081,57,M,21,84.57,1786.2,Month-to-month,Electronic Check,0,Fiber optic,1
7082,36,F,54,48.4,2629.87,Month-to-month,Credit Card,1,DSL,0
7083,69,M,56,53.16,2957.13,Month-to-month,Bank Transfer,0,Fiber optic,1
7084,32,F,21,32.2,634.05,Month-to-month,Bank Transfer,0,Fiber optic,1
7085,26,F,55,61.32,3359.18,Month-to-month,Credit Card,0,DSL,1
7086,69,F,58,78.39,4536.84,One year,Bank Transfer,1,DSL,0
7087,27,F,64,31.65,2002.63,Month-to-month,Credit Card,0,Fiber optic,1
7088,61,M,46,81.48,3719.63,Month-to-month,Electronic Check,0,Fiber optic,1
7089,48,M,22,59.78,1300.71,Two year,Electronic Check,0,Fiber optic,0
7090,70,F,60,87.82,5283.14,Month-to-month,Credit Card,0,DSL,1
7091,40,F,11,51.48,611.18,Two year,Bank Transfer,1,None,0
7092,69,M,47,76.85,3632.33,Month-to-month,Bank Transfer,1,Fiber optic,1
7093,47,M,31,81.28,2547.64,Month-to-month,Electronic Check,0,Fiber optic,1
7094,50,M,18,89.05,1583.51,Month-to-month,Bank Transfer,0,Fiber optic,1
7095,74,F,22,95.69,2065.65,One year,Bank Transfer,0,None,1
7096,69,M,56,33.64,1862.99,Month-to-month,Credit Card,0,Fiber optic,1
7097,26,F,17,116.52,1971.11,Month-to-month,Electronic Check,1,Fiber optic,1
7098,71,F,38,104.36,3984.67,Month-to-month,Electronic Check,0,Fiber optic,1
7099,64,M,25,76.23,1949.69,Month-to-month,Credit Card,1,None,0
7100,18,F,32,109.04,3520.21,Month-to-month,Credit Card,1,Fiber optic,1
7101,61,M,15,58.24,850.24,One year,Electronic Check,0,Fiber optic,0
7102,52,F,13,23.43,336.62,Month-to-month,Electronic Check,1,Fiber optic,1
7103,28,F,58,92.7,5367.77,Month-to-month,Credit Card,1,Fiber optic,1
7104,51,F,50,114.33,5684.04,Month-to-month,Electronic Check,1,None,1
7105,33,F,11,36.19,394.22,Month-to-month,Electronic Check,1,Fiber optic,1
7106,26,F,13,84.39,1103.39,One year,Bank Transfer,0,DSL,1
7107,49,F,50,101.34,5093.34,Month-to-month,Electronic Check,1,DSL,1
7108,32,M,38,110.51,4184.37,Month-to-month,Credit Card,0,Fiber optic,1
7109,29,M,1,47.65,12.33,Two year,Bank Transfer,1,Fiber optic,0
7110,50,F,39,32.87,1241.37,Month-to-month,Bank Transfer,0,Fiber optic,1
7111,62,M,27,44.79,1170.57,Two year,Electronic Check,0,Fiber optic,0
7112,31,F,36,77.77,2844.72,Month-to-month,Bank Transfer,0,Fiber optic,1
7113,74,M,32,111.87,3625.02,Month-to-month,Credit Card,0,DSL,1
7114,74,M,41,78.25,3255.13,Month-to-month,Credit Card,0,Fiber optic,1
7115,25,F,15,111.96,1659.65,Month-to-month,Electronic Check,0,DSL,1
7116,25,M,31,97.0,2976.16,One year,Electronic Check,0,None,1
7117,44,F,6,79.84,527.13,Two year,Credit Card,1,DSL,0
7118,79,M,52,22.18,1202.19,Month-to-month,Credit Card,0,DSL,1
7119,29,F,22,53.31,1130.66,Month-to-month,Electronic Check,0,Fiber optic,1
7120,18,M,31,25.75,823.5,Month-to-month,Credit Card,0,Fiber optic,1
7121,60,F,46,52.22,2380.99,Month-to-month,Electronic Check,0,None,1
7122,57,M,67,26.23,1798.34,One year,Bank Transfer,0,Fiber optic,0
7123,59,F,43,36.78,1540.46,Month-to-month,Bank Transfer,0,DSL,1
7124,79,M,1,61.07,99.93,Month-to-month,Electronic Check,0,None,1
7125,68,F,44,71.49,3095.82,Month-to-month,Electronic Check,0,Fiber optic,1
7126,28,M,57,41.71,2379.67,Month-to-month,Electronic Check,0,None,1
7127,56,F,9,93.26,822.9,Month-to-month,Credit Card,1,Fiber optic,1
7128,60,M,5,79.04,387.93,Month-to-month,Electronic Check,0,DSL,1
7129,48,F,9,89.18,796.0,One year,Electronic Check,0,Fiber optic,1
7130,34,F,45,93.28,4212.96,Month-to-month,Bank Transfer,0,DSL,1
7131,50,F,24,92.69,2176.87,Month-to-month,Electronic Check,0,DSL,1
7132,49,F,42,113.62,4791.18,Month-to-month,Electronic Check,0,None,1
7133,75,M,22,43.72,914.06,One year,Bank Transfer,0,None,0
7134,46,M,60,47.02,2789.73,Month-to-month,Credit Card,0,None,1
7135,38,M,37,29.42,1099.21,Month-to-month,Electronic Check,1,Fiber optic,1
7136,38,F,39,79.26,3049.78,One year,Electronic Check,0,DSL,0
7137,57,F,53,59.52,3203.65,Month-to-month,Electronic Check,1,DSL,0
7138,40,F,28,69.62,1977.8,Two year,Electronic Check,1,Fiber optic,0
7139,73,F,15,36.98,575.27,Two year,Bank Transfer,0,Fiber optic,0
7140,23,F,60,84.91,5071.37,One year,Bank Transfer,0,Fiber optic,1
7141,39,M,60,81.9,4868.86,One year,Bank Transfer,0,Fiber optic,1
7142,67,M,6,46.48,326.76,One year,Electronic Check,0,Fiber optic,0
7143,55,M,52,66.54,3424.86,Month-to-month,Credit Card,0,None,1
7144,54,F,12,109.43,1346.22,Month-to-month,Electronic Check,0,Fiber optic,1
7145,62,F,19,97.35,1819.4,One year,Electronic Check,1,Fiber optic,0
7146,68,F,2,42.69,72.79,One year,Credit Card,1,None,0
7147,71,F,55,107.89,5953.31,Two year,Electronic Check,1,None,0
7148,25,F,15,26.73,445.49,Two year,Bank Transfer,0,Fiber optic,0
7149,58,F,64,61.39,3880.94,Month-to-month,Bank Transfer,0,Fiber optic,1
7150,66,F,69,28.01,1908.77,One year,Credit Card,1,DSL,0
7151,52,M,15,112.42,1712.8,One year,Bank Transfer,0,None,1
7152,68,M,43,24.07,1002.35,Two year,Credit Card,0,DSL,0
7153,28,F,17,35.12,558.19,Month-to-month,Credit Card,0,Fiber optic,1
7154,41,F,24,111.5,2630.62,One year,Electronic Check,0,Fiber optic,1
7155,66,F,30,78.22,2346.85,Month-to-month,Bank Transfer,0,Fiber optic,1
7156,38,M,67,99.52,6694.61,Month-to-month,Credit Card,0,Fiber optic,1
7157,68,M,51,21.64,1149.81,Month-to-month,Electronic Check,0,Fiber optic,1
7158,19,F,60,61.91,3691.35,Two year,Credit Card,0,Fiber optic,0
7159,57,M,3,118.45,317.49,One year,Bank Transfer,0,DSL,1
7160,36,M,5,77.98,380.16,Month-to-month,Bank Transfer,0,None,1
7161,56,M,28,104.97,2894.7,Month-to-month,Electronic Check,0,Fiber optic,1
7162,45,F,11,116.36,1263.1,One year,Credit Card,0,DSL,1
7163,76,M,72,88.5,6386.31,Two year,Bank Transfer,0,Fiber optic,1
7164,34,M,72,52.76,3765.54,Month-to-month,Bank Transfer,1,Fiber optic,1
7165,23,F,15,50.86,776.09,Two year,Bank Transfer,1,Fiber optic,0
7166,36,F,48,27.13,1349.43,Month-to-month,Bank Transfer,0,Fiber optic,1
7167,73,M,46,62.78,2924.3,Two year,Bank Transfer,0,Fiber optic,0
7168,55,F,28,111.54,3108.8,One year,Credit Card,0,Fiber optic,1
7169,45,M,7,67.81,466.82,Month-to-month,Credit Card,0,Fiber optic,1
7170,19,M,71,111.1,7880.03,Month-to-month,Electronic Check,0,None,1
7171,55,F,6,101.71,646.25,Month-to-month,Bank Transfer,0,None,1
7172,72,F,58,118.42,6917.74,Month-to-month,Electronic Check,0,DSL,1
7173,54,M,68,114.77,7836.95,One year,Credit Card,1,Fiber optic,1
7174,68,F,55,90.65,4991.56,Month-to-month,Credit Card,0,Fiber optic,1
7175,69,F,67,107.12,7136.78,Two year,Electronic Check,0,Fiber optic,1
7176,21,M,49,94.81,4691.14,One year,Credit Card,0,Fiber optic,1
7177,39,M,51,90.34,4643.34,Two year,Bank Transfer,0,Fiber optic,1
7178,43,M,59,91.56,5436.18,One year,Bank Transfer,0,Fiber optic,1
7179,66,M,6,92.1,541.78,Month-to-month,Credit Card,1,Fiber optic,1
7180,60,M,51,57.94,2949.66,Month-to-month,Bank Transfer,0,Fiber optic,1
7181,53,M,38,62.36,2331.65,Month-to-month,Electronic Check,0,Fiber optic,1
7182,75,F,11,49.41,587.3,One year,Credit Card,0,Fiber optic,0
7183,30,F,52,34.83,1855.48,Two year,Electronic Check,0,None,0
7184,69,M,20,65.84,1292.24,Month-to-month,Credit Card,1,Fiber optic,1
7185,75,F,10,109.99,1119.5,Month-to-month,Bank Transfer,0,DSL,1
7186,49,F,26,85.13,2183.73,One year,Bank Transfer,0,Fiber optic,1
7187,34,M,48,25.62,1219.05,Month-to-month,Bank Transfer,0,Fiber optic,1
7188,58,F,14,101.12,1395.92,Month-to-month,Bank Transfer,0,Fiber optic,1
7189,53,F,59,113.54,6687.82,Month-to-month,Electronic Check,0,DSL,1
7190,72,M,12,102.94,1216.18,One year,Electronic Check,1,Fiber optic,0
7191,77,F,23,92.75,2117.78,One year,Credit Card,0,Fiber optic,1
7192,63,F,72,35.01,2549.83,Month-to-month,Bank Transfer,0,None,1
7193,36,M,39,54.9,2121.1,Two year,Bank Transfer,1,DSL,0
7194,75,F,9,76.53,720.24,One year,Electronic Check,0,Fiber optic,0
7195,77,F,25,27.69,699.04,One year,Bank Transfer,0,Fiber optic,0
7196,52,F,17,30.63,548.75,Month-to-month,Bank Transfer,0,DSL,1
7197,63,M,42,113.43,4805.95,Month-to-month,Bank Transfer,0,Fiber optic,1
7198,57,M,29,90.27,2581.67,Month-to-month,Electronic Check,1,Fiber optic,1
7199,73,F,60,47.51,2834.99,Month-to-month,Electronic Check,0,DSL,1
7200,76,F,67,52.74,3489.14,Month-to-month,Bank Transfer,1,Fiber optic,1
7201,45,M,57,58.44,3321.77,Month-to-month,Electronic Check,0,Fiber optic,1
7202,18,M,72,27.51,1954.46,Two year,Bank Transfer,0,None,0
7203,59,F,14,93.92,1322.05,Month-to-month,Credit Card,0,Fiber optic,1
7204,35,M,39,37.68,1497.86,Month-to-month,Bank Transfer,0,Fiber optic,1
7205,65,F,16,100.51,1606.8,Month-to-month,Bank Transfer,0,None,1
7206,57,F,18,104.59,1865.98,One year,Credit Card,1,Fiber optic,1
7207,50,M,20,83.84,1642.06,Month-to-month,Bank Transfer,0,Fiber optic,1
7208,29,M,46,96.99,4414.22,Month-to-month,Bank Transfer,0,None,1
7209,25,F,45,37.18,1690.89,Month-to-month,Credit Card,1,Fiber optic,1
7210,41,F,4,77.59,263.41,Month-to-month,Bank Transfer,0,DSL,1
7211,33,M,20,87.68,1795.68,Month-to-month,Credit Card,0,DSL,1
7212,67,F,11,86.16,957.18,Month-to-month,Credit Card,0,Fiber optic,1
7213,21,M,65,31.73,2047.78,Month-to-month,Bank Transfer,0,DSL,1
7214,55,M,18,54.44,934.11,Month-to-month,Bank Transfer,1,Fiber optic,1
7215,61,M,39,52.5,2038.85,One year,Bank Transfer,0,Fiber optic,0
7216,44,M,44,77.25,3435.73,Month-to-month,Credit Card,1,Fiber optic,1
7217,26,M,18,96.52,1784.34,Month-to-month,Credit Card,0,Fiber optic,1
7218,64,F,47,77.06,3580.31,Month-to-month,Electronic Check,0,Fiber optic,1
7219,33,M,31,95.48,2987.59,Month-to-month,Credit Card,0,Fiber optic,1
7220,73,M,39,29.9,1141.94,One year,Electronic Check,0,Fiber optic,0
7221,29,M,38,107.81,4084.72,Month-to-month,Credit Card,1,Fiber optic,1
7222,48,M,47,73.66,3466.79,Two year,Bank Transfer,1,Fiber optic,0
7223,41,M,70,23.75,1711.97,Month-to-month,Bank Transfer,0,DSL,1
7224,72,M,8,84.32,645.44,Month-to-month,Bank Transfer,0,Fiber optic,1
7225,31,M,65,71.73,4625.5,One year,Electronic Check,1,Fiber optic,0
7226,62,F,13,42.04,556.02,Two year,Bank Transfer,0,Fiber optic,0
7227,42,F,55,96.44,5339.5,Month-to-month,Credit Card,0,DSL,1
7228,51,F,43,113.36,4889.3,Month-to-month,Bank Transfer,0,Fiber optic,1
7229,20,F,4,52.27,193.84,Month-to-month,Bank Transfer,1,Fiber optic,1
7230,75,M,71,69.39,4974.39,Month-to-month,Credit Card,0,Fiber optic,1
7231,41,F,60,32.82,2018.7,Two year,Electronic Check,0,Fiber optic,0
7232,79,M,12,112.98,1382.82,Month-to-month,Bank Transfer,0,Fiber optic,1
7233,71,F,59,51.88,3091.16,Month-to-month,Electronic Check,0,DSL,1
7234,59,F,54,39.48,2158.0,One year,Electronic Check,1,DSL,0
7235,26,M,44,67.84,2960.73,Month-to-month,Bank Transfer,1,Fiber optic,1
7236,43,M,16,24.33,354.31,Month-to-month,Credit Card,0,Fiber optic,1
7237,37,F,6,45.28,277.12,Month-to-month,Electronic Check,0,Fiber optic,1
7238,57,F,14,26.77,420.19,Month-to-month,Credit Card,0,None,1
7239,27,F,58,32.74,1936.75,Two year,Electronic Check,0,Fiber optic,0
7240,36,F,31,31.22,928.51,Month-to-month,Bank Transfer,1,DSL,0
7241,20,M,41,107.24,4352.54,Two year,Credit Card,1,Fiber optic,0
7242,41,F,35,113.04,3993.78,Month-to-month,Credit Card,0,Fiber optic,1
7243,22,F,10,67.45,685.8,One year,Electronic Check,1,DSL,0
7244,20,F,30,83.04,2471.63,Month-to-month,Credit Card,0,Fiber optic,1
7245,75,F,44,89.59,3948.14,Two year,Bank Transfer,1,Fiber optic,0
7246,44,F,55,59.13,3224.32,One year,Credit Card,0,Fiber optic,0
7247,33,M,71,57.02,4093.12,Month-to-month,Credit Card,0,DSL,1
7248,66,M,18,87.56,1608.8,Month-to-month,Electronic Check,0,Fiber optic,1
7249,32,M,39,57.67,2295.35,Two year,Credit Card,0,Fiber optic,0
7250,52,M,42,78.1,3248.91,One year,Credit Card,0,Fiber optic,0
7251,29,M,54,71.52,3896.45,Month-to-month,Bank Transfer,0,DSL,1
7252,58,F,30,72.45,2179.53,One year,Credit Card,0,Fiber optic,0
7253,70,M,20,102.94,2041.3,Month-to-month,Bank Transfer,0,DSL,1
7254,61,M,42,90.41,3795.19,One year,Credit Card,0,Fiber optic,1
7255,43,F,5,116.07,624.79,One year,Credit Card,0,DSL,1
7256,64,M,50,99.1,4974.15,Month-to-month,Bank Transfer,0,Fiber optic,1
7257,51,M,41,34.58,1403.77,Month-to-month,Credit Card,1,Fiber optic,1
7258,40,M,39,93.85,3710.14,Month-to-month,Credit Card,0,Fiber optic,1
7259,48,M,57,86.56,4918.49,Two year,Electronic Check,0,DSL,1
7260,67,F,57,84.6,4853.57,Month-to-month,Electronic Check,0,Fiber optic,1
7261,37,F,37,68.07,2547.03,One year,Credit Card,0,DSL,0
7262,29,M,7,26.25,206.04,Month-to-month,Bank Transfer,0,DSL,1
7263,40,F,5,115.15,592.69,Month-to-month,Electronic Check,1,DSL,1
7264,21,M,51,105.19,5325.56,One year,Credit Card,0,Fiber optic,1
7265,40,F,8,68.68,598.94,Month-to-month,Electronic Check,0,Fiber optic,1
7266,65,F,56,35.86,1974.26,Month-to-month,Credit Card,0,Fiber optic,1
7267,72,F,11,102.45,1136.56,Month-to-month,Bank Transfer,0,DSL,1
7268,65,F,22,63.07,1362.45,Month-to-month,Electronic Check,0,Fiber optic,1
7269,18,F,11,59.01,615.99,Month-to-month,Electronic Check,0,DSL,1
7270,71,F,60,86.54,5198.35,Month-to-month,Credit Card,1,None,1
7271,42,F,15,95.87,1471.68,One year,Bank Transfer,0,DSL,1
7272,19,F,38,26.28,986.33,One year,Bank Transfer,0,Fiber optic,0
7273,47,F,1,96.76,54.48,Month-to-month,Bank Transfer,0,DSL,1
7274,20,F,46,93.39,4308.32,Month-to-month,Credit Card,0,Fiber optic,1
7275,75,F,43,78.92,3420.2,One year,Bank Transfer,0,Fiber optic,0
7276,38,M,22,53.84,1164.09,Two year,Bank Transfer,0,Fiber optic,0
7277,42,F,3,36.48,128.5,Month-to-month,Credit Card,0,Fiber optic,1
7278,37,M,14,30.27,381.36,Month-to-month,Bank Transfer,0,Fiber optic,1
7279,66,F,2,20.12,26.38,Month-to-month,Bank Transfer,1,Fiber optic,1
7280,69,M,61,40.65,2477.06,Month-to-month,Electronic Check,1,DSL,0
7281,39,M,32,61.13,1984.36,Month-to-month,Bank Transfer,1,DSL,0
7282,38,M,38,44.36,1669.49,Month-to-month,Electronic Check,0,Fiber optic,1
7283,79,F,46,50.9,2336.77,Month-to-month,Electronic Check,1,Fiber optic,1
7284,78,F,42,59.05,2492.94,One year,Electronic Check,1,None,0
7285,50,F,6,50.83,317.39,Month-to-month,Electronic Check,1,DSL,0
7286,69,F,41,92.46,3792.64,Month-to-month,Bank Transfer,0,DSL,1
7287,55,M,25,69.17,1712.1,Month-to-month,Electronic Check,0,Fiber optic,1
7288,78,F,11,21.93,258.22,Month-to-month,Electronic Check,1,Fiber optic,1
7289,32,F,41,42.67,1783.19,One year,Electronic Check,1,Fiber optic,0
7290,75,F,71,90.97,6424.25,Month-to-month,Bank Transfer,0,Fiber optic,1
7291,75,F,57,50.09,2839.18,Month-to-month,Credit Card,0,DSL,1
7292,63,F,46,112.01,5169.33,One year,Electronic Check,1,None,0
7293,69,F,48,91.27,4406.54,One year,Electronic Check,1,Fiber optic,1
7294,32,F,63,48.99,3114.52,Month-to-month,Credit Card,0,DSL,1
7295,63,F,39,71.64,2809.29,Month-to-month,Bank Transfer,0,Fiber optic,1
7296,42,M,10,86.72,865.03,One year,Electronic Check,0,DSL,1
7297,38,M,70,39.34,2768.38,Two year,Bank Transfer,0,DSL,0
7298,41,F,65,44.62,2863.8,Two year,Electronic Check,0,Fiber optic,0
7299,74,F,59,70.71,4142.67,Two year,Bank Transfer,0,Fiber optic,0
7300,75,F,36,112.49,4092.39,Month-to-month,Bank Transfer,1,Fiber optic,1
7301,22,F,27,54.4,1511.02,Month-to-month,Electronic Check,0,DSL,1
7302,23,M,55,60.21,3333.94,Month-to-month,Electronic Check,0,DSL,1
7303,66,M,70,39.06,2716.9,Month-to-month,Bank Transfer,1,Fiber optic,1
7304,60,F,53,79.32,4218.84,Month-to-month,Electronic Check,0,Fiber optic,1
7305,65,M,60,94.02,5659.98,Month-to-month,Credit Card,0,Fiber optic,1
7306,61,M,61,64.06,3909.17,Month-to-month,Bank Transfer,0,DSL,1
7307,64,F,36,95.02,3445.57,Month-to-month,Credit Card,0,Fiber optic,1
7308,40,F,27,50.26,1309.99,One year,Electronic Check,0,DSL,0
7309,21,F,41,90.7,3694.32,Month-to-month,Credit Card,0,Fiber optic,1
7310,44,M,28,45.83,1312.69,Month-to-month,Credit Card,0,Fiber optic,1
7311,35,M,16,98.06,1612.83,Month-to-month,Bank Transfer,0,DSL,1
7312,38,F,35,103.06,3644.71,Month-to-month,Credit Card,0,Fiber optic,1
7313,45,F,36,99.77,3613.37,One year,Electronic Check,0,DSL,1
7314,52,M,56,41.55,2293.35,Two year,Bank Transfer,1,DSL,0
7315,39,M,19,89.42,1685.85,Month-to-month,Electronic Check,1,Fiber optic,1
7316,57,F,57,73.85,4164.47,Month-to-month,Electronic Check,1,DSL,0
7317,40,M,33,118.6,3927.79,Month-to-month,Credit Card,0,DSL,1
7318,20,F,23,56.16,1286.67,Two year,Electronic Check,0,None,0
7319,57,F,63,97.13,6126.49,Month-to-month,Credit Card,0,DSL,1
7320,67,M,70,57.01,4038.64,One year,Bank Transfer,0,DSL,0
7321,27,M,22,59.69,1303.41,One year,Bank Transfer,0,DSL,0
7322,42,M,67,31.1,2064.37,One year,Credit Card,0,DSL,0
7323,69,F,59,43.97,2559.29,Two year,Bank Transfer,0,None,0
7324,66,F,25,36.45,875.61,Month-to-month,Bank Transfer,0,DSL,1
7325,25,F,17,35.92,612.5,Month-to-month,Bank Transfer,1,Fiber optic,1
7326,72,F,39,20.9,840.02,One year,Bank Transfer,1,Fiber optic,0
7327,28,F,39,99.38,3882.27,One year,Credit Card,0,Fiber optic,1
7328,78,F,24,66.79,1640.29,One year,Credit Card,1,None,0
7329,22,M,38,100.42,3797.55,One year,Electronic Check,0,DSL,1
7330,75,F,57,81.26,4641.32,One year,Electronic Check,0,Fiber optic,1
7331,62,F,44,103.13,4553.84,Two year,Bank Transfer,0,DSL,1
7332,70,F,36,70.38,2511.75,Month-to-month,Credit Card,0,Fiber optic,1
7333,72,F,70,29.4,2047.63,Month-to-month,Credit Card,0,DSL,1
7334,54,M,45,81.68,3684.69,One year,Credit Card,0,Fiber optic,1
7335,73,F,26,87.78,2234.37,Month-to-month,Electronic Check,0,Fiber optic,1
7336,76,M,11,82.65,947.81,Month-to-month,Bank Transfer,0,DSL,1
7337,62,M,52,100.13,5167.87,One year,Credit Card,1,DSL,0
7338,55,F,25,93.15,2283.51,Month-to-month,Electronic Check,0,Fiber optic,1
7339,46,F,31,63.26,1932.56,Month-to-month,Credit Card,0,None,1
7340,22,M,45,101.91,4586.18,Month-to-month,Credit Card,0,None,1
7341,26,M,67,89.18,5957.93,Month-to-month,Electronic Check,0,Fiber optic,1
7342,76,F,40,32.04,1275.61,One year,Electronic Check,0,Fiber optic,0
7343,65,M,46,73.99,3361.97,Month-to-month,Credit Card,0,None,1
7344,19,F,54,92.86,4987.75,One year,Bank Transfer,1,Fiber optic,0
7345,18,F,41,75.33,3048.3,Month-to-month,Bank Transfer,1,DSL,0
7346,57,M,38,114.9,4339.17,Month-to-month,Electronic Check,1,DSL,1
7347,77,F,36,30.15,1105.73,Month-to-month,Credit Card,0,Fiber optic,1
7348,68,F,44,92.23,4065.65,Month-to-month,Electronic Check,1,Fiber optic,1
7349,47,F,57,102.45,5823.05,One year,Credit Card,1,Fiber optic,0
7350,28,M,66,90.27,5933.94,Month-to-month,Credit Card,0,Fiber optic,1
7351,45,M,30,58.56,1806.55,Month-to-month,Credit Card,0,DSL,1
7352,61,M,10,58.55,612.29,Month-to-month,Electronic Check,0,Fiber optic,1
7353,29,F,61,78.66,4830.46,One year,Electronic Check,0,Fiber optic,0
7354,56,M,63,59.71,3714.37,One year,Electronic Check,0,Fiber optic,0
7355,43,M,36,108.32,3855.48,One year,Electronic Check,1,DSL,0
7356,30,M,54,30.99,1694.72,Month-to-month,Bank Transfer,0,None,1
7357,76,F,65,83.92,5423.98,Month-to-month,Credit Card,0,DSL,1
7358,25,F,4,33.41,126.21,Month-to-month,Electronic Check,0,Fiber optic,1
7359,78,M,55,74.02,4039.52,Two year,Credit Card,1,Fiber optic,0
7360,78,M,54,91.56,4911.95,One year,Bank Transfer,1,Fiber optic,1
7361,71,M,64,36.55,2300.11,Month-to-month,Electronic Check,0,Fiber optic,1
7362,45,F,22,90.4,1998.23,Month-to-month,Bank Transfer,0,None,1
7363,75,M,25,34.0,873.93,Month-to-month,Electronic Check,1,DSL,0
7364,47,F,59,82.06,4797.22,Month-to-month,Credit Card,0,Fiber optic,1
7365,26,F,57,70.56,3999.48,One year,Bank Transfer,0,DSL,0
7366,56,F,54,49.81,2705.58,Month-to-month,Bank Transfer,0,Fiber optic,1
7367,48,M,44,31.15,1359.83,Month-to-month,Electronic Check,0,DSL,1
7368,75,M,52,93.59,4887.15,Month-to-month,Credit Card,0,Fiber optic,1
7369,38,F,16,58.18,956.8,One year,Credit Card,1,Fiber optic,0
7370,73,F,16,28.65,411.63,Two year,Credit Card,1,Fiber optic,0
7371,64,F,55,97.28,5338.49,Month-to-month,Credit Card,0,Fiber optic,1
7372,51,F,61,43.29,2663.6,Month-to-month,Electronic Check,0,Fiber optic,1
7373,72,M,40,93.65,3733.84,Month-to-month,Bank Transfer,1,DSL,1
7374,48,M,21,76.49,1556.87,Month-to-month,Electronic Check,0,DSL,1
7375,69,F,66,39.45,2587.33,Month-to-month,Credit Card,0,None,1
7376,42,F,8,27.64,258.39,Month-to-month,Bank Transfer,1,Fiber optic,1
7377,29,F,71,79.32,5676.91,One year,Bank Transfer,0,Fiber optic,0
7378,18,M,10,22.52,231.25,Month-to-month,Credit Card,0,DSL,1
7379,72,F,57,26.55,1493.99,Month-to-month,Electronic Check,1,Fiber optic,1
7380,39,M,4,90.22,357.49,Month-to-month,Electronic Check,0,Fiber optic,1
7381,57,F,43,73.89,3150.89,Month-to-month,Credit Card,1,DSL,0
7382,54,M,63,52.63,3282.5,Month-to-month,Bank Transfer,1,DSL,0
7383,64,M,43,73.92,3177.91,Month-to-month,Bank Transfer,0,DSL,1
7384,18,F,67,79.16,5327.39,Month-to-month,Electronic Check,0,Fiber optic,1
7385,18,M,51,76.53,3875.28,Two year,Bank Transfer,1,DSL,0
7386,74,M,56,84.26,4759.51,Month-to-month,Credit Card,1,None,1
7387,59,M,43,114.03,4870.11,One year,Bank Transfer,0,Fiber optic,1
7388,71,M,24,58.88,1418.96,One year,Electronic Check,0,Fiber optic,0
7389,59,F,34,50.12,1731.72,Month-to-month,Electronic Check,0,Fiber optic,1
7390,38,F,59,23.84,1377.9,Month-to-month,Credit Card,0,DSL,1
7391,32,F,2,34.71,49.06,Month-to-month,Electronic Check,0,Fiber optic,1
7392,34,F,2,30.62,16.39,Month-to-month,Credit Card,1,Fiber optic,1
7393,39,F,10,53.54,579.79,Month-to-month,Bank Transfer,0,None,1
7394,55,M,23,81.0,1861.7,Month-to-month,Bank Transfer,0,Fiber optic,1
7395,52,M,15,24.63,325.88,Month-to-month,Bank Transfer,1,Fiber optic,1
7396,62,M,17,92.77,1610.1,Month-to-month,Credit Card,0,Fiber optic,1
7397,33,M,14,59.74,843.29,Two year,Electronic Check,0,Fiber optic,0
7398,25,F,16,116.35,1817.13,Two year,Credit Card,1,DSL,0
7399,79,F,32,76.84,2453.97,Month-to-month,Bank Transfer,0,None,1
7400,64,M,23,97.14,2227.66,Month-to-month,Bank Transfer,1,None,1
7401,34,F,34,106.12,3572.69,Month-to-month,Bank Transfer,0,Fiber optic,1
7402,34,M,16,108.88,1734.12,Month-to-month,Bank Transfer,1,DSL,1
7403,71,M,34,71.85,2421.18,Month-to-month,Bank Transfer,0,Fiber optic,1
7404,43,F,71,59.67,4256.56,One year,Credit Card,0,Fiber optic,0
7405,30,F,33,76.05,2460.2,Month-to-month,Bank Transfer,1,Fiber optic,1
7406,34,F,68,60.21,4054.92,Month-to-month,Credit Card,0,Fiber optic,1
7407,55,F,43,44.07,1936.87,One year,Credit Card,0,Fiber optic,0
7408,34,F,64,52.39,3346.29,Month-to-month,Bank Transfer,0,None,1
7409,65,F,71,43.28,3040.5,Month-to-month,Bank Transfer,0,None,1
7410,31,F,18,46.94,874.24,Month-to-month,Bank Transfer,1,Fiber optic,1
7411,62,M,68,29.36,2031.64,One year,Credit Card,0,DSL,0
7412,23,F,61,62.65,3792.77,Two year,Electronic Check,1,Fiber optic,0
7413,52,M,20,43.53,891.96,Month-to-month,Credit Card,0,None,1
7414,63,M,11,64.84,724.75,Month-to-month,Bank Transfer,1,DSL,0
7415,31,F,46,99.22,4588.63,Month-to-month,Credit Card,0,Fiber optic,1
7416,64,M,64,64.83,4177.91,Month-to-month,Electronic Check,0,DSL,1
7417,25,F,28,115.46,3248.97,Month-to-month,Electronic Check,1,Fiber optic,1
7418,78,M,48,34.78,1715.06,Two year,Electronic Check,0,Fiber optic,0
7419,32,M,35,105.03,3712.47,One year,Credit Card,0,Fiber optic,1
7420,71,M,8,44.83,331.54,Month-to-month,Electronic Check,0,Fiber optic,1
7421,78,F,22,113.39,2535.94,One year,Electronic Check,1,DSL,0
7422,44,M,24,42.71,1011.0,Month-to-month,Credit Card,0,Fiber optic,1
7423,30,M,66,94.7,6272.85,Two year,Bank Transfer,1,Fiber optic,0
7424,66,M,64,26.21,1712.24,Month-to-month,Electronic Check,0,DSL,1
7425,48,F,65,82.98,5387.34,Two year,Credit Card,1,DSL,0
7426,70,M,14,41.87,541.33,One year,Electronic Check,0,DSL,0
7427,73,F,25,87.02,2220.47,Month-to-month,Credit Card,0,Fiber optic,1
7428,52,M,3,83.58,207.99,Month-to-month,Bank Transfer,1,Fiber optic,1
7429,77,M,5,112.37,546.66,Month-to-month,Credit Card,0,DSL,1
7430,23,M,65,82.67,5383.19,Month-to-month,Credit Card,0,Fiber optic,1
7431,22,F,54,60.82,3246.03,Month-to-month,Electronic Check,0,Fiber optic,1
7432,39,M,19,39.36,781.66,Month-to-month,Credit Card,0,None,1
7433,75,M,54,85.75,4600.84,Month-to-month,Bank Transfer,0,Fiber optic,1
7434,66,M,10,31.64,365.0,Month-to-month,Credit Card,0,Fiber optic,1
7435,40,M,16,102.85,1687.24,Month-to-month,Credit Card,0,DSL,1
7436,42,F,46,44.73,2068.04,One year,Credit Card,1,Fiber optic,0
7437,51,M,29,72.42,2116.18,One year,Bank Transfer,0,DSL,0
7438,43,M,15,79.59,1197.21,Two year,Bank Transfer,1,Fiber optic,0
7439,64,M,48,56.25,2689.11,Month-to-month,Credit Card,0,Fiber optic,1
7440,22,M,11,86.39,935.46,One year,Credit Card,1,DSL,0
7441,43,F,34,45.02,1569.85,Month-to-month,Credit Card,1,DSL,0
7442,37,M,36,23.46,852.22,One year,Electronic Check,1,None,0
7443,23,M,30,115.93,3510.23,Month-to-month,Bank Transfer,0,DSL,1
7444,23,F,19,52.0,989.41,Month-to-month,Credit Card,1,Fiber optic,1
7445,76,M,68,91.35,6192.5,One year,Credit Card,0,Fiber optic,1
7446,67,M,70,70.75,4911.68,One year,Bank Transfer,0,Fiber optic,0
7447,35,M,33,86.9,2850.07,Month-to-month,Electronic Check,0,Fiber optic,1
7448,21,F,22,31.09,721.99,Month-to-month,Credit Card,1,Fiber optic,1
7449,34,M,36,71.88,2608.88,Month-to-month,Bank Transfer,0,Fiber optic,1
7450,74,F,23,59.22,1390.64,Two year,Electronic Check,1,Fiber optic,0
7451,31,F,63,65.18,4133.68,Month-to-month,Bank Transfer,0,DSL,1
7452,31,F,26,116.62,2994.12,Two year,Bank Transfer,1,DSL,0
7453,30,F,60,33.63,1983.69,Two year,Credit Card,1,DSL,0
7454,24,F,5,95.47,459.07,One year,Bank Transfer,1,Fiber optic,0
7455,61,F,54,53.03,2843.72,One year,Credit Card,0,Fiber optic,0
7456,72,F,38,49.04,1820.13,Two year,Electronic Check,0,DSL,0
7457,32,M,62,47.08,2884.31,Month-to-month,Credit Card,0,Fiber optic,1
7458,36,M,25,54.88,1407.62,Month-to-month,Bank Transfer,0,DSL,1
7459,60,F,12,55.71,677.42,One year,Bank Transfer,1,Fiber optic,0
7460,64,F,22,47.07,1019.77,Month-to-month,Bank Transfer,0,Fiber optic,1
7461,61,F,9,86.75,783.4,Month-to-month,Credit Card,0,DSL,1
7462,52,F,29,24.77,694.46,Month-to-month,Electronic Check,0,Fiber optic,1
7463,34,F,44,53.23,2350.5,Month-to-month,Electronic Check,0,None,1
7464,52,F,27,48.02,1254.0,Month-to-month,Bank Transfer,0,Fiber optic,1
7465,36,M,55,95.14,5272.97,Month-to-month,Credit Card,0,Fiber optic,1
7466,37,M,5,34.65,147.29,Month-to-month,Bank Transfer,0,Fiber optic,1
7467,53,F,52,114.07,5963.55,One year,Credit Card,1,Fiber optic,0
7468,52,F,13,37.05,497.65,Two year,Electronic Check,0,None,0
7469,49,F,42,57.0,2396.3,Month-to-month,Credit Card,0,Fiber optic,1
7470,75,M,15,39.97,642.53,Month-to-month,Credit Card,0,DSL,1
7471,65,F,18,48.67,841.74,Month-to-month,Bank Transfer,1,Fiber optic,1
7472,61,M,50,96.1,4766.93,Two year,Credit Card,0,Fiber optic,1
7473,57,M,2,67.64,117.47,Month-to-month,Electronic Check,0,Fiber optic,1
7474,41,M,13,36.26,504.4,Month-to-month,Electronic Check,1,Fiber optic,1
7475,78,F,68,24.66,1630.4,Month-to-month,Electronic Check,0,DSL,1
7476,78,F,47,42.99,1994.47,Month-to-month,Bank Transfer,1,Fiber optic,1
7477,34,M,50,114.56,5720.47,Month-to-month,Credit Card,0,DSL,1
7478,24,M,12,104.53,1275.65,One year,Credit Card,0,Fiber optic,1
7479,60,M,13,64.02,812.19,One year,Bank Transfer,0,DSL,0
7480,67,M,9,68.2,608.61,Month-to-month,Electronic Check,0,DSL,1
7481,18,F,59,109.94,6470.15,Month-to-month,Electronic Check,0,Fiber optic,1
7482,52,M,45,79.13,3520.06,Month-to-month,Bank Transfer,0,Fiber optic,1
7483,49,F,70,108.08,7589.47,One year,Bank Transfer,0,None,1
7484,53,M,43,69.18,2970.88,Month-to-month,Electronic Check,0,DSL,1
7485,30,F,23,40.01,951.48,One year,Electronic Check,1,Fiber optic,0
7486,23,M,45,92.59,4186.02,Month-to-month,Credit Card,0,Fiber optic,1
7487,75,F,23,72.64,1626.5,One year,Electronic Check,0,Fiber optic,0
7488,31,F,34,86.84,2952.57,Month-to-month,Electronic Check,0,DSL,1
7489,54,F,16,35.72,620.61,One year,Credit Card,1,Fiber optic,0
7490,65,M,63,84.76,5320.67,Month-to-month,Bank Transfer,1,Fiber optic,1
7491,32,F,51,58.23,2969.03,Month-to-month,Credit Card,0,Fiber optic,1
7492,64,M,32,53.2,1717.6,Two year,Credit Card,0,Fiber optic,0
7493,79,F,38,87.15,3281.93,Month-to-month,Electronic Check,0,None,1
7494,21,F,56,79.22,4456.57,Month-to-month,Bank Transfer,0,DSL,1
7495,57,M,69,84.91,5874.77,Two year,Electronic Check,0,Fiber optic,1
7496,76,F,17,116.53,1968.51,Month-to-month,Bank Transfer,1,Fiber optic,1
7497,33,F,39,90.12,3493.12,One year,Credit Card,0,Fiber optic,1
7498,45,M,41,84.09,3489.6,Month-to-month,Bank Transfer,0,None,1
7499,33,F,48,81.36,3867.98,Month-to-month,Electronic Check,0,Fiber optic,1
7500,79,F,28,59.87,1669.56,Month-to-month,Bank Transfer,0,Fiber optic,1
7501,21,F,50,103.92,5222.7,One year,Bank Transfer,0,Fiber optic,1
7502,62,F,1,58.09,22.9,Month-to-month,Bank Transfer,0,Fiber optic,1
7503,43,M,50,90.02,4544.29,Month-to-month,Electronic Check,1,Fiber optic,1
7504,45,F,19,49.31,939.52,Month-to-month,Credit Card,1,DSL,0
7505,49,F,59,34.78,2052.5,Month-to-month,Credit Card,0,None,1
7506,62,F,68,32.98,2235.07,Two year,Bank Transfer,1,DSL,0
7507,19,F,67,83.46,5628.57,Month-to-month,Bank Transfer,1,Fiber optic,1
7508,48,F,41,52.8,2209.64,Two year,Bank Transfer,0,DSL,0
7509,20,F,10,47.5,463.01,Month-to-month,Credit Card,1,Fiber optic,1
7510,71,F,28,79.21,2222.12,Month-to-month,Electronic Check,1,Fiber optic,1
7511,25,F,34,22.57,748.92,Month-to-month,Bank Transfer,0,Fiber optic,1
7512,41,M,39,44.62,1726.98,Two year,Bank Transfer,0,DSL,0
7513,32,M,56,54.05,2979.63,Month-to-month,Bank Transfer,0,DSL,1
7514,60,M,52,90.84,4752.27,Two year,Credit Card,0,None,1
7515,48,M,3,74.5,270.43,Month-to-month,Credit Card,1,Fiber optic,1
7516,26,F,23,105.6,2455.75,One year,Electronic Check,1,Fiber optic,0
7517,56,F,17,53.45,910.47,One year,Bank Transfer,0,DSL,0
7518,62,M,71,49.64,3557.19,Month-to-month,Bank Transfer,0,Fiber optic,1
7519,19,M,26,23.32,642.11,Month-to-month,Credit Card,1,Fiber optic,1
7520,25,M,18,115.17,2077.51,One year,Credit Card,0,DSL,1
7521,24,F,46,70.15,3270.62,Month-to-month,Bank Transfer,0,Fiber optic,1
7522,73,F,70,70.25,4870.52,Month-to-month,Bank Transfer,0,Fiber optic,1
7523,61,M,31,112.34,3433.55,Month-to-month,Bank Transfer,0,None,1
7524,68,M,9,48.99,399.06,Month-to-month,Credit Card,0,Fiber optic,1
7525,56,M,35,53.21,1818.14,Month-to-month,Bank Transfer,0,Fiber optic,1
7526,59,M,60,85.63,5130.26,Month-to-month,Electronic Check,0,Fiber optic,1
7527,78,M,63,98.52,6250.79,Month-to-month,Credit Card,1,Fiber optic,1
7528,74,F,52,89.93,4693.88,Month-to-month,Electronic Check,0,Fiber optic,1
7529,33,M,48,98.87,4761.71,Month-to-month,Electronic Check,0,DSL,1
7530,52,F,61,77.51,4716.6,Month-to-month,Credit Card,0,Fiber optic,1
7531,47,M,24,106.28,2554.1,Month-to-month,Bank Transfer,0,Fiber optic,1
7532,27,M,58,75.01,4331.0,One year,Electronic Check,0,DSL,0
7533,55,F,64,42.93,2749.3,Two year,Bank Transfer,0,DSL,0
7534,35,M,30,74.17,2249.77,Two year,Electronic Check,0,DSL,0
7535,67,F,29,91.29,2653.28,Month-to-month,Credit Card,0,Fiber optic,1
7536,22,F,10,85.36,845.49,Month-to-month,Bank Transfer,0,Fiber optic,1
7537,70,M,39,44.3,1762.19,One year,Electronic Check,0,DSL,0
7538,46,M,55,24.11,1304.79,One year,Electronic Check,1,Fiber optic,0
7539,56,F,28,45.25,1265.15,Month-to-month,Credit Card,1,Fiber optic,1
7540,77,F,18,118.4,2179.01,One year,Electronic Check,1,Fiber optic,0
7541,51,M,41,38.45,1623.18,Month-to-month,Credit Card,0,DSL,1
7542,60,F,65,66.44,4269.23,Two year,Electronic Check,0,Fiber optic,0
7543,79,M,46,83.83,3859.4,Two year,Bank Transfer,0,Fiber optic,1
7544,62,F,60,107.95,6460.69,Month-to-month,Credit Card,1,Fiber optic,1
7545,40,M,9,96.03,843.39,Month-to-month,Electronic Check,1,DSL,1
7546,22,F,45,110.9,5000.13,Month-to-month,Electronic Check,0,Fiber optic,1
7547,47,F,60,80.44,4821.03,Month-to-month,Bank Transfer,1,Fiber optic,1
7548,23,M,28,106.53,3006.12,Month-to-month,Electronic Check,0,None,1
7549,73,F,3,46.38,91.85,Two year,Credit Card,1,None,0
7550,75,F,51,63.06,3258.75,One year,Electronic Check,0,Fiber optic,0
7551,78,F,8,104.38,841.8,One year,Electronic Check,1,None,0
7552,63,F,70,52.56,3697.61,One year,Bank Transfer,0,DSL,0
7553,61,F,59,107.12,6330.54,Month-to-month,Bank Transfer,0,DSL,1
7554,21,F,61,56.31,3483.82,One year,Electronic Check,0,DSL,0
7555,46,F,58,56.34,3316.35,One year,Bank Transfer,0,Fiber optic,0
7556,40,M,70,50.9,3573.99,One year,Electronic Check,0,Fiber optic,0
7557,23,F,12,74.69,914.68,Month-to-month,Electronic Check,0,Fiber optic,1
7558,49,F,9,32.91,308.05,One year,Credit Card,0,Fiber optic,0
7559,59,M,49,23.66,1140.41,Two year,Electronic Check,0,Fiber optic,0
7560,35,F,17,109.74,1834.84,Month-to-month,Credit Card,1,Fiber optic,1
7561,32,F,54,112.89,6086.34,Month-to-month,Credit Card,0,Fiber optic,1
7562,57,M,44,27.62,1233.56,Two year,Electronic Check,1,None,0
7563,75,F,32,74.97,2354.64,Month-to-month,Bank Transfer,0,Fiber optic,1
7564,49,F,35,73.97,2590.38,Month-to-month,Electronic Check,0,DSL,1
7565,26,M,49,57.24,2795.6,Month-to-month,Electronic Check,1,None,0
7566,54,M,54,76.89,4154.81,One year,Bank Transfer,0,Fiber optic,0
7567,27,F,16,65.81,1088.98,One year,Bank Transfer,0,Fiber optic,0
7568,37,F,12,68.96,782.28,One year,Credit Card,1,Fiber optic,0
7569,23,M,8,95.53,790.6,Month-to-month,Electronic Check,1,Fiber optic,1
7570,65,F,21,72.6,1541.29,Two year,Bank Transfer,0,Fiber optic,0
7571,73,M,48,52.37,2484.14,Month-to-month,Bank Transfer,1,Fiber optic,1
7572,76,M,8,78.15,648.62,Two year,Credit Card,0,DSL,0
7573,20,M,28,84.08,2353.88,Two year,Electronic Check,1,None,0
7574,59,F,10,86.23,860.4,Month-to-month,Bank Transfer,0,DSL,1
7575,28,M,52,81.83,4253.47,Month-to-month,Credit Card,1,Fiber optic,1
7576,60,M,15,86.46,1341.82,Month-to-month,Credit Card,0,DSL,1
7577,34,M,4,51.01,248.48,Month-to-month,Credit Card,0,Fiber optic,1
7578,49,F,62,64.61,4047.18,One year,Credit Card,0,Fiber optic,0
7579,21,F,4,86.87,386.15,Month-to-month,Electronic Check,0,Fiber optic,1
7580,21,F,41,95.44,3866.8,Month-to-month,Electronic Check,0,DSL,1
7581,34,M,55,63.41,3477.61,One year,Bank Transfer,1,Fiber optic,0
7582,58,F,28,56.53,1622.33,Month-to-month,Bank Transfer,0,Fiber optic,1
7583,36,F,47,91.59,4330.24,One year,Bank Transfer,0,Fiber optic,1
7584,22,M,9,42.22,375.65,One year,Bank Transfer,0,Fiber optic,0
7585,49,M,2,20.95,69.23,Month-to-month,Bank Transfer,0,Fiber optic,1
7586,39,F,67,67.12,4467.86,One year,Credit Card,0,None,0
7587,73,F,48,37.34,1802.3,One year,Electronic Check,0,Fiber optic,0
7588,23,M,69,57.83,3993.57,One year,Credit Card,0,DSL,0
7589,52,F,28,49.12,1382.71,Month-to-month,Electronic Check,0,Fiber optic,1
7590,39,M,14,97.73,1390.4,Month-to-month,Credit Card,0,Fiber optic,1
7591,18,M,46,53.14,2489.42,Month-to-month,Credit Card,0,Fiber optic,1
7592,37,F,13,84.07,1069.31,Month-to-month,Bank Transfer,0,Fiber optic,1
7593,39,F,16,87.39,1424.05,One year,Electronic Check,0,DSL,1
7594,65,F,40,65.65,2640.51,Month-to-month,Electronic Check,0,Fiber optic,1
7595,72,F,72,28.11,2043.43,Month-to-month,Electronic Check,0,Fiber optic,1
7596,28,M,30,90.04,2694.09,Month-to-month,Bank Transfer,0,Fiber optic,1
7597,30,F,65,27.52,1833.26,Month-to-month,Bank Transfer,1,Fiber optic,1
7598,76,F,58,29.92,1733.33,Month-to-month,Bank Transfer,1,Fiber optic,1
7599,59,F,48,39.6,1862.96,Month-to-month,Bank Transfer,0,Fiber optic,1
7600,20,M,49,48.04,2372.03,One year,Credit Card,0,Fiber optic,0
7601,26,F,2,104.65,172.19,Month-to-month,Electronic Check,1,Fiber optic,1
7602,77,F,14,87.49,1207.13,Month-to-month,Bank Transfer,0,Fiber optic,1
7603,29,M,17,58.72,971.04,Month-to-month,Bank Transfer,1,DSL,0
7604,40,M,31,117.86,3657.55,Month-to-month,Bank Transfer,1,None,1
7605,31,M,10,44.36,428.35,One year,Bank Transfer,0,Fiber optic,0
7606,50,M,70,80.98,5634.59,One year,Electronic Check,1,DSL,0
7607,35,M,37,104.72,3903.72,Month-to-month,Credit Card,0,DSL,1
7608,66,F,64,100.2,6409.65,One year,Credit Card,1,DSL,0
7609,76,M,30,29.03,866.34,Two year,Bank Transfer,1,Fiber optic,0
7610,58,M,34,89.73,3089.46,Month-to-month,Credit Card,1,Fiber optic,1
7611,26,M,18,45.79,828.1,Month-to-month,Bank Transfer,0,Fiber optic,1
7612,40,M,63,55.57,3521.9,Month-to-month,Bank Transfer,0,Fiber optic,1
7613,27,M,49,68.9,3358.91,One year,Electronic Check,0,Fiber optic,0
7614,36,M,56,99.08,5554.61,Month-to-month,Credit Card,0,Fiber optic,1
7615,78,M,58,36.62,2146.6,Month-to-month,Credit Card,0,DSL,1
7616,64,M,27,30.86,812.87,Month-to-month,Bank Transfer,0,Fiber optic,1
7617,22,F,55,35.34,1962.55,One year,Electronic Check,0,DSL,0
7618,64,F,19,41.82,801.46,Month-to-month,Bank Transfer,1,Fiber optic,1
7619,69,F,23,25.95,590.27,Two year,Electronic Check,0,DSL,0
7620,40,M,47,112.64,5315.38,Month-to-month,Credit Card,0,Fiber optic,1
7621,47,M,66,51.91,3407.75,One year,Electronic Check,0,Fiber optic,0
7622,42,M,51,37.7,1944.15,Month-to-month,Credit Card,1,DSL,0
7623,45,F,28,83.78,2350.95,Two year,Credit Card,0,Fiber optic,1
7624,51,M,57,98.7,5600.46,One year,Credit Card,0,Fiber optic,1
7625,62,M,58,95.32,5545.39,Month-to-month,Bank Transfer,0,DSL,1
7626,73,M,15,91.87,1416.53,Month-to-month,Bank Transfer,0,DSL,1
7627,65,F,16,25.05,381.8,One year,Electronic Check,0,Fiber optic,0
7628,64,F,47,98.22,4647.57,Month-to-month,Bank Transfer,0,None,1
7629,42,M,63,70.19,4405.58,Two year,Bank Transfer,0,DSL,0
7630,27,F,12,84.91,1051.03,Month-to-month,Electronic Check,0,Fiber optic,1
7631,31,M,43,115.64,4927.64,Month-to-month,Credit Card,0,Fiber optic,1
7632,59,M,29,101.07,2881.75,Month-to-month,Electronic Check,0,Fiber optic,1
7633,74,F,49,102.54,4985.79,Month-to-month,Bank Transfer,0,DSL,1
7634,63,F,3,38.15,151.84,Month-to-month,Credit Card,0,Fiber optic,1
7635,75,F,69,67.64,4670.53,One year,Electronic Check,1,None,0
7636,47,F,60,114.93,6905.21,One year,Credit Card,0,Fiber optic,1
7637,72,M,66,78.27,5200.04,One year,Bank Transfer,1,Fiber optic,0
7638,58,M,26,30.26,741.82,Month-to-month,Bank Transfer,0,DSL,1
7639,42,F,71,93.18,6604.49,One year,Electronic Check,0,Fiber optic,1
7640,31,F,69,24.29,1690.32,Month-to-month,Credit Card,0,DSL,1
7641,52,M,47,94.23,4419.28,Month-to-month,Bank Transfer,0,Fiber optic,1
7642,69,M,42,107.98,4488.37,Month-to-month,Credit Card,0,Fiber optic,1
7643,65,M,31,62.53,1953.52,Two year,Electronic Check,1,DSL,0
7644,51,M,22,61.36,1339.06,One year,Electronic Check,0,Fiber optic,0
7645,27,F,17,50.42,809.06,Month-to-month,Electronic Check,1,Fiber optic,1
7646,52,F,20,107.69,2120.85,Month-to-month,Bank Transfer,0,None,1
7647,28,F,8,74.78,570.0,Month-to-month,Bank Transfer,0,Fiber optic,1
7648,28,M,49,77.93,3819.63,Month-to-month,Bank Transfer,0,None,1
7649,38,M,38,86.17,3243.1,Month-to-month,Bank Transfer,0,Fiber optic,1
7650,38,F,53,50.02,2637.19,Month-to-month,Electronic Check,0,Fiber optic,1
7651,39,F,28,63.28,1796.91,Month-to-month,Bank Transfer,1,Fiber optic,1
7652,62,F,29,94.16,2761.41,One year,Bank Transfer,0,Fiber optic,1
7653,24,M,72,118.55,8565.14,Month-to-month,Bank Transfer,1,Fiber optic,1
7654,72,F,11,23.43,277.24,Month-to-month,Electronic Check,1,DSL,0
7655,34,M,47,24.26,1144.4,Month-to-month,Electronic Check,0,DSL,1
7656,79,F,45,62.81,2831.51,Month-to-month,Bank Transfer,0,DSL,1
7657,19,F,18,85.96,1592.62,One year,Credit Card,0,DSL,1
7658,29,F,50,58.64,2969.79,One year,Credit Card,0,Fiber optic,0
7659,74,M,49,119.96,5893.02,Month-to-month,Bank Transfer,0,Fiber optic,1
7660,59,M,22,39.54,866.73,Month-to-month,Bank Transfer,1,DSL,0
7661,35,M,45,20.79,958.46,One year,Bank Transfer,1,Fiber optic,0
7662,71,M,61,39.01,2335.88,One year,Electronic Check,0,Fiber optic,0
7663,76,M,21,108.68,2326.74,Month-to-month,Credit Card,0,DSL,1
7664,28,M,71,34.51,2454.97,One year,Electronic Check,0,Fiber optic,0
7665,33,F,61,67.9,4142.18,Two year,Credit Card,0,DSL,0
7666,66,M,36,61.93,2208.56,Month-to-month,Electronic Check,0,Fiber optic,1
7667,68,F,24,86.57,2028.02,Two year,Electronic Check,1,Fiber optic,0
7668,35,M,32,25.46,770.84,Month-to-month,Bank Transfer,1,Fiber optic,1
7669,52,F,59,85.88,5043.22,Month-to-month,Bank Transfer,0,Fiber optic,1
7670,70,F,5,55.48,281.55,Month-to-month,Bank Transfer,1,DSL,0
7671,76,M,16,112.6,1759.96,Month-to-month,Electronic Check,1,DSL,1
7672,43,F,11,104.89,1201.0,Two year,Bank Transfer,0,Fiber optic,1
7673,33,M,35,59.95,2089.35,Month-to-month,Electronic Check,0,Fiber optic,1
7674,23,M,42,119.29,4991.81,Month-to-month,Electronic Check,0,DSL,1
7675,74,M,10,25.19,254.42,Month-to-month,Bank Transfer,0,None,1
7676,61,M,8,98.86,747.38,Two year,Bank Transfer,0,Fiber optic,1
7677,60,F,26,63.38,1682.93,Month-to-month,Electronic Check,1,None,0
7678,64,M,3,63.33,186.02,Month-to-month,Credit Card,0,Fiber optic,1
7679,64,F,59,37.01,2151.42,Month-to-month,Credit Card,1,Fiber optic,1
7680,65,F,3,71.49,180.64,One year,Electronic Check,0,DSL,0
7681,59,F,38,28.47,1067.96,Month-to-month,Bank Transfer,0,Fiber optic,1
7682,29,M,2,81.66,170.66,Month-to-month,Bank Transfer,0,DSL,1
7683,77,F,17,44.16,742.41,Month-to-month,Bank Transfer,0,None,1
7684,30,M,36,92.49,3339.32,Month-to-month,Electronic Check,1,Fiber optic,1
7685,21,F,2,80.74,182.03,Month-to-month,Bank Transfer,1,DSL,1
7686,56,M,34,94.64,3242.61,Two year,Credit Card,0,Fiber optic,1
7687,71,M,27,94.97,2554.29,One year,Credit Card,1,Fiber optic,0
7688,19,M,37,39.67,1489.49,Two year,Bank Transfer,0,Fiber optic,0
7689,43,M,71,20.07,1389.12,Month-to-month,Electronic Check,0,DSL,1
7690,76,F,22,56.58,1246.07,Month-to-month,Credit Card,1,Fiber optic,1
7691,44,F,68,111.91,7567.13,Month-to-month,Bank Transfer,0,Fiber optic,1
7692,44,M,14,77.79,1063.47,Month-to-month,Bank Transfer,0,DSL,1
7693,32,F,23,92.75,2141.57,Two year,Credit Card,1,None,0
7694,25,M,44,107.96,4774.28,Two year,Electronic Check,1,Fiber optic,0
7695,24,M,65,110.61,7149.18,One year,Electronic Check,1,Fiber optic,0
7696,64,F,61,72.9,4417.61,Month-to-month,Credit Card,0,Fiber optic,1
7697,72,M,55,74.09,4124.14,One year,Electronic Check,0,Fiber optic,0
7698,63,M,71,105.09,7445.16,Month-to-month,Bank Transfer,1,Fiber optic,1
7699,57,M,50,100.75,5015.9,One year,Electronic Check,0,Fiber optic,1
7700,77,M,12,89.89,1037.21,Month-to-month,Credit Card,0,DSL,1
7701,29,M,15,80.45,1226.23,Month-to-month,Credit Card,1,DSL,1
7702,30,F,17,81.72,1390.07,Month-to-month,Credit Card,0,Fiber optic,1
7703,79,F,34,56.29,1879.62,One year,Bank Transfer,0,Fiber optic,0
7704,60,F,35,104.09,3656.44,Month-to-month,Bank Transfer,0,Fiber optic,1
7705,34,M,39,81.78,3192.0,Month-to-month,Bank Transfer,0,Fiber optic,1
7706,78,M,55,42.35,2335.74,Two year,Credit Card,0,Fiber optic,0
7707,34,M,59,43.98,2644.31,Month-to-month,Electronic Check,1,Fiber optic,1
7708,73,M,5,106.16,483.66,Month-to-month,Bank Transfer,0,Fiber optic,1
7709,53,M,30,82.57,2518.6,Month-to-month,Credit Card,0,Fiber optic,1
7710,38,M,4,59.87,273.67,Month-to-month,Credit Card,0,Fiber optic,1
7711,25,F,15,38.71,572.18,Month-to-month,Bank Transfer,0,Fiber optic,1
7712,22,M,35,81.02,2873.79,Month-to-month,Electronic Check,0,DSL,1
7713,43,F,55,38.43,2128.51,Month-to-month,Bank Transfer,0,None,1
7714,33,M,66,67.02,4462.26,Month-to-month,Electronic Check,0,DSL,1
7715,53,F,60,87.75,5274.47,Month-to-month,Credit Card,0,DSL,1
7716,45,M,24,76.54,1808.57,Month-to-month,Credit Card,0,Fiber optic,1
7717,71,F,22,112.21,2476.24,Two year,Credit Card,0,Fiber optic,1
7718,46,F,44,23.97,1022.59,Two year,Electronic Check,0,DSL,0
7719,64,M,32,47.98,1499.44,One year,Bank Transfer,0,Fiber optic,0
7720,29,M,51,25.71,1326.62,One year,Bank Transfer,1,None,0
7721,54,F,3,39.46,163.13,One year,Electronic Check,0,Fiber optic,0
7722,47,M,70,32.4,2276.85,One year,Bank Transfer,1,Fiber optic,0
7723,40,M,32,93.27,3014.22,One year,Electronic Check,1,DSL,0
7724,33,M,2,56.94,80.72,Month-to-month,Bank Transfer,1,Fiber optic,1
7725,31,F,59,112.5,6652.92,Two year,Bank Transfer,0,Fiber optic,1
7726,27,M,14,22.34,336.06,Month-to-month,Electronic Check,0,DSL,1
7727,24,F,51,85.29,4303.95,Month-to-month,Bank Transfer,1,DSL,1
7728,62,F,11,117.05,1247.27,One year,Credit Card,0,DSL,1
7729,69,M,10,37.58,403.96,Two year,Credit Card,0,Fiber optic,0
7730,77,F,58,64.24,3719.92,Month-to-month,Electronic Check,1,Fiber optic,1
7731,78,M,34,90.19,3057.02,Month-to-month,Bank Transfer,0,DSL,1
7732,54,M,53,83.31,4457.47,Month-to-month,Electronic Check,1,Fiber optic,1
7733,46,F,28,76.6,2194.0,Two year,Electronic Check,0,Fiber optic,0
7734,20,F,18,52.68,974.68,One year,Bank Transfer,0,DSL,0
7735,32,F,26,92.82,2442.58,Month-to-month,Credit Card,0,None,1
7736,53,F,7,85.33,568.14,One year,Credit Card,0,Fiber optic,1
7737,64,F,45,36.28,1601.82,Month-to-month,Bank Transfer,1,Fiber optic,1
7738,63,M,45,116.41,5286.52,Month-to-month,Credit Card,1,Fiber optic,1
7739,69,F,71,75.57,5384.98,One year,Electronic Check,1,Fiber optic,0
7740,36,M,35,72.55,2557.92,Month-to-month,Electronic Check,1,Fiber optic,1
7741,30,M,52,104.82,5429.26,Month-to-month,Electronic Check,0,Fiber optic,1
7742,59,F,21,84.04,1803.49,Month-to-month,Credit Card,0,Fiber optic,1
7743,38,F,28,27.45,723.04,One year,Bank Transfer,1,Fiber optic,0
7744,54,F,44,70.66,3086.5,Month-to-month,Bank Transfer,0,DSL,1
7745,44,F,56,98.06,5459.37,Month-to-month,Electronic Check,0,Fiber optic,1
7746,72,F,10,90.0,921.11,Month-to-month,Electronic Check,1,Fiber optic,1
7747,69,M,23,117.08,2714.37,Month-to-month,Electronic Check,1,DSL,1
7748,46,M,48,22.49,1082.99,One year,Credit Card,1,Fiber optic,0
7749,37,M,52,46.12,2348.77,Two year,Bank Transfer,0,Fiber optic,0
7750,42,F,15,74.92,1161.18,Month-to-month,Bank Transfer,0,DSL,1
7751,23,F,55,81.95,4552.81,One year,Credit Card,0,None,1
7752,53,M,43,47.44,2010.15,One year,Bank Transfer,0,DSL,0
7753,19,F,50,102.68,5168.22,Month-to-month,Electronic Check,0,DSL,1
7754,39,F,6,36.43,265.91,Two year,Bank Transfer,0,Fiber optic,0
7755,49,F,33,20.08,645.34,Month-to-month,Bank Transfer,1,Fiber optic,1
7756,33,M,62,115.24,7113.39,Month-to-month,Credit Card,0,Fiber optic,1
7757,35,F,55,59.16,3301.55,Two year,Bank Transfer,1,None,0
7758,22,M,39,115.75,4470.22,Month-to-month,Electronic Check,0,None,1
7759,71,F,12,47.79,551.08,One year,Credit Card,0,DSL,0
7760,53,F,31,26.34,840.74,Month-to-month,Credit Card,1,Fiber optic,1
7761,47,M,53,97.25,5165.99,Month-to-month,Credit Card,1,DSL,1
7762,62,F,34,103.58,3540.17,Month-to-month,Electronic Check,1,Fiber optic,1
7763,36,F,41,69.21,2858.42,Month-to-month,Bank Transfer,0,DSL,1
7764,40,F,10,27.39,292.51,One year,Credit Card,1,DSL,0
7765,51,M,52,85.41,4425.54,Month-to-month,Electronic Check,1,Fiber optic,1
7766,30,F,57,38.21,2159.12,One year,Electronic Check,0,Fiber optic,0
7767,60,F,3,104.94,307.67,Month-to-month,Electronic Check,0,Fiber optic,1
7768,79,F,57,47.4,2732.57,One year,Bank Transfer,0,DSL,0
7769,71,F,33,104.77,3501.24,Two year,Electronic Check,0,Fiber optic,1
7770,46,F,7,62.69,434.35,Month-to-month,Bank Transfer,0,Fiber optic,1
7771,53,M,4,79.65,277.18,Two year,Credit Card,0,Fiber optic,0
7772,39,M,39,98.96,3903.27,Month-to-month,Credit Card,0,Fiber optic,1
7773,69,F,48,24.04,1111.96,Month-to-month,Bank Transfer,0,DSL,1
7774,69,F,16,102.12,1599.83,Month-to-month,Electronic Check,0,Fiber optic,1
7775,64,M,38,33.86,1323.45,Month-to-month,Credit Card,0,Fiber optic,1
7776,53,F,4,55.84,228.51,Month-to-month,Bank Transfer,0,DSL,1
7777,26,F,4,67.28,254.39,Two year,Electronic Check,0,Fiber optic,0
7778,56,F,27,109.54,3000.67,One year,Credit Card,0,Fiber optic,1
7779,68,F,17,22.24,424.13,Month-to-month,Bank Transfer,0,Fiber optic,1
7780,36,F,70,75.92,5297.48,One year,Electronic Check,1,None,0
7781,55,F,54,84.25,4586.34,Month-to-month,Electronic Check,0,Fiber optic,1
7782,23,F,8,51.66,431.13,Month-to-month,Electronic Check,1,Fiber optic,1
7783,69,F,53,49.05,2577.1,One year,Bank Transfer,0,DSL,0
7784,64,M,5,69.05,389.39,Month-to-month,Bank Transfer,0,DSL,1
7785,32,M,69,38.71,2627.3,One year,Electronic Check,1,DSL,0
7786,74,F,47,66.81,3121.86,Month-to-month,Electronic Check,0,Fiber optic,1
7787,37,F,40,96.5,3849.63,One year,Electronic Check,0,Fiber optic,1
7788,26,F,7,104.54,750.85,One year,Electronic Check,1,DSL,0
7789,49,F,12,58.52,656.08,Month-to-month,Electronic Check,0,Fiber optic,1
7790,21,M,25,81.73,2082.23,Month-to-month,Electronic Check,0,Fiber optic,1
7791,67,M,28,20.0,575.91,Month-to-month,Credit Card,0,None,1
7792,35,M,43,75.04,3204.22,Month-to-month,Electronic Check,0,Fiber optic,1
7793,22,M,47,117.52,5539.27,Month-to-month,Bank Transfer,0,DSL,1
7794,37,F,49,51.23,2513.96,Month-to-month,Bank Transfer,0,Fiber optic,1
7795,40,F,54,79.48,4275.55,One year,Bank Transfer,0,Fiber optic,0
7796,79,F,18,96.23,1685.0,Month-to-month,Bank Transfer,0,Fiber optic,1
7797,28,M,27,80.89,2189.14,Month-to-month,Credit Card,0,Fiber optic,1
7798,54,F,72,61.85,4411.42,Month-to-month,Credit Card,1,DSL,0
7799,39,F,6,35.26,242.58,Month-to-month,Bank Transfer,0,Fiber optic,1
7800,75,M,69,66.37,4538.38,Two year,Bank Transfer,1,Fiber optic,0
7801,21,M,71,49.48,3505.95,One year,Bank Transfer,0,DSL,0
7802,46,M,22,89.59,1964.44,Month-to-month,Bank Transfer,0,DSL,1
7803,61,M,59,64.19,3792.83,One year,Bank Transfer,0,Fiber optic,0
7804,51,M,47,104.99,4888.48,One year,Credit Card,1,Fiber optic,1
7805,30,F,68,39.33,2644.82,One year,Credit Card,0,Fiber optic,0
7806,59,F,32,61.77,1946.59,Month-to-month,Credit Card,1,DSL,0
7807,26,M,1,75.75,85.65,Two year,Electronic Check,1,Fiber optic,0
7808,59,F,54,32.6,1736.76,One year,Bank Transfer,0,Fiber optic,0
7809,48,F,46,78.79,3588.76,Month-to-month,Bank Transfer,1,DSL,0
7810,24,F,41,49.09,1964.53,Month-to-month,Electronic Check,0,DSL,1
7811,21,F,41,42.95,1795.0,Month-to-month,Bank Transfer,0,None,1
7812,36,M,8,34.19,320.67,Month-to-month,Electronic Check,0,Fiber optic,1
7813,59,F,32,54.99,1780.01,Two year,Electronic Check,1,DSL,0
7814,47,F,30,112.9,3378.27,One year,Electronic Check,0,DSL,1
7815,48,F,46,23.1,1024.8,Month-to-month,Electronic Check,1,DSL,0
7816,52,M,52,105.22,5468.95,Month-to-month,Bank Transfer,1,Fiber optic,1
7817,74,F,61,59.74,3639.87,Month-to-month,Electronic Check,0,Fiber optic,1
7818,38,M,13,76.16,982.07,Month-to-month,Bank Transfer,0,DSL,1
7819,78,M,40,71.28,2839.03,Month-to-month,Electronic Check,0,Fiber optic,1
7820,48,M,61,112.57,6866.45,One year,Credit Card,0,Fiber optic,1
7821,36,M,44,97.01,4225.76,One year,Bank Transfer,1,Fiber optic,1
7822,48,F,62,118.48,7299.59,Two year,Electronic Check,0,DSL,1
7823,70,M,44,99.44,4331.76,One year,Electronic Check,1,DSL,0
7824,49,M,48,49.59,2350.32,Two year,Electronic Check,0,DSL,0
7825,19,M,59,116.29,6838.92,One year,Credit Card,1,DSL,0
7826,76,M,57,118.36,6713.47,One year,Bank Transfer,0,None,1
7827,69,M,11,32.31,330.6,One year,Credit Card,0,Fiber optic,0
7828,27,F,25,110.1,2721.08,Two year,Credit Card,0,Fiber optic,1
7829,19,M,61,86.42,5236.69,Month-to-month,Credit Card,0,Fiber optic,1
7830,19,F,46,112.2,5140.5,One year,Bank Transfer,0,Fiber optic,1
7831,77,F,54,111.57,6014.53,Month-to-month,Credit Card,0,Fiber optic,1
7832,41,M,34,109.14,3735.19,Month-to-month,Bank Transfer,0,DSL,1
7833,34,F,7,108.53,805.26,Month-to-month,Bank Transfer,0,Fiber optic,1
7834,49,F,62,31.76,2011.02,Month-to-month,Electronic Check,1,Fiber optic,1
7835,33,F,57,34.35,1955.54,Month-to-month,Credit Card,0,Fiber optic,1
7836,33,M,5,31.78,155.03,One year,Credit Card,0,Fiber optic,0
7837,63,M,35,29.1,981.07,Month-to-month,Credit Card,0,DSL,1
7838,56,M,37,55.33,2094.38,One year,Bank Transfer,1,Fiber optic,0
7839,70,M,60,88.4,5330.01,Two year,Bank Transfer,0,None,1
7840,48,M,65,55.47,3640.31,One year,Bank Transfer,0,DSL,0
7841,60,M,16,92.03,1445.9,Month-to-month,Credit Card,1,DSL,1
7842,41,M,30,102.03,3051.01,One year,Bank Transfer,1,DSL,0
7843,18,F,42,86.62,3598.3,Month-to-month,Bank Transfer,0,Fiber optic,1
7844,28,F,61,66.51,4101.19,Month-to-month,Bank Transfer,0,DSL,1
7845,72,M,48,49.55,2356.98,Month-to-month,Electronic Check,1,DSL,0
7846,38,F,62,32.44,2020.88,Two year,Bank Transfer,1,None,0
7847,21,M,64,69.37,4404.9,One year,Credit Card,0,Fiber optic,0
7848,24,M,57,91.96,5272.0,One year,Bank Transfer,0,DSL,1
7849,43,M,68,74.82,5056.39,Month-to-month,Electronic Check,1,DSL,0
7850,64,F,46,92.15,4269.84,Month-to-month,Bank Transfer,0,Fiber optic,1
7851,67,M,28,53.52,1488.74,Two year,Bank Transfer,0,DSL,0
7852,29,M,3,26.68,87.82,Month-to-month,Electronic Check,1,Fiber optic,1
7853,48,M,37,97.11,3570.04,Month-to-month,Credit Card,0,Fiber optic,1
7854,34,M,48,41.97,2052.84,Month-to-month,Electronic Check,1,Fiber optic,1
7855,50,F,19,81.63,1576.96,Month-to-month,Bank Transfer,0,Fiber optic,1
7856,28,M,17,100.43,1692.74,Month-to-month,Bank Transfer,0,DSL,1
7857,45,F,40,33.91,1364.94,Month-to-month,Bank Transfer,0,DSL,1
7858,49,F,50,79.85,3955.4,Two year,Bank Transfer,0,DSL,0
7859,18,M,29,88.94,2545.31,One year,Credit Card,1,Fiber optic,0
7860,64,M,51,94.65,4830.52,One year,Bank Transfer,1,Fiber optic,1
7861,45,F,42,34.77,1474.4,One year,Bank Transfer,1,Fiber optic,0
7862,70,F,29,102.51,2978.53,Two year,Electronic Check,0,Fiber optic,1
7863,59,F,66,29.41,1947.0,One year,Credit Card,0,None,0
7864,24,F,17,71.96,1247.55,Month-to-month,Electronic Check,0,DSL,1
7865,19,M,31,64.34,2034.78,Month-to-month,Bank Transfer,0,DSL,1
7866,59,F,52,42.18,2182.12,Two year,Bank Transfer,1,None,0
7867,41,F,39,50.19,1961.1,One year,Bank Transfer,0,Fiber optic,0
7868,21,F,60,36.44,2225.7,Month-to-month,Credit Card,1,Fiber optic,1
7869,61,F,51,62.57,3187.5,Month-to-month,Bank Transfer,1,DSL,0
7870,36,M,16,23.55,371.31,Two year,Electronic Check,0,DSL,0
7871,43,M,14,108.89,1551.11,Two year,Electronic Check,1,DSL,0
7872,28,M,42,36.35,1564.43,Month-to-month,Credit Card,1,None,0
7873,57,F,51,108.6,5562.37,Two year,Bank Transfer,0,DSL,1
7874,67,F,24,106.36,2512.65,Month-to-month,Bank Transfer,0,DSL,1
7875,60,M,43,65.17,2798.79,Month-to-month,Bank Transfer,0,Fiber optic,1
7876,28,M,19,69.77,1296.83,Month-to-month,Credit Card,0,Fiber optic,1
7877,62,F,61,50.19,3043.32,Two year,Credit Card,0,Fiber optic,0
7878,20,M,63,119.69,7537.35,One year,Bank Transfer,1,DSL,0
7879,29,F,26,87.08,2236.23,Month-to-month,Electronic Check,0,Fiber optic,1
7880,20,F,35,115.18,4032.89,Month-to-month,Credit Card,0,DSL,1
7881,59,F,67,61.48,4133.49,Month-to-month,Credit Card,0,Fiber optic,1
7882,44,F,56,108.3,6102.29,Month-to-month,Electronic Check,0,DSL,1
7883,66,F,40,64.82,2563.95,Month-to-month,Electronic Check,1,Fiber optic,1
7884,71,F,29,106.68,3074.78,One year,Bank Transfer,1,DSL,0
7885,19,M,6,33.09,189.12,Month-to-month,Bank Transfer,0,Fiber optic,1
7886,66,M,52,83.69,4324.33,Two year,Bank Transfer,1,None,0
7887,33,M,1,87.87,71.07,Month-to-month,Bank Transfer,0,DSL,1
7888,19,F,52,85.62,4490.58,One year,Credit Card,0,None,1
7889,77,M,24,64.7,1516.67,One year,Electronic Check,1,None,0
7890,71,F,34,88.39,2999.63,Month-to-month,Bank Transfer,0,Fiber optic,1
7891,47,F,7,43.95,288.75,Month-to-month,Electronic Check,1,Fiber optic,1
7892,37,F,11,79.58,833.1,Month-to-month,Bank Transfer,1,Fiber optic,1
7893,55,F,36,75.42,2674.73,Two year,Electronic Check,0,Fiber optic,0
7894,45,M,20,51.83,1065.09,Month-to-month,Bank Transfer,0,Fiber optic,1
7895,42,M,63,97.89,6202.3,Month-to-month,Electronic Check,1,DSL,1
7896,49,M,63,28.09,1793.81,Two year,Bank Transfer,0,DSL,0
7897,78,F,69,37.14,2566.58,Two year,Credit Card,0,Fiber optic,0
7898,27,M,30,67.12,2040.87,Month-to-month,Bank Transfer,0,DSL,1
7899,77,M,30,109.17,3240.3,One year,Electronic Check,0,DSL,1
7900,59,M,22,77.52,1733.46,Month-to-month,Bank Transfer,0,Fiber optic,1
7901,57,F,61,104.21,6349.16,Month-to-month,Credit Card,0,DSL,1
7902,50,M,21,71.76,1531.99,Month-to-month,Credit Card,1,DSL,0
7903,30,F,37,98.55,3619.12,Month-to-month,Bank Transfer,1,DSL,1
7904,73,M,27,52.58,1452.91,One year,Electronic Check,1,DSL,0
7905,58,F,35,101.51,3559.66,Month-to-month,Electronic Check,0,DSL,1
7906,71,M,38,60.17,2237.19,Month-to-month,Electronic Check,0,Fiber optic,1
7907,59,M,60,75.88,4554.73,One year,Electronic Check,1,Fiber optic,0
7908,64,M,70,37.59,2612.33,Month-to-month,Credit Card,0,Fiber optic,1
7909,54,F,32,112.04,3541.03,One year,Credit Card,0,Fiber optic,1
7910,71,M,27,90.15,2428.78,Month-to-month,Bank Transfer,0,DSL,1
7911,33,M,3,105.89,298.82,Month-to-month,Electronic Check,0,None,1
7912,62,F,49,40.79,1969.15,Month-to-month,Bank Transfer,1,Fiber optic,1
7913,39,F,30,26.77,788.01,Month-to-month,Credit Card,0,DSL,1
7914,74,F,22,53.72,1149.8,Month-to-month,Bank Transfer,1,DSL,0
7915,37,F,19,71.67,1341.71,Month-to-month,Bank Transfer,0,Fiber optic,1
7916,67,M,31,100.24,3068.97,Month-to-month,Electronic Check,0,Fiber optic,1
7917,60,M,20,59.77,1153.83,Month-to-month,Credit Card,1,Fiber optic,1
7918,44,F,19,47.0,934.0,Month-to-month,Credit Card,0,Fiber optic,1
7919,58,M,2,57.25,154.78,Month-to-month,Bank Transfer,0,Fiber optic,1
7920,33,F,40,90.36,3647.2,One year,Credit Card,0,Fiber optic,1
7921,51,M,39,53.62,2064.21,Month-to-month,Electronic Check,0,DSL,1
7922,49,F,72,117.92,8512.83,Month-to-month,Bank Transfer,1,Fiber optic,1
7923,43,M,54,37.5,2033.97,Month-to-month,Credit Card,0,Fiber optic,1
7924,42,F,27,95.31,2528.49,One year,Electronic Check,1,Fiber optic,1
7925,19,F,12,78.92,987.0,One year,Credit Card,1,None,0
7926,29,M,71,43.31,3124.81,Month-to-month,Electronic Check,1,Fiber optic,1
7927,57,M,17,95.36,1641.99,Two year,Bank Transfer,0,Fiber optic,1
7928,26,M,10,64.75,620.65,Two year,Electronic Check,1,None,0
7929,29,F,19,88.24,1682.0,Month-to-month,Credit Card,1,Fiber optic,1
7930,43,M,30,86.23,2547.84,Month-to-month,Bank Transfer,0,Fiber optic,1
7931,26,F,30,31.06,911.68,Month-to-month,Credit Card,0,DSL,1
7932,27,M,25,104.0,2621.73,One year,Bank Transfer,1,Fiber optic,0
7933,49,M,66,88.15,5798.01,Month-to-month,Credit Card,0,DSL,1
7934,74,F,35,98.06,3396.82,Month-to-month,Bank Transfer,0,DSL,1
7935,51,F,51,64.78,3254.53,Two year,Bank Transfer,1,None,0
7936,65,M,71,39.51,2812.46,Month-to-month,Electronic Check,0,Fiber optic,1
7937,37,F,71,52.62,3782.89,One year,Bank Transfer,0,Fiber optic,0
7938,56,F,27,110.15,2972.46,One year,Bank Transfer,1,None,0
7939,77,M,10,113.8,1109.26,One year,Electronic Check,0,None,1
7940,19,F,43,68.19,2928.5,Month-to-month,Bank Transfer,0,Fiber optic,1
7941,18,M,55,49.88,2753.61,Month-to-month,Credit Card,0,Fiber optic,1
7942,68,M,71,93.03,6635.27,One year,Electronic Check,1,None,0
7943,77,F,6,96.6,574.87,Month-to-month,Electronic Check,0,DSL,1
7944,53,M,6,101.55,576.6,Month-to-month,Bank Transfer,0,None,1
7945,41,F,48,23.11,1078.08,Month-to-month,Electronic Check,0,Fiber optic,1
7946,71,M,2,20.97,81.91,Two year,Credit Card,0,Fiber optic,0
7947,44,F,51,55.72,2815.34,Two year,Bank Transfer,0,Fiber optic,0
7948,19,F,61,35.25,2173.05,One year,Bank Transfer,0,DSL,0
7949,48,F,19,100.5,1886.39,Two year,Bank Transfer,1,Fiber optic,0
7950,74,F,2,73.28,168.62,Month-to-month,Credit Card,0,DSL,1
7951,31,F,51,102.53,5186.87,Month-to-month,Credit Card,0,DSL,1
7952,19,M,26,37.69,950.68,Month-to-month,Credit Card,0,Fiber optic,1
7953,46,M,70,82.72,5781.27,One year,Electronic Check,0,Fiber optic,1
7954,32,F,20,78.02,1561.93,Two year,Electronic Check,0,Fiber optic,0
7955,29,M,23,54.04,1228.22,Month-to-month,Bank Transfer,0,None,1
7956,54,F,54,71.71,3879.69,Month-to-month,Bank Transfer,0,DSL,1
7957,45,F,15,78.9,1166.04,One year,Bank Transfer,0,DSL,0
7958,37,M,6,108.95,671.54,One year,Electronic Check,1,Fiber optic,0
7959,78,M,35,25.56,895.72,Month-to-month,Credit Card,1,None,0
7960,56,F,8,102.34,839.23,Two year,Credit Card,1,Fiber optic,1
7961,41,F,57,118.02,6720.24,Month-to-month,Bank Transfer,0,Fiber optic,1
7962,38,F,50,93.18,4696.65,Month-to-month,Credit Card,0,Fiber optic,1
7963,27,F,49,93.73,4580.98,Month-to-month,Electronic Check,0,Fiber optic,1
7964,63,F,21,41.8,858.61,One year,Credit Card,0,Fiber optic,0
7965,31,F,36,72.31,2608.87,Two year,Bank Transfer,0,None,0
7966,54,M,71,90.59,6432.81,Two year,Bank Transfer,0,Fiber optic,1
7967,35,F,69,80.23,5537.68,One year,Credit Card,0,Fiber optic,1
7968,41,F,58,58.51,3423.19,Month-to-month,Bank Transfer,0,Fiber optic,1
7969,31,M,63,114.01,7191.49,Month-to-month,Bank Transfer,0,Fiber optic,1
7970,51,F,16,71.4,1180.93,Two year,Electronic Check,0,Fiber optic,0
7971,75,F,6,116.99,713.85,Month-to-month,Electronic Check,0,Fiber optic,1
7972,29,M,52,76.39,3924.45,Month-to-month,Credit Card,1,DSL,0
7973,39,F,2,99.34,235.72,One year,Bank Transfer,1,DSL,0
7974,73,M,18,94.2,1729.58,Month-to-month,Credit Card,0,Fiber optic,1
7975,23,F,35,86.08,2967.68,Month-to-month,Electronic Check,1,DSL,1
7976,53,M,39,21.45,799.08,Month-to-month,Electronic Check,0,Fiber optic,1
7977,62,M,1,27.74,33.38,Two year,Electronic Check,0,DSL,0
7978,53,M,37,78.15,2845.84,Two year,Credit Card,0,Fiber optic,0
7979,39,F,21,111.18,2325.9,Month-to-month,Electronic Check,0,Fiber optic,1
7980,31,F,1,80.11,127.65,Two year,Bank Transfer,0,Fiber optic,1
7981,33,M,4,43.6,141.68,Month-to-month,Electronic Check,0,Fiber optic,1
7982,78,M,58,52.02,2987.77,One year,Credit Card,0,Fiber optic,0
7983,53,F,1,82.32,99.95,Month-to-month,Electronic Check,0,Fiber optic,1
7984,73,F,13,79.71,990.63,One year,Credit Card,0,Fiber optic,0
7985,42,F,46,115.57,5348.29,Two year,Bank Transfer,0,None,1
7986,49,F,47,72.91,3396.67,Month-to-month,Electronic Check,0,DSL,1
7987,50,F,7,55.5,391.66,Two year,Credit Card,0,Fiber optic,0
7988,62,M,51,72.5,3672.38,Month-to-month,Bank Transfer,0,DSL,1
7989,53,F,3,98.62,311.75,One year,Bank Transfer,0,Fiber optic,1
7990,37,M,50,74.04,3710.72,Month-to-month,Electronic Check,0,DSL,1
7991,35,F,26,52.61,1412.5,Two year,Bank Transfer,1,Fiber optic,0
7992,55,M,31,53.86,1664.22,Month-to-month,Bank Transfer,1,Fiber optic,1
7993,20,M,62,95.68,5969.65,Month-to-month,Credit Card,0,Fiber optic,1
7994,40,F,26,26.64,700.22,Two year,Credit Card,0,Fiber optic,0
7995,49,M,67,47.48,3222.61,One year,Credit Card,0,DSL,0
7996,62,M,55,35.3,1920.68,One year,Electronic Check,0,DSL,0
7997,76,M,28,114.47,3210.14,One year,Bank Transfer,0,Fiber optic,1
7998,33,M,44,29.01,1265.44,Month-to-month,Electronic Check,0,Fiber optic,1
7999,76,F,38,95.82,3597.75,Two year,Electronic Check,1,DSL,0
8000,22,M,30,83.04,2498.63,One year,Credit Card,1,Fiber optic,1
8001,21,F,66,83.28,5525.9,Month-to-month,Bank Transfer,0,DSL,1
8002,38,M,8,96.34,776.34,One year,Electronic Check,1,DSL,0
8003,57,F,14,60.05,818.63,Two year,Electronic Check,1,Fiber optic,0
8004,68,F,62,60.07,3700.72,Two year,Electronic Check,0,Fiber optic,0
8005,31,F,63,48.87,3052.59,Month-to-month,Electronic Check,0,DSL,1
8006,56,M,66,79.78,5313.44,One year,Credit Card,0,Fiber optic,0
8007,48,F,40,112.98,4509.12,Two year,Electronic Check,1,DSL,0
8008,31,F,13,112.4,1442.89,Month-to-month,Credit Card,0,DSL,1
8009,23,M,17,90.3,1526.95,Two year,Bank Transfer,0,DSL,1
8010,29,F,15,110.62,1620.88,Month-to-month,Electronic Check,1,DSL,1
8011,33,M,33,116.35,3809.15,Month-to-month,Credit Card,0,Fiber optic,1
8012,34,M,16,99.51,1593.05,Month-to-month,Credit Card,1,Fiber optic,1
8013,62,F,13,60.78,820.02,Month-to-month,Electronic Check,0,Fiber optic,1
8014,40,M,23,68.32,1609.0,Month-to-month,Credit Card,1,Fiber optic,1
8015,31,M,36,113.13,4109.28,One year,Electronic Check,1,Fiber optic,1
8016,78,M,43,87.0,3785.48,Month-to-month,Credit Card,1,Fiber optic,1
8017,24,F,50,102.07,5066.08,One year,Credit Card,1,Fiber optic,0
8018,63,M,13,31.61,365.03,Month-to-month,Bank Transfer,0,Fiber optic,1
8019,49,M,30,39.39,1142.27,Two year,Electronic Check,0,DSL,0
8020,32,M,57,54.41,3111.44,Two year,Bank Transfer,0,Fiber optic,0
8021,61,F,30,38.82,1170.21,Month-to-month,Credit Card,0,None,1
8022,34,M,71,110.65,7873.27,One year,Electronic Check,0,Fiber optic,1
8023,58,F,10,41.69,404.01,Two year,Bank Transfer,0,Fiber optic,0
8024,71,M,66,75.72,4986.68,One year,Electronic Check,0,DSL,0
8025,64,F,39,28.55,1118.01,Month-to-month,Electronic Check,0,Fiber optic,1
8026,61,F,37,35.5,1271.41,Month-to-month,Bank Transfer,0,Fiber optic,1
8027,51,F,3,44.74,164.21,Two year,Bank Transfer,0,Fiber optic,0
8028,22,M,34,118.29,4064.15,Month-to-month,Bank Transfer,0,DSL,1
8029,62,M,38,99.71,3777.71,Month-to-month,Credit Card,1,Fiber optic,1
8030,44,M,14,87.36,1247.0,Month-to-month,Bank Transfer,0,DSL,1
8031,69,F,64,111.63,7149.2,Month-to-month,Bank Transfer,0,Fiber optic,1
8032,40,M,39,115.62,4482.78,One year,Credit Card,1,Fiber optic,0
8033,57,M,54,65.36,3486.22,One year,Bank Transfer,1,Fiber optic,0
8034,76,F,2,52.77,80.13,Month-to-month,Electronic Check,0,Fiber optic,1
8035,31,M,43,51.53,2226.28,Month-to-month,Electronic Check,1,Fiber optic,1
8036,32,M,53,23.57,1203.23,Month-to-month,Electronic Check,1,DSL,0
8037,60,F,3,47.96,177.5,Month-to-month,Credit Card,0,DSL,1
8038,50,F,41,55.5,2322.53,One year,Bank Transfer,0,Fiber optic,0
8039,70,M,8,23.69,147.87,Month-to-month,Electronic Check,0,Fiber optic,1
8040,48,F,63,108.26,6795.05,Month-to-month,Credit Card,1,Fiber optic,1
8041,52,M,65,104.79,6828.91,One year,Credit Card,0,DSL,1
8042,34,M,4,45.15,211.21,Two year,Credit Card,0,Fiber optic,0
8043,45,M,68,100.26,6802.28,Month-to-month,Credit Card,1,DSL,1
8044,36,M,10,99.62,997.72,Month-to-month,Credit Card,0,Fiber optic,1
8045,63,M,50,53.5,2714.18,Month-to-month,Electronic Check,0,DSL,1
8046,71,F,23,89.71,2051.77,Month-to-month,Credit Card,1,DSL,1
8047,79,F,61,48.99,2946.54,Two year,Bank Transfer,0,Fiber optic,0
8048,40,M,47,27.03,1319.9,Month-to-month,Electronic Check,0,Fiber optic,1
8049,49,F,3,70.48,179.47,Month-to-month,Credit Card,0,DSL,1
8050,57,F,17,63.83,1039.99,Month-to-month,Electronic Check,1,Fiber optic,1
8051,30,M,22,33.82,735.11,Two year,Electronic Check,1,None,0
8052,76,F,16,69.06,1067.11,One year,Bank Transfer,0,DSL,0
8053,37,F,3,114.94,392.69,Month-to-month,Credit Card,0,Fiber optic,1
8054,52,M,52,93.14,4831.36,One year,Bank Transfer,0,Fiber optic,1
8055,22,M,33,93.89,3130.95,Month-to-month,Credit Card,0,Fiber optic,1
8056,26,M,42,95.76,3989.58,Two year,Credit Card,0,Fiber optic,1
8057,46,M,2,94.46,152.8,Month-to-month,Electronic Check,0,Fiber optic,1
8058,23,M,39,21.99,872.54,Month-to-month,Credit Card,0,Fiber optic,1
8059,42,M,46,112.47,5214.55,Two year,Electronic Check,1,None,0
8060,48,M,48,103.01,4905.93,Two year,Bank Transfer,0,Fiber optic,1
8061,39,F,27,47.46,1290.35,Month-to-month,Credit Card,0,Fiber optic,1
8062,19,M,15,75.27,1087.54,Month-to-month,Credit Card,0,Fiber optic,1
8063,62,F,7,81.5,601.72,Two year,Bank Transfer,0,None,1
8064,22,F,57,33.19,1932.76,Two year,Bank Transfer,0,Fiber optic,0
8065,77,M,42,45.4,1919.68,Two year,Electronic Check,0,DSL,0
8066,44,F,9,22.33,219.8,Month-to-month,Bank Transfer,0,Fiber optic,1
8067,42,F,6,106.4,593.94,One year,Credit Card,0,Fiber optic,1
8068,25,F,57,22.49,1239.23,Month-to-month,Electronic Check,0,DSL,1
8069,72,M,30,51.87,1524.07,Month-to-month,Bank Transfer,0,DSL,1
8070,18,F,55,27.82,1507.48,Month-to-month,Credit Card,1,Fiber optic,1
8071,37,F,54,98.14,5325.55,Month-to-month,Credit Card,0,None,1
8072,61,M,27,112.5,3031.04,One year,Credit Card,0,DSL,1
8073,40,F,59,76.28,4458.34,Month-to-month,Bank Transfer,1,Fiber optic,1
8074,49,F,7,33.96,272.98,Month-to-month,Electronic Check,1,Fiber optic,1
8075,28,F,40,75.82,3082.18,Month-to-month,Bank Transfer,0,Fiber optic,1
8076,56,F,72,97.03,6981.66,Two year,Electronic Check,0,None,1
8077,64,F,2,91.84,184.86,Month-to-month,Bank Transfer,0,None,1
8078,71,M,14,94.17,1276.23,Month-to-month,Credit Card,0,DSL,1
8079,41,F,10,47.92,467.5,One year,Bank Transfer,0,Fiber optic,0
8080,28,M,50,27.37,1355.68,One year,Electronic Check,0,Fiber optic,0
8081,46,F,18,34.9,674.78,One year,Bank Transfer,0,None,0
8082,71,M,18,115.55,2095.94,Two year,Electronic Check,1,DSL,0
8083,43,M,16,81.35,1329.82,Month-to-month,Bank Transfer,1,None,1
8084,33,M,52,92.79,4787.91,Month-to-month,Electronic Check,0,DSL,1
8085,52,F,69,109.91,7575.48,One year,Credit Card,0,Fiber optic,1
8086,37,F,52,105.28,5443.72,One year,Credit Card,0,Fiber optic,1
8087,63,F,31,41.84,1333.06,Month-to-month,Electronic Check,0,Fiber optic,1
8088,20,F,23,25.81,558.87,Month-to-month,Credit Card,0,DSL,1
8089,18,F,42,112.51,4719.31,Two year,Electronic Check,0,Fiber optic,1
8090,75,M,62,118.17,7281.91,Two year,Electronic Check,1,DSL,0
8091,70,M,50,76.73,3849.93,Month-to-month,Credit Card,0,Fiber optic,1
8092,64,M,15,108.84,1630.79,Month-to-month,Bank Transfer,0,Fiber optic,1
8093,18,F,44,43.18,1899.72,One year,Electronic Check,0,Fiber optic,0
8094,34,F,42,31.1,1266.36,Month-to-month,Bank Transfer,1,Fiber optic,1
8095,19,M,45,69.98,3150.5,Month-to-month,Bank Transfer,0,Fiber optic,1
8096,46,F,35,101.12,3545.58,Month-to-month,Credit Card,0,Fiber optic,1
8097,37,F,22,85.47,1926.62,Month-to-month,Electronic Check,0,Fiber optic,1
8098,23,M,38,83.73,3135.06,Two year,Bank Transfer,0,DSL,1
8099,25,M,70,21.75,1564.77,One year,Bank Transfer,0,Fiber optic,0
8100,46,F,64,51.75,3309.96,Month-to-month,Credit Card,0,Fiber optic,1
8101,65,F,7,113.95,768.66,Month-to-month,Credit Card,0,Fiber optic,1
8102,68,M,44,33.43,1487.47,One year,Bank Transfer,0,Fiber optic,0
8103,50,F,7,92.64,650.19,Month-to-month,Bank Transfer,0,None,1
8104,20,M,66,95.93,6304.06,One year,Credit Card,1,DSL,0
8105,77,M,60,93.28,5609.48,Month-to-month,Credit Card,0,DSL,1
8106,52,M,1,118.93,116.26,Month-to-month,Credit Card,0,Fiber optic,1
8107,22,F,62,60.92,3795.94,Month-to-month,Electronic Check,1,Fiber optic,1
8108,44,M,18,88.22,1606.87,One year,Credit Card,1,Fiber optic,0
8109,61,M,7,39.37,272.87,One year,Credit Card,0,Fiber optic,0
8110,29,F,54,59.97,3227.46,Month-to-month,Credit Card,0,Fiber optic,1
8111,37,M,67,69.16,4590.04,Month-to-month,Electronic Check,0,Fiber optic,1
8112,62,F,10,41.48,414.18,Month-to-month,Electronic Check,1,None,0
8113,37,F,61,110.68,6725.79,Month-to-month,Credit Card,1,Fiber optic,1
8114,26,F,59,91.62,5360.9,One year,Credit Card,0,DSL,1
8115,56,M,59,48.38,2837.46,Month-to-month,Electronic Check,0,DSL,1
8116,21,M,69,33.5,2270.25,Month-to-month,Electronic Check,0,Fiber optic,1
8117,68,F,63,48.79,3081.74,Month-to-month,Bank Transfer,0,None,1
8118,71,F,8,82.3,658.77,Month-to-month,Electronic Check,0,Fiber optic,1
8119,36,F,55,102.64,5674.44,Two year,Electronic Check,0,Fiber optic,1
8120,55,M,6,70.32,398.68,One year,Credit Card,0,Fiber optic,0
8121,44,F,1,30.25,17.4,Month-to-month,Credit Card,0,Fiber optic,1
8122,62,F,56,44.93,2534.98,Month-to-month,Credit Card,1,DSL,0
8123,60,F,10,54.51,594.39,One year,Electronic Check,0,Fiber optic,0
8124,30,M,23,83.61,1963.45,Two year,Bank Transfer,0,Fiber optic,1
8125,30,F,16,44.66,716.64,Two year,Credit Card,1,Fiber optic,0
8126,77,M,16,43.39,712.03,Month-to-month,Bank Transfer,0,None,1
8127,74,M,56,48.62,2725.91,Month-to-month,Bank Transfer,0,DSL,1
8128,39,F,6,79.25,468.98,Month-to-month,Electronic Check,0,DSL,1
8129,45,F,30,69.26,2088.03,Month-to-month,Electronic Check,0,DSL,1
8130,69,F,63,104.16,6550.73,Month-to-month,Credit Card,0,DSL,1
8131,64,M,1,89.79,67.81,Two year,Electronic Check,0,Fiber optic,1
8132,70,M,51,86.68,4441.25,One year,Bank Transfer,1,Fiber optic,1
8133,62,M,46,35.47,1668.82,One year,Electronic Check,0,Fiber optic,0
8134,39,F,21,25.52,514.72,Month-to-month,Electronic Check,1,Fiber optic,1
8135,60,M,38,71.0,2718.69,Month-to-month,Bank Transfer,0,DSL,1
8136,36,F,69,27.16,1867.44,One year,Electronic Check,0,DSL,0
8137,25,F,63,56.4,3533.41,One year,Electronic Check,1,DSL,0
8138,69,F,50,22.61,1142.61,Two year,Credit Card,0,Fiber optic,0
8139,25,M,12,37.68,496.1,One year,Bank Transfer,0,Fiber optic,0
8140,59,M,69,31.04,2126.93,Month-to-month,Electronic Check,0,None,1
8141,43,M,44,100.1,4430.35,One year,Bank Transfer,1,Fiber optic,0
8142,65,F,52,54.61,2821.19,Month-to-month,Electronic Check,1,DSL,0
8143,68,M,9,27.88,281.31,One year,Credit Card,0,Fiber optic,0
8144,43,M,65,46.55,3051.75,Two year,Electronic Check,0,Fiber optic,0
8145,40,F,10,88.28,909.36,One year,Electronic Check,0,DSL,1
8146,60,F,46,94.56,4399.53,Month-to-month,Bank Transfer,0,None,1
8147,30,M,58,31.99,1819.47,One year,Electronic Check,1,DSL,0
8148,45,F,37,97.86,3609.7,One year,Bank Transfer,1,Fiber optic,0
8149,26,M,52,57.06,2980.2,Month-to-month,Credit Card,0,Fiber optic,1
8150,37,F,13,87.94,1152.27,One year,Bank Transfer,1,None,0
8151,73,F,6,87.15,550.96,Month-to-month,Electronic Check,0,DSL,1
8152,36,M,58,99.36,5717.57,Month-to-month,Bank Transfer,0,DSL,1
8153,65,F,48,89.72,4327.07,One year,Credit Card,0,Fiber optic,1
8154,56,F,32,23.89,788.25,One year,Electronic Check,1,Fiber optic,0
8155,68,F,11,71.95,747.56,Two year,Credit Card,1,DSL,0
8156,29,M,5,36.62,186.97,Month-to-month,Credit Card,0,DSL,1
8157,32,F,6,117.0,676.5,Month-to-month,Electronic Check,1,Fiber optic,1
8158,48,F,21,45.58,987.34,Month-to-month,Electronic Check,0,DSL,1
8159,72,M,42,62.01,2559.38,Two year,Bank Transfer,0,DSL,0
8160,31,M,27,39.67,1035.71,Two year,Electronic Check,0,Fiber optic,0
8161,28,F,3,33.46,60.83,Month-to-month,Bank Transfer,0,DSL,1
8162,43,F,60,80.09,4761.92,Month-to-month,Credit Card,0,None,1
8163,59,F,66,69.32,4585.13,Month-to-month,Bank Transfer,0,Fiber optic,1
8164,44,M,49,57.47,2852.88,One year,Electronic Check,1,Fiber optic,0
8165,28,F,34,28.54,971.46,Month-to-month,Bank Transfer,1,DSL,0
8166,55,M,37,93.6,3434.26,Month-to-month,Electronic Check,1,Fiber optic,1
8167,51,M,42,20.59,849.16,Month-to-month,Credit Card,1,DSL,0
8168,60,F,65,65.77,4261.09,One year,Bank Transfer,1,None,0
8169,36,F,60,83.26,4990.76,Month-to-month,Bank Transfer,1,Fiber optic,1
8170,23,M,1,63.07,55.12,One year,Bank Transfer,0,Fiber optic,0
8171,63,F,59,32.62,1941.7,Month-to-month,Bank Transfer,1,Fiber optic,1
8172,69,F,4,97.82,375.27,Month-to-month,Credit Card,1,DSL,1
8173,55,M,14,52.39,749.76,Month-to-month,Electronic Check,1,Fiber optic,1
8174,66,F,18,33.48,607.32,Month-to-month,Bank Transfer,0,Fiber optic,1
8175,59,M,34,75.03,2505.87,Month-to-month,Credit Card,0,DSL,1
8176,45,F,1,21.92,63.89,Month-to-month,Electronic Check,1,DSL,0
8177,18,M,53,52.41,2745.53,Month-to-month,Credit Card,0,Fiber optic,1
8178,52,M,22,95.06,2086.47,Two year,Bank Transfer,0,Fiber optic,1
8179,57,F,61,111.27,6832.23,Month-to-month,Bank Transfer,0,Fiber optic,1
8180,25,M,22,79.17,1716.47,One year,Credit Card,1,Fiber optic,0
8181,76,M,50,41.76,2040.22,Month-to-month,Bank Transfer,0,DSL,1
8182,69,F,16,42.0,671.0,Two year,Bank Transfer,0,Fiber optic,0
8183,71,F,28,80.39,2223.31,Two year,Credit Card,0,Fiber optic,1
8184,64,F,70,60.68,4255.8,One year,Electronic Check,0,Fiber optic,0
8185,73,M,42,37.73,1616.37,Month-to-month,Credit Card,0,Fiber optic,1
8186,24,M,66,98.74,6517.96,Month-to-month,Credit Card,0,Fiber optic,1
8187,28,M,71,40.02,2855.92,Month-to-month,Bank Transfer,0,Fiber optic,1
8188,56,F,35,52.16,1842.22,Month-to-month,Electronic Check,1,Fiber optic,1
8189,78,M,20,26.14,554.85,Month-to-month,Bank Transfer,0,Fiber optic,1
8190,21,M,2,90.14,199.07,Month-to-month,Credit Card,1,Fiber optic,1
8191,42,F,7,47.53,380.33,Two year,Electronic Check,1,Fiber optic,0
8192,29,M,49,43.29,2116.83,Month-to-month,Electronic Check,0,DSL,1
8193,43,F,9,50.34,408.09,Month-to-month,Bank Transfer,0,DSL,1
8194,55,F,27,107.41,2889.47,One year,Electronic Check,0,Fiber optic,1
8195,63,F,2,71.8,177.59,Month-to-month,Credit Card,0,Fiber optic,1
8196,29,M,68,35.79,2397.03,Month-to-month,Electronic Check,0,DSL,1
8197,60,M,60,97.45,5870.59,Month-to-month,Credit Card,0,DSL,1
8198,68,M,49,40.85,2005.22,One year,Credit Card,0,Fiber optic,0
8199,70,F,2,61.25,162.57,Two year,Credit Card,0,Fiber optic,0
8200,54,F,17,76.81,1328.89,Month-to-month,Bank Transfer,0,DSL,1
8201,63,F,20,78.44,1584.85,Two year,Bank Transfer,0,Fiber optic,0
8202,70,M,32,26.9,899.49,Two year,Bank Transfer,0,Fiber optic,0
8203,41,M,51,103.68,5328.5,Month-to-month,Electronic Check,1,Fiber optic,1
8204,33,M,42,67.94,2841.97,Month-to-month,Electronic Check,0,None,1
8205,74,M,63,118.93,7535.37,One year,Electronic Check,0,Fiber optic,1
8206,30,M,61,91.74,5551.61,Month-to-month,Bank Transfer,0,Fiber optic,1
8207,42,F,62,119.26,7420.38,One year,Credit Card,1,Fiber optic,1
8208,78,M,3,65.35,179.7,Month-to-month,Credit Card,0,DSL,1
8209,71,F,26,34.08,884.82,Month-to-month,Bank Transfer,0,Fiber optic,1
8210,71,F,48,92.73,4484.61,One year,Credit Card,0,None,1
8211,74,M,8,97.78,795.94,One year,Credit Card,0,Fiber optic,1
8212,69,F,5,105.28,522.15,Month-to-month,Bank Transfer,1,Fiber optic,1
8213,71,M,11,50.14,517.93,One year,Credit Card,1,Fiber optic,0
8214,21,M,42,71.07,3028.87,Month-to-month,Bank Transfer,0,Fiber optic,1
8215,28,F,41,105.75,4319.0,Two year,Electronic Check,0,DSL,1
8216,49,M,19,106.47,1983.05,Month-to-month,Credit Card,0,Fiber optic,1
8217,66,M,48,22.57,1089.77,One year,Bank Transfer,1,None,0
8218,24,F,53,87.09,4606.4,One year,Electronic Check,0,DSL,1
8219,63,F,55,80.17,4418.4,Month-to-month,Credit Card,1,DSL,1
8220,75,F,61,28.33,1701.48,Month-to-month,Electronic Check,0,Fiber optic,1
8221,28,F,32,113.01,3604.19,Month-to-month,Credit Card,0,DSL,1
8222,45,F,46,64.54,3016.09,One year,Electronic Check,0,Fiber optic,0
8223,71,F,36,87.43,3191.13,Month-to-month,Electronic Check,0,DSL,1
8224,58,M,18,108.28,1985.48,One year,Credit Card,0,None,1
8225,40,M,18,33.01,622.09,Month-to-month,Bank Transfer,0,Fiber optic,1
8226,62,M,12,105.58,1232.62,Month-to-month,Electronic Check,0,DSL,1
8227,40,F,72,92.43,6651.65,Month-to-month,Bank Transfer,0,DSL,1
8228,67,M,46,103.96,4804.95,Month-to-month,Electronic Check,0,Fiber optic,1
8229,45,F,55,69.48,3797.58,One year,Electronic Check,1,Fiber optic,0
8230,60,M,38,23.35,840.61,Month-to-month,Credit Card,0,DSL,1
8231,64,F,2,87.05,165.91,One year,Electronic Check,0,Fiber optic,1
8232,74,M,9,57.45,509.56,Month-to-month,Electronic Check,0,Fiber optic,1
8233,43,F,5,60.24,257.71,Month-to-month,Bank Transfer,1,Fiber optic,1
8234,42,F,19,64.13,1200.53,Month-to-month,Bank Transfer,0,Fiber optic,1
8235,71,F,71,69.29,4961.32,Month-to-month,Bank Transfer,0,Fiber optic,1
8236,46,F,39,86.19,3336.44,One year,Credit Card,0,Fiber optic,1
8237,36,M,42,92.68,3899.48,Two year,Bank Transfer,0,DSL,1
8238,50,M,17,97.68,1659.35,Month-to-month,Credit Card,0,Fiber optic,1
8239,53,F,63,87.16,5527.29,Month-to-month,Credit Card,0,Fiber optic,1
8240,31,F,46,100.35,4631.46,Month-to-month,Bank Transfer,0,Fiber optic,1
8241,31,F,20,32.21,610.04,Month-to-month,Electronic Check,0,Fiber optic,1
8242,52,M,70,103.68,7221.89,Month-to-month,Electronic Check,1,Fiber optic,1
8243,47,F,8,58.73,475.59,Month-to-month,Bank Transfer,0,Fiber optic,1
8244,45,F,19,72.88,1339.37,Month-to-month,Electronic Check,0,Fiber optic,1
8245,34,M,32,63.38,2017.51,Month-to-month,Credit Card,0,Fiber optic,1
8246,20,F,19,67.57,1273.73,One year,Bank Transfer,0,Fiber optic,0
8247,33,F,24,48.54,1134.59,Month-to-month,Credit Card,1,DSL,0
8248,63,M,24,37.0,868.1,Month-to-month,Bank Transfer,0,DSL,1
8249,47,F,56,30.49,1690.43,One year,Electronic Check,0,DSL,0
8250,69,F,18,65.14,1123.7,Month-to-month,Electronic Check,1,None,0
8251,46,M,12,32.53,420.95,Month-to-month,Credit Card,0,Fiber optic,1
8252,62,F,41,44.5,1870.24,One year,Electronic Check,0,DSL,0
8253,32,M,48,33.36,1580.21,One year,Electronic Check,0,Fiber optic,0
8254,63,F,64,30.91,1939.44,Month-to-month,Credit Card,0,Fiber optic,1
8255,73,F,16,108.25,1777.36,Month-to-month,Credit Card,1,Fiber optic,1
8256,42,F,23,87.4,2034.26,Month-to-month,Credit Card,0,None,1
8257,68,F,39,112.38,4421.93,Month-to-month,Bank Transfer,0,DSL,1
8258,55,F,33,84.4,2771.29,One year,Credit Card,0,Fiber optic,1
8259,59,M,24,104.4,2504.01,One year,Bank Transfer,0,None,1
8260,76,F,61,75.53,4650.35,Month-to-month,Bank Transfer,1,Fiber optic,1
8261,64,F,55,66.26,3640.26,Month-to-month,Bank Transfer,0,None,1
8262,70,M,61,72.85,4461.06,Two year,Credit Card,1,DSL,0
8263,71,M,40,52.02,2101.28,Month-to-month,Bank Transfer,0,Fiber optic,1
8264,69,F,58,85.8,5010.11,One year,Electronic Check,1,Fiber optic,1
8265,75,M,72,109.72,7947.36,Month-to-month,Credit Card,0,None,1
8266,55,F,1,98.24,81.73,Month-to-month,Credit Card,0,DSL,1
8267,40,M,25,66.2,1629.75,Month-to-month,Bank Transfer,0,Fiber optic,1
8268,42,M,53,115.39,6073.44,Month-to-month,Credit Card,1,None,1
8269,59,F,61,118.54,7266.59,Month-to-month,Bank Transfer,1,DSL,1
8270,24,M,46,69.31,3167.53,Two year,Credit Card,0,DSL,0
8271,39,F,60,106.46,6342.56,Month-to-month,Bank Transfer,0,Fiber optic,1
8272,34,M,51,20.48,1081.01,Month-to-month,Credit Card,1,Fiber optic,1
8273,35,M,48,26.67,1281.15,Month-to-month,Credit Card,0,DSL,1
8274,66,M,40,22.24,923.43,Month-to-month,Bank Transfer,0,None,1
8275,58,F,7,97.32,686.69,Month-to-month,Electronic Check,0,Fiber optic,1
8276,27,F,19,27.98,512.99,Two year,Credit Card,1,Fiber optic,0
8277,27,M,15,21.71,288.63,Month-to-month,Electronic Check,0,Fiber optic,1
8278,74,F,70,34.74,2425.52,One year,Electronic Check,0,Fiber optic,0
8279,24,F,61,50.63,3041.08,Month-to-month,Credit Card,0,Fiber optic,1
8280,65,F,56,66.47,3732.57,Month-to-month,Credit Card,0,Fiber optic,1
8281,78,M,10,26.54,258.17,Month-to-month,Bank Transfer,0,Fiber optic,1
8282,67,F,46,69.9,3179.55,One year,Bank Transfer,0,DSL,0
8283,55,M,57,44.81,2557.19,Month-to-month,Electronic Check,0,Fiber optic,1
8284,44,M,35,47.44,1690.49,Two year,Bank Transfer,1,Fiber optic,0
8285,69,M,72,102.19,7405.16,Month-to-month,Bank Transfer,1,Fiber optic,1
8286,50,M,3,118.69,358.81,Two year,Bank Transfer,0,DSL,1
8287,18,M,66,66.39,4344.7,Month-to-month,Bank Transfer,0,Fiber optic,1
8288,61,F,53,52.18,2796.61,Month-to-month,Credit Card,0,Fiber optic,1
8289,70,F,52,113.14,5902.86,Month-to-month,Bank Transfer,0,Fiber optic,1
8290,77,M,53,70.04,3757.52,Month-to-month,Electronic Check,1,DSL,0
8291,51,F,54,93.04,5027.68,Month-to-month,Credit Card,1,DSL,1
8292,21,F,47,61.37,2870.1,Month-to-month,Credit Card,1,Fiber optic,1
8293,34,F,3,40.25,167.03,Month-to-month,Electronic Check,0,None,1
8294,21,F,65,85.49,5560.69,Month-to-month,Credit Card,1,Fiber optic,1
8295,60,F,15,86.48,1248.79,Month-to-month,Credit Card,0,Fiber optic,1
8296,71,F,34,66.02,2242.05,Two year,Electronic Check,1,Fiber optic,0
8297,43,F,50,46.99,2299.74,Month-to-month,Bank Transfer,1,Fiber optic,1
8298,21,M,33,103.18,3428.71,Two year,Credit Card,0,Fiber optic,1
8299,18,M,3,47.53,149.18,Two year,Bank Transfer,1,Fiber optic,0
8300,24,M,2,85.9,132.78,Month-to-month,Electronic Check,0,DSL,1
8301,47,F,4,58.4,264.9,Month-to-month,Credit Card,1,Fiber optic,1
8302,67,F,16,67.25,1079.64,Month-to-month,Bank Transfer,0,None,1
8303,26,M,54,41.14,2182.97,One year,Electronic Check,0,Fiber optic,0
8304,78,F,33,84.95,2769.35,Month-to-month,Credit Card,1,DSL,1
8305,52,F,9,42.58,415.43,One year,Credit Card,1,Fiber optic,0
8306,25,M,57,68.57,3894.04,One year,Bank Transfer,0,Fiber optic,0
8307,78,M,40,52.85,2146.11,Two year,Credit Card,0,DSL,0
8308,41,M,52,116.36,6007.67,Month-to-month,Bank Transfer,0,DSL,1
8309,36,F,16,118.22,1865.91,Two year,Bank Transfer,1,Fiber optic,0
8310,53,F,8,95.35,789.26,Month-to-month,Credit Card,0,Fiber optic,1
8311,67,F,60,118.39,7117.57,One year,Electronic Check,1,Fiber optic,0
8312,69,M,36,31.36,1109.64,Month-to-month,Credit Card,1,DSL,0
8313,76,M,3,119.23,401.29,Month-to-month,Electronic Check,1,Fiber optic,1
8314,60,F,15,30.36,426.51,Month-to-month,Bank Transfer,1,Fiber optic,1
8315,44,M,23,61.55,1450.63,Month-to-month,Bank Transfer,0,Fiber optic,1
8316,49,M,3,43.89,151.24,Month-to-month,Credit Card,0,Fiber optic,1
8317,31,F,30,115.38,3423.51,Two year,Credit Card,1,DSL,0
8318,74,M,45,83.58,3766.61,Month-to-month,Credit Card,1,None,1
8319,35,M,17,79.71,1398.06,Month-to-month,Bank Transfer,1,Fiber optic,1
8320,45,M,58,119.74,6956.81,Month-to-month,Credit Card,0,Fiber optic,1
8321,77,F,58,81.24,4714.8,Month-to-month,Electronic Check,0,Fiber optic,1
8322,46,F,57,84.62,4809.97,Month-to-month,Electronic Check,0,Fiber optic,1
8323,33,M,7,24.48,200.24,Two year,Bank Transfer,0,DSL,0
8324,52,F,39,105.91,4171.8,Month-to-month,Bank Transfer,0,DSL,1
8325,64,F,58,117.01,6811.91,One year,Credit Card,0,DSL,1
8326,76,F,56,116.03,6520.2,Month-to-month,Credit Card,0,None,1
8327,76,M,15,42.11,600.9,One year,Electronic Check,1,Fiber optic,0
8328,48,F,44,42.59,1907.36,Month-to-month,Electronic Check,0,DSL,1
8329,21,M,12,56.6,633.27,One year,Bank Transfer,0,Fiber optic,0
8330,54,M,8,51.02,433.9,One year,Credit Card,0,None,0
8331,34,F,41,50.56,2044.05,Month-to-month,Credit Card,1,None,0
8332,56,M,34,80.52,2736.41,Month-to-month,Credit Card,1,Fiber optic,1
8333,65,F,46,100.56,4645.28,Month-to-month,Credit Card,0,Fiber optic,1
8334,63,F,29,113.68,3322.63,Two year,Electronic Check,0,Fiber optic,1
8335,43,M,16,26.79,467.45,Month-to-month,Credit Card,0,DSL,1
8336,65,M,5,47.8,217.26,Month-to-month,Electronic Check,0,Fiber optic,1
8337,56,F,5,45.5,199.93,Month-to-month,Bank Transfer,0,Fiber optic,1
8338,58,F,30,55.74,1721.82,One year,Credit Card,1,Fiber optic,0
8339,21,F,50,62.43,3092.26,Month-to-month,Electronic Check,0,DSL,1
8340,47,F,5,58.92,311.15,One year,Electronic Check,1,Fiber optic,0
8341,47,M,13,115.21,1543.0,One year,Electronic Check,1,None,0
8342,39,M,49,63.71,3161.45,One year,Credit Card,0,Fiber optic,0
8343,28,M,50,75.16,3752.33,One year,Electronic Check,0,Fiber optic,0
8344,19,F,14,94.86,1341.8,Month-to-month,Electronic Check,0,Fiber optic,1
8345,61,M,46,92.51,4258.37,Two year,Bank Transfer,1,Fiber optic,1
8346,29,M,34,78.3,2646.87,Month-to-month,Credit Card,1,Fiber optic,1
8347,47,M,71,106.08,7496.12,Month-to-month,Electronic Check,0,DSL,1
8348,53,M,47,82.42,3904.08,One year,Electronic Check,1,Fiber optic,1
8349,35,F,60,107.48,6407.84,Month-to-month,Credit Card,0,DSL,1
8350,43,M,11,50.28,564.04,One year,Credit Card,0,Fiber optic,0
8351,70,M,50,33.2,1669.44,Month-to-month,Electronic Check,0,Fiber optic,1
8352,24,M,4,101.95,391.28,Month-to-month,Credit Card,0,Fiber optic,1
8353,78,M,41,58.25,2351.79,Month-to-month,Credit Card,0,DSL,1
8354,18,F,59,85.11,5051.45,Month-to-month,Credit Card,0,Fiber optic,1
8355,75,F,60,93.73,5619.99,Month-to-month,Credit Card,0,DSL,1
8356,43,M,62,52.67,3288.07,Month-to-month,Credit Card,0,Fiber optic,1
8357,40,F,25,70.52,1714.65,One year,Electronic Check,0,Fiber optic,0
8358,43,F,33,109.49,3570.62,One year,Electronic Check,0,DSL,1
8359,62,F,19,107.98,2019.2,Month-to-month,Bank Transfer,1,DSL,1
8360,23,F,57,94.94,5372.96,Month-to-month,Bank Transfer,0,Fiber optic,1
8361,23,M,15,96.27,1413.22,One year,Credit Card,1,Fiber optic,1
8362,61,F,41,109.77,4519.22,Month-to-month,Credit Card,0,Fiber optic,1
8363,25,F,69,93.63,6415.17,One year,Electronic Check,0,Fiber optic,1
8364,41,M,60,53.96,3191.39,One year,Bank Transfer,1,Fiber optic,0
8365,39,M,22,32.08,658.93,Month-to-month,Credit Card,0,Fiber optic,1
8366,36,M,43,62.19,2693.93,Month-to-month,Credit Card,0,DSL,1
8367,54,M,32,28.73,922.97,Two year,Bank Transfer,0,DSL,0
8368,35,F,13,31.58,397.56,Month-to-month,Bank Transfer,1,DSL,0
8369,48,M,38,115.02,4388.32,Month-to-month,Credit Card,1,DSL,1
8370,79,F,26,87.59,2282.7,One year,Bank Transfer,0,None,1
8371,54,F,5,105.16,476.53,Month-to-month,Bank Transfer,1,Fiber optic,1
8372,47,M,49,84.29,4164.06,Month-to-month,Bank Transfer,0,Fiber optic,1
8373,74,M,5,61.85,294.27,Month-to-month,Electronic Check,0,DSL,1
8374,59,F,71,22.52,1588.88,Two year,Credit Card,0,Fiber optic,0
8375,50,F,48,115.58,5576.07,One year,Bank Transfer,1,Fiber optic,0
8376,27,M,18,27.09,456.33,Month-to-month,Bank Transfer,0,DSL,1
8377,54,M,6,81.02,437.13,One year,Credit Card,0,DSL,1
8378,29,M,66,30.22,2035.4,Month-to-month,Electronic Check,0,Fiber optic,1
8379,71,F,42,48.41,2033.77,Month-to-month,Credit Card,1,DSL,0
8380,47,F,52,38.58,1991.11,Two year,Bank Transfer,0,Fiber optic,0
8381,44,M,11,75.37,860.97,One year,Bank Transfer,0,None,0
8382,56,F,26,108.71,2779.09,One year,Credit Card,0,Fiber optic,1
8383,26,M,21,83.56,1724.99,Two year,Electronic Check,0,Fiber optic,1
8384,71,F,66,86.42,5669.25,One year,Credit Card,0,Fiber optic,1
8385,38,F,40,110.89,4459.38,Month-to-month,Credit Card,0,Fiber optic,1
8386,29,M,56,94.94,5297.85,Month-to-month,Credit Card,0,DSL,1
8387,72,M,51,106.6,5463.89,Month-to-month,Electronic Check,0,DSL,1
8388,46,M,20,61.64,1186.95,Month-to-month,Credit Card,0,DSL,1
8389,50,F,57,106.54,6083.59,One year,Credit Card,0,Fiber optic,1
8390,60,F,5,84.59,404.77,One year,Credit Card,0,DSL,1
8391,79,M,14,33.56,438.53,One year,Bank Transfer,0,Fiber optic,0
8392,70,F,24,23.87,604.56,Month-to-month,Electronic Check,0,Fiber optic,1
8393,32,M,68,44.4,3010.43,Month-to-month,Bank Transfer,0,None,1
8394,19,F,52,57.83,3014.32,Two year,Bank Transfer,0,Fiber optic,0
8395,69,M,48,103.76,4933.79,One year,Credit Card,0,Fiber optic,1
8396,56,F,47,94.12,4452.8,One year,Bank Transfer,1,Fiber optic,1
8397,70,F,60,115.54,6911.09,Month-to-month,Credit Card,0,DSL,1
8398,61,F,3,75.92,247.1,One year,Credit Card,0,Fiber optic,0
8399,71,F,9,94.77,878.98,Month-to-month,Credit Card,0,Fiber optic,1
8400,35,M,24,47.53,1102.43,One year,Bank Transfer,0,DSL,0
8401,20,F,4,87.96,331.43,Month-to-month,Electronic Check,1,Fiber optic,1
8402,24,M,9,90.62,837.92,One year,Credit Card,1,None,0
8403,60,M,1,104.84,78.06,Month-to-month,Electronic Check,0,None,1
8404,35,M,35,73.64,2612.22,Two year,Electronic Check,0,Fiber optic,0
8405,61,M,12,84.9,1000.0,Month-to-month,Bank Transfer,0,DSL,1
8406,55,F,18,40.3,715.63,Month-to-month,Credit Card,0,DSL,1
8407,54,M,10,93.68,896.77,Month-to-month,Bank Transfer,1,Fiber optic,1
8408,75,F,18,103.84,1833.89,Month-to-month,Electronic Check,0,Fiber optic,1
8409,50,F,24,79.37,1882.42,Month-to-month,Electronic Check,0,Fiber optic,1
8410,61,F,1,31.57,-13.54,One year,Electronic Check,0,DSL,0
8411,76,F,72,51.29,3662.18,Month-to-month,Credit Card,0,Fiber optic,1
8412,48,M,16,67.55,1071.69,Month-to-month,Credit Card,0,Fiber optic,1
8413,75,F,15,87.72,1303.8,Month-to-month,Bank Transfer,0,Fiber optic,1
8414,28,M,62,52.03,3195.73,Month-to-month,Electronic Check,0,DSL,1
8415,21,F,5,104.03,478.2,One year,Credit Card,1,Fiber optic,0
8416,76,F,45,57.18,2554.91,Month-to-month,Electronic Check,0,Fiber optic,1
8417,35,M,52,24.28,1287.09,Month-to-month,Credit Card,1,Fiber optic,1
8418,21,F,71,99.4,7058.41,Month-to-month,Bank Transfer,1,DSL,1
8419,66,F,7,84.42,635.62,Month-to-month,Electronic Check,1,Fiber optic,1
8420,51,F,27,100.2,2669.39,Month-to-month,Credit Card,1,DSL,1
8421,46,F,13,54.89,684.3,One year,Bank Transfer,1,Fiber optic,0
8422,41,F,17,21.76,347.95,Month-to-month,Bank Transfer,0,DSL,1
8423,39,M,44,27.38,1156.02,Two year,Credit Card,0,Fiber optic,0
8424,19,F,13,31.18,449.68,Month-to-month,Bank Transfer,0,Fiber optic,1
8425,61,F,5,100.51,497.09,Month-to-month,Credit Card,0,Fiber optic,1
8426,23,M,33,50.14,1652.78,Month-to-month,Electronic Check,1,Fiber optic,1
8427,59,F,4,119.79,444.95,Month-to-month,Bank Transfer,0,Fiber optic,1
8428,42,M,26,95.84,2529.11,Two year,Electronic Check,0,DSL,1
8429,72,F,68,80.12,5467.42,One year,Credit Card,1,None,0
8430,74,F,16,118.36,1886.9,Month-to-month,Electronic Check,0,Fiber optic,1
8431,38,M,22,51.63,1173.66,Month-to-month,Bank Transfer,0,Fiber optic,1
8432,72,F,36,36.56,1356.71,One year,Bank Transfer,0,DSL,0
8433,76,F,58,93.73,5391.29,Month-to-month,Bank Transfer,0,Fiber optic,1
8434,33,M,55,47.81,2591.48,Month-to-month,Bank Transfer,0,Fiber optic,1
8435,48,M,35,116.1,4016.26,Month-to-month,Credit Card,0,Fiber optic,1
8436,31,F,25,118.81,2978.42,Month-to-month,Electronic Check,0,DSL,1
8437,56,M,72,112.64,8081.87,Month-to-month,Credit Card,1,Fiber optic,1
8438,45,F,61,114.48,7017.77,One year,Bank Transfer,1,None,0
8439,49,M,18,81.57,1464.85,One year,Electronic Check,0,Fiber optic,1
8440,45,F,58,89.21,5207.95,Month-to-month,Bank Transfer,1,Fiber optic,1
8441,68,M,57,29.42,1682.5,Two year,Electronic Check,0,DSL,0
8442,72,M,63,96.31,6097.15,Two year,Electronic Check,0,Fiber optic,1
8443,66,M,12,40.21,469.71,Month-to-month,Bank Transfer,1,Fiber optic,1
8444,26,M,11,104.03,1188.87,Month-to-month,Credit Card,1,Fiber optic,1
8445,75,M,13,116.15,1526.67,Month-to-month,Bank Transfer,1,DSL,1
8446,62,M,35,41.24,1452.95,Month-to-month,Electronic Check,0,Fiber optic,1
8447,39,M,27,27.8,735.84,Month-to-month,Credit Card,0,Fiber optic,1
8448,49,M,67,68.39,4625.85,Month-to-month,Credit Card,0,None,1
8449,22,M,45,99.15,4445.52,One year,Credit Card,0,Fiber optic,1
8450,40,F,67,97.06,6536.61,Month-to-month,Credit Card,0,DSL,1
8451,22,M,22,89.68,1963.39,Month-to-month,Electronic Check,0,DSL,1
8452,59,F,42,102.07,4313.66,One year,Electronic Check,0,Fiber optic,1
8453,70,M,20,37.5,791.19,Month-to-month,Bank Transfer,1,None,0
8454,49,F,48,85.19,4085.68,Month-to-month,Electronic Check,0,Fiber optic,1
8455,76,F,18,80.57,1452.87,Month-to-month,Bank Transfer,0,Fiber optic,1
8456,27,M,70,35.34,2456.83,Month-to-month,Electronic Check,1,DSL,0
8457,76,M,6,61.44,324.11,One year,Bank Transfer,1,Fiber optic,0
8458,56,F,39,105.25,4120.0,Month-to-month,Credit Card,1,DSL,1
8459,75,F,11,117.18,1250.94,Month-to-month,Credit Card,0,DSL,1
8460,32,M,25,86.54,2148.91,One year,Electronic Check,0,Fiber optic,1
8461,24,M,55,112.19,6155.4,One year,Credit Card,1,Fiber optic,0
8462,46,M,58,33.2,1890.7,Month-to-month,Bank Transfer,0,DSL,1
8463,76,F,37,117.51,4364.54,Month-to-month,Bank Transfer,0,Fiber optic,1
8464,64,M,16,23.35,341.06,Month-to-month,Credit Card,0,Fiber optic,1
8465,20,M,70,72.73,5118.93,Month-to-month,Credit Card,0,Fiber optic,1
8466,36,M,37,49.1,1791.63,Month-to-month,Credit Card,0,DSL,1
8467,27,M,53,101.39,5352.4,Month-to-month,Electronic Check,1,None,1
8468,45,M,16,41.75,652.37,Month-to-month,Bank Transfer,1,Fiber optic,1
8469,46,F,18,21.15,345.98,Month-to-month,Electronic Check,0,Fiber optic,1
8470,32,F,19,61.46,1161.17,One year,Electronic Check,0,None,0
8471,52,M,44,26.41,1120.07,One year,Bank Transfer,1,DSL,0
8472,23,M,2,49.01,90.73,Month-to-month,Bank Transfer,0,Fiber optic,1
8473,29,F,58,84.37,4877.45,Month-to-month,Bank Transfer,0,DSL,1
8474,64,M,10,49.47,478.53,Month-to-month,Electronic Check,0,Fiber optic,1
8475,55,F,46,44.58,2066.75,Two year,Bank Transfer,0,Fiber optic,0
8476,30,M,19,35.55,702.35,Month-to-month,Credit Card,0,Fiber optic,1
8477,46,F,38,33.52,1259.36,Month-to-month,Bank Transfer,0,Fiber optic,1
8478,36,F,37,72.59,2662.03,Two year,Electronic Check,0,DSL,0
8479,20,M,45,88.15,3966.18,Month-to-month,Credit Card,1,Fiber optic,1
8480,25,F,34,65.27,2247.95,One year,Credit Card,1,DSL,0
8481,25,M,2,32.36,79.18,Month-to-month,Electronic Check,1,DSL,0
8482,72,F,44,84.78,3684.12,Month-to-month,Electronic Check,0,DSL,1
8483,75,M,27,75.71,2042.16,Month-to-month,Bank Transfer,0,DSL,1
8484,37,M,48,58.13,2839.34,Two year,Credit Card,1,Fiber optic,0
8485,64,M,7,53.0,356.31,Month-to-month,Bank Transfer,0,DSL,1
8486,21,F,27,38.32,1028.71,Month-to-month,Credit Card,1,DSL,0
8487,68,M,71,34.63,2437.47,Two year,Electronic Check,0,DSL,0
8488,38,M,18,53.88,969.61,One year,Credit Card,0,Fiber optic,0
8489,20,M,33,24.16,763.37,Month-to-month,Credit Card,0,Fiber optic,1
8490,62,F,33,63.66,2075.48,Month-to-month,Credit Card,0,Fiber optic,1
8491,25,M,25,80.16,2025.17,Month-to-month,Bank Transfer,1,Fiber optic,1
8492,40,F,14,114.17,1562.21,One year,Credit Card,0,Fiber optic,1
8493,33,F,38,82.58,3180.65,One year,Bank Transfer,0,DSL,1
8494,30,F,38,82.41,3112.38,Month-to-month,Credit Card,1,Fiber optic,1
8495,20,M,4,57.44,237.26,Month-to-month,Bank Transfer,0,Fiber optic,1
8496,65,M,62,33.33,2048.64,Two year,Bank Transfer,0,Fiber optic,0
8497,26,F,10,64.69,644.7,Month-to-month,Credit Card,1,None,0
8498,77,M,35,79.87,2835.83,One year,Electronic Check,1,Fiber optic,0
8499,31,M,23,92.4,2082.06,Month-to-month,Electronic Check,0,Fiber optic,1
8500,30,F,65,102.61,6705.28,One year,Credit Card,0,None,1
8501,70,F,25,45.59,1145.51,Month-to-month,Credit Card,0,DSL,1
8502,74,M,53,44.12,2354.87,One year,Electronic Check,1,None,0
8503,24,F,17,76.53,1256.6,Month-to-month,Bank Transfer,0,Fiber optic,1
8504,32,M,57,76.6,4392.34,Month-to-month,Electronic Check,1,Fiber optic,1
8505,24,F,20,41.79,798.58,Month-to-month,Electronic Check,0,Fiber optic,1
8506,55,M,25,78.75,2015.23,Month-to-month,Electronic Check,1,Fiber optic,1
8507,51,M,42,54.59,2322.71,One year,Bank Transfer,0,DSL,0
8508,58,F,45,83.93,3776.14,Month-to-month,Electronic Check,0,DSL,1
8509,39,M,31,49.1,1564.52,One year,Credit Card,0,Fiber optic,0
8510,41,M,65,79.23,5116.86,One year,Credit Card,1,DSL,0
8511,66,F,52,96.83,5084.33,Two year,Bank Transfer,0,Fiber optic,1
8512,54,M,21,118.02,2500.1,One year,Credit Card,1,Fiber optic,0
8513,61,M,30,111.11,3293.14,Month-to-month,Bank Transfer,0,DSL,1
8514,18,M,3,70.35,214.71,Month-to-month,Electronic Check,0,Fiber optic,1
8515,27,F,70,68.83,4839.19,One year,Electronic Check,1,Fiber optic,0
8516,60,F,43,63.77,2753.41,One year,Credit Card,0,DSL,0
8517,33,F,29,22.78,653.01,Month-to-month,Credit Card,1,Fiber optic,1
8518,63,F,3,36.6,84.61,Month-to-month,Electronic Check,1,Fiber optic,1
8519,25,F,58,25.92,1477.18,Month-to-month,Electronic Check,0,Fiber optic,1
8520,73,M,33,89.64,3000.82,Month-to-month,Credit Card,1,None,1
8521,66,M,45,61.32,2732.87,Month-to-month,Bank Transfer,1,None,0
8522,42,M,69,26.38,1866.46,Month-to-month,Bank Transfer,0,Fiber optic,1
8523,67,F,32,89.06,2820.94,Month-to-month,Bank Transfer,0,Fiber optic,1
8524,29,M,52,84.44,4379.31,Month-to-month,Credit Card,0,Fiber optic,1
8525,42,F,64,92.0,5839.23,Month-to-month,Bank Transfer,0,DSL,1
8526,34,M,40,79.98,3239.51,Month-to-month,Bank Transfer,1,Fiber optic,1
8527,77,F,13,36.15,430.39,Month-to-month,Electronic Check,0,DSL,1
8528,43,M,29,26.14,743.79,Month-to-month,Electronic Check,0,DSL,1
8529,63,M,63,101.71,6441.98,One year,Electronic Check,0,Fiber optic,1
8530,65,F,26,41.58,1110.27,Month-to-month,Electronic Check,1,Fiber optic,1
8531,31,M,59,74.25,4414.9,Month-to-month,Electronic Check,0,None,1
8532,58,M,49,68.52,3398.89,One year,Credit Card,1,Fiber optic,0
8533,53,F,53,112.11,5982.94,One year,Bank Transfer,1,Fiber optic,1
8534,74,M,31,75.24,2359.49,Month-to-month,Bank Transfer,0,Fiber optic,1
8535,40,M,12,78.0,944.24,Month-to-month,Credit Card,0,DSL,1
8536,60,F,58,51.95,3019.25,Month-to-month,Bank Transfer,0,Fiber optic,1
8537,23,F,36,115.87,4122.61,Month-to-month,Bank Transfer,0,Fiber optic,1
8538,64,F,10,81.24,834.66,One year,Bank Transfer,1,Fiber optic,1
8539,22,F,6,20.5,95.67,Month-to-month,Electronic Check,0,Fiber optic,1
8540,60,F,7,75.61,562.14,One year,Electronic Check,0,DSL,0
8541,42,M,31,56.39,1753.47,Month-to-month,Credit Card,0,Fiber optic,1
8542,35,F,72,23.21,1719.84,Month-to-month,Electronic Check,1,DSL,0
8543,79,F,3,63.15,160.48,Two year,Bank Transfer,0,Fiber optic,0
8544,30,M,47,97.36,4598.27,One year,Credit Card,0,DSL,1
8545,60,M,1,70.38,75.13,One year,Bank Transfer,1,Fiber optic,0
8546,31,M,45,83.95,3820.93,Month-to-month,Bank Transfer,0,DSL,1
8547,45,M,54,83.97,4510.98,Month-to-month,Credit Card,1,None,1
8548,35,M,50,87.1,4310.94,Month-to-month,Bank Transfer,0,Fiber optic,1
8549,76,F,7,58.76,415.71,Two year,Credit Card,0,Fiber optic,0
8550,77,M,63,57.0,3593.16,Month-to-month,Credit Card,1,Fiber optic,1
8551,74,F,15,20.46,288.07,Two year,Bank Transfer,0,DSL,0
8552,45,M,67,35.42,2421.79,One year,Bank Transfer,0,Fiber optic,0
8553,68,F,30,115.08,3409.37,Month-to-month,Bank Transfer,0,None,1
8554,73,M,68,104.24,7095.27,Month-to-month,Bank Transfer,0,Fiber optic,1
8555,44,F,36,47.51,1686.38,One year,Credit Card,0,DSL,0
8556,49,F,67,60.12,3978.23,One year,Electronic Check,0,Fiber optic,0
8557,64,F,5,113.99,618.73,Month-to-month,Bank Transfer,0,Fiber optic,1
8558,26,F,25,45.04,1124.16,Month-to-month,Credit Card,0,Fiber optic,1
8559,57,F,11,73.25,841.47,Month-to-month,Electronic Check,0,Fiber optic,1
8560,49,F,72,22.21,1633.13,Month-to-month,Credit Card,1,DSL,0
8561,37,F,66,81.97,5441.25,One year,Electronic Check,0,Fiber optic,1
8562,45,F,28,113.01,3160.18,Two year,Electronic Check,0,Fiber optic,1
8563,50,F,60,108.47,6547.79,Month-to-month,Electronic Check,0,DSL,1
8564,21,F,10,70.2,688.73,One year,Bank Transfer,0,Fiber optic,0
8565,63,M,50,84.96,4238.84,Month-to-month,Electronic Check,0,Fiber optic,1
8566,74,F,39,76.98,2977.79,Month-to-month,Electronic Check,0,Fiber optic,1
8567,51,F,37,26.7,982.71,Month-to-month,Credit Card,0,None,1
8568,65,M,63,35.87,2308.46,One year,Bank Transfer,0,Fiber optic,0
8569,20,F,61,116.38,7106.5,Month-to-month,Credit Card,1,Fiber optic,1
8570,43,F,38,45.6,1765.91,Month-to-month,Bank Transfer,0,DSL,1
8571,25,M,33,58.44,1904.85,Two year,Bank Transfer,0,Fiber optic,0
8572,23,M,45,70.89,3235.64,Two year,Bank Transfer,0,Fiber optic,0
8573,33,F,44,117.91,5139.36,Month-to-month,Electronic Check,1,DSL,1
8574,41,M,1,89.0,132.02,Month-to-month,Bank Transfer,1,DSL,1
8575,65,F,53,82.96,4436.68,Two year,Bank Transfer,0,DSL,1
8576,56,F,47,72.44,3361.42,One year,Bank Transfer,0,Fiber optic,0
8577,47,F,33,90.07,2982.79,Two year,Bank Transfer,0,Fiber optic,1
8578,62,M,67,86.4,5817.32,Month-to-month,Credit Card,0,DSL,1
8579,30,F,15,110.28,1644.58,Month-to-month,Electronic Check,1,Fiber optic,1
8580,22,F,14,74.18,997.71,Month-to-month,Bank Transfer,0,Fiber optic,1
8581,42,M,23,62.15,1462.39,Month-to-month,Electronic Check,0,Fiber optic,1
8582,37,F,54,100.72,5435.53,Two year,Electronic Check,0,Fiber optic,1
8583,71,F,8,99.98,776.17,One year,Bank Transfer,0,Fiber optic,1
8584,35,F,54,36.98,1954.01,Month-to-month,Bank Transfer,0,Fiber optic,1
8585,64,F,36,43.68,1586.5,Month-to-month,Electronic Check,1,Fiber optic,1
8586,35,F,52,115.86,5978.95,One year,Electronic Check,0,DSL,1
8587,19,F,6,64.41,415.57,Month-to-month,Credit Card,1,DSL,0
8588,27,M,28,71.97,2042.24,One year,Electronic Check,1,Fiber optic,0
8589,72,F,50,51.02,2533.29,Month-to-month,Bank Transfer,1,Fiber optic,1
8590,62,F,38,68.11,2585.41,Month-to-month,Electronic Check,0,DSL,1
8591,67,M,30,94.34,2847.12,One year,Bank Transfer,0,Fiber optic,1
8592,64,F,54,68.23,3730.33,Month-to-month,Credit Card,0,None,1
8593,29,F,71,51.48,3657.1,Month-to-month,Bank Transfer,0,Fiber optic,1
8594,64,M,46,29.6,1411.27,Month-to-month,Bank Transfer,1,Fiber optic,1
8595,30,M,28,112.83,3141.75,One year,Electronic Check,0,Fiber optic,1
8596,67,M,17,107.17,1824.54,Month-to-month,Electronic Check,0,Fiber optic,1
8597,64,M,48,99.14,4720.28,Month-to-month,Bank Transfer,0,Fiber optic,1
8598,74,M,44,89.41,3939.68,Month-to-month,Credit Card,0,Fiber optic,1
8599,72,M,60,71.55,4296.63,Month-to-month,Bank Transfer,0,DSL,1
8600,28,M,60,109.74,6619.28,One year,Bank Transfer,0,None,1
8601,36,F,5,99.17,545.51,One year,Bank Transfer,1,DSL,0
8602,52,F,69,101.6,7059.02,One year,Bank Transfer,1,Fiber optic,0
8603,56,F,70,50.96,3540.83,Month-to-month,Credit Card,0,Fiber optic,1
8604,70,M,7,62.35,420.29,One year,Bank Transfer,0,Fiber optic,0
8605,43,F,53,90.68,4783.51,One year,Bank Transfer,0,Fiber optic,1
8606,63,M,17,57.11,940.84,Month-to-month,Bank Transfer,0,Fiber optic,1
8607,31,F,59,69.4,4059.61,Month-to-month,Electronic Check,0,DSL,1
8608,71,F,9,84.65,763.02,Month-to-month,Electronic Check,0,None,1
8609,62,F,22,63.78,1440.41,Month-to-month,Credit Card,0,DSL,1
8610,61,F,45,99.3,4477.49,Month-to-month,Credit Card,1,None,1
8611,41,M,59,31.63,1903.44,Month-to-month,Bank Transfer,0,DSL,1
8612,58,M,13,91.81,1239.48,Month-to-month,Credit Card,1,DSL,1
8613,18,F,12,34.52,402.55,One year,Bank Transfer,1,DSL,0
8614,68,M,36,113.78,4129.65,One year,Credit Card,0,Fiber optic,1
8615,60,M,10,51.4,469.23,Month-to-month,Electronic Check,0,DSL,1
8616,72,F,16,99.54,1590.75,Month-to-month,Bank Transfer,0,Fiber optic,1
8617,39,M,19,72.14,1357.49,One year,Bank Transfer,0,Fiber optic,0
8618,40,M,6,29.11,145.15,Month-to-month,Electronic Check,1,Fiber optic,1
8619,73,M,4,78.26,306.88,Month-to-month,Credit Card,0,Fiber optic,1
8620,71,M,30,111.22,3330.97,Month-to-month,Bank Transfer,0,Fiber optic,1
8621,36,F,46,35.72,1673.97,One year,Electronic Check,1,Fiber optic,0
8622,35,F,27,52.13,1444.4,Month-to-month,Credit Card,1,DSL,0
8623,29,M,45,63.92,2892.1,One year,Credit Card,0,Fiber optic,0
8624,72,F,37,47.51,1771.21,Month-to-month,Credit Card,0,Fiber optic,1
8625,45,F,9,114.38,990.44,One year,Bank Transfer,0,Fiber optic,1
8626,45,F,61,57.75,3530.28,Month-to-month,Electronic Check,1,DSL,0
8627,77,M,35,85.81,2980.79,Two year,Bank Transfer,1,Fiber optic,1
8628,76,M,47,42.39,1971.81,Month-to-month,Credit Card,0,Fiber optic,1
8629,50,F,21,41.97,840.85,Month-to-month,Bank Transfer,1,DSL,0
8630,36,F,17,37.58,652.45,Month-to-month,Credit Card,0,DSL,1
8631,45,M,55,63.48,3499.78,Two year,Credit Card,0,None,0
8632,76,F,6,73.29,411.77,Two year,Electronic Check,0,Fiber optic,0
8633,69,M,35,21.07,713.75,Month-to-month,Bank Transfer,0,Fiber optic,1
8634,78,F,50,103.29,5191.8,Month-to-month,Electronic Check,1,Fiber optic,1
8635,79,M,37,71.28,2666.65,Month-to-month,Bank Transfer,0,Fiber optic,1
8636,66,M,13,35.72,463.67,Month-to-month,Bank Transfer,1,Fiber optic,1
8637,54,M,25,26.73,633.15,Month-to-month,Bank Transfer,1,Fiber optic,1
8638,43,M,1,26.32,-18.12,Month-to-month,Credit Card,1,Fiber optic,1
8639,52,F,49,45.76,2219.39,One year,Electronic Check,0,Fiber optic,0
8640,51,M,35,69.93,2470.67,Month-to-month,Electronic Check,1,DSL,0
8641,52,F,53,106.02,5629.14,Month-to-month,Electronic Check,0,Fiber optic,1
8642,57,M,52,110.3,5757.41,Month-to-month,Credit Card,0,None,1
8643,33,M,54,103.23,5571.59,Two year,Bank Transfer,1,Fiber optic,0
8644,55,F,47,52.86,2509.89,Month-to-month,Bank Transfer,0,DSL,1
8645,30,F,43,50.66,2176.46,Month-to-month,Credit Card,0,DSL,1
8646,79,F,20,118.75,2333.4,One year,Bank Transfer,1,None,0
8647,40,M,33,88.13,2866.28,One year,Bank Transfer,1,Fiber optic,1
8648,77,M,16,50.5,841.15,One year,Electronic Check,1,DSL,0
8649,71,F,7,52.91,383.33,One year,Credit Card,1,None,0
8650,39,M,70,63.46,4420.11,Month-to-month,Bank Transfer,0,DSL,1
8651,33,F,21,82.18,1751.5,Month-to-month,Credit Card,0,None,1
8652,45,M,36,109.8,3916.37,One year,Credit Card,1,Fiber optic,1
8653,65,M,54,39.83,2165.34,Two year,Bank Transfer,0,None,0
8654,52,M,19,28.44,589.31,Month-to-month,Bank Transfer,0,DSL,1
8655,77,F,25,60.58,1479.5,Month-to-month,Credit Card,0,Fiber optic,1
8656,62,M,67,44.55,2949.04,Month-to-month,Credit Card,1,Fiber optic,1
8657,63,F,53,77.6,4109.58,One year,Bank Transfer,1,Fiber optic,0
8658,25,F,48,89.92,4330.43,Month-to-month,Electronic Check,0,DSL,1
8659,61,M,42,51.07,2097.59,One year,Bank Transfer,0,Fiber optic,0
8660,72,F,47,88.55,4161.82,Month-to-month,Credit Card,1,Fiber optic,1
8661,72,F,42,54.31,2239.34,Month-to-month,Credit Card,0,DSL,1
8662,39,M,2,83.5,141.13,Two year,Bank Transfer,1,DSL,0
8663,38,F,6,83.31,521.1,One year,Bank Transfer,0,Fiber optic,1
8664,43,F,46,47.82,2223.61,Month-to-month,Credit Card,0,Fiber optic,1
8665,57,M,66,83.57,5538.59,Month-to-month,Credit Card,1,Fiber optic,1
8666,38,M,40,58.1,2280.51,Month-to-month,Credit Card,0,DSL,1
8667,42,M,58,53.65,3140.38,Month-to-month,Electronic Check,0,Fiber optic,1
8668,58,F,33,48.93,1607.91,One year,Electronic Check,0,DSL,0
8669,18,F,62,54.56,3380.25,One year,Credit Card,1,DSL,0
8670,23,M,12,98.67,1176.01,Month-to-month,Credit Card,0,Fiber optic,1
8671,40,F,49,44.52,2217.18,Month-to-month,Bank Transfer,1,DSL,0
8672,68,M,5,88.2,459.0,One year,Credit Card,0,DSL,1
8673,40,M,51,110.06,5613.06,Two year,Electronic Check,1,Fiber optic,0
8674,60,M,69,55.04,3831.19,Month-to-month,Credit Card,1,DSL,0
8675,60,F,32,22.95,764.94,Month-to-month,Electronic Check,1,Fiber optic,1
8676,40,F,49,22.46,1051.04,One year,Bank Transfer,0,None,0
8677,49,M,60,33.95,2034.89,Month-to-month,Electronic Check,1,Fiber optic,1
8678,47,M,46,31.0,1380.22,Two year,Bank Transfer,0,Fiber optic,0
8679,30,F,68,94.81,6427.8,One year,Electronic Check,0,DSL,1
8680,60,M,41,49.49,2059.47,One year,Electronic Check,1,None,0
8681,35,F,67,85.25,5756.16,Month-to-month,Electronic Check,0,Fiber optic,1
8682,40,M,13,24.25,289.46,Two year,Electronic Check,0,DSL,0
8683,32,M,18,49.57,844.4,One year,Electronic Check,1,None,0
8684,50,F,51,43.41,2204.14,One year,Bank Transfer,0,DSL,0
8685,38,F,36,47.69,1700.35,Two year,Credit Card,1,Fiber optic,0
8686,74,F,34,39.07,1346.08,Month-to-month,Bank Transfer,1,Fiber optic,1
8687,56,F,12,81.79,980.99,Month-to-month,Credit Card,1,None,1
8688,40,F,5,86.27,421.23,Month-to-month,Bank Transfer,0,None,1
8689,44,M,48,34.85,1645.76,Month-to-month,Electronic Check,0,Fiber optic,1
8690,62,M,40,94.11,3797.25,Month-to-month,Credit Card,0,Fiber optic,1
8691,61,F,13,45.0,559.84,One year,Credit Card,1,Fiber optic,0
8692,35,F,26,48.29,1211.01,Month-to-month,Bank Transfer,0,Fiber optic,1
8693,41,M,14,102.88,1446.78,One year,Credit Card,0,Fiber optic,1
8694,68,M,11,110.12,1193.05,Month-to-month,Electronic Check,0,DSL,1
8695,64,F,38,102.48,3915.48,Two year,Credit Card,1,Fiber optic,1
8696,57,F,57,34.78,1940.55,Month-to-month,Bank Transfer,0,Fiber optic,1
8697,68,M,22,119.93,2685.09,One year,Credit Card,0,Fiber optic,1
8698,59,F,16,87.22,1364.21,One year,Bank Transfer,1,Fiber optic,0
8699,24,M,29,71.07,2046.74,Month-to-month,Electronic Check,0,Fiber optic,1
8700,67,M,2,115.48,229.06,Two year,Bank Transfer,0,Fiber optic,1
8701,65,F,54,101.74,5532.97,Month-to-month,Bank Transfer,0,Fiber optic,1
8702,37,M,2,89.17,200.59,Month-to-month,Credit Card,0,DSL,1
8703,44,M,3,103.84,276.0,One year,Bank Transfer,1,Fiber optic,0
8704,23,M,56,58.55,3272.66,Month-to-month,Bank Transfer,0,Fiber optic,1
8705,44,F,72,88.44,6371.97,Month-to-month,Bank Transfer,0,DSL,1
8706,26,M,11,39.06,449.87,Month-to-month,Bank Transfer,0,DSL,1
8707,70,F,32,118.8,3808.78,Month-to-month,Bank Transfer,0,DSL,1
8708,62,M,4,78.9,311.33,One year,Bank Transfer,0,Fiber optic,0
8709,74,M,9,101.42,939.33,Month-to-month,Credit Card,1,DSL,1
8710,48,M,56,60.73,3388.69,Month-to-month,Credit Card,0,Fiber optic,1
8711,38,M,16,95.86,1582.48,Month-to-month,Bank Transfer,1,Fiber optic,1
8712,43,M,71,58.74,4215.32,Month-to-month,Bank Transfer,1,Fiber optic,1
8713,57,F,10,79.0,810.74,Month-to-month,Bank Transfer,0,Fiber optic,1
8714,65,F,36,97.81,3559.42,Two year,Electronic Check,0,None,1
8715,62,M,24,31.65,748.92,Month-to-month,Bank Transfer,0,Fiber optic,1
8716,30,F,64,55.68,3571.67,Month-to-month,Credit Card,0,Fiber optic,1
8717,66,F,56,74.49,4148.71,Month-to-month,Credit Card,0,Fiber optic,1
8718,40,M,22,53.4,1213.36,Month-to-month,Bank Transfer,1,Fiber optic,1
8719,37,F,52,50.92,2644.94,One year,Credit Card,1,DSL,0
8720,54,F,50,48.17,2412.11,Two year,Credit Card,1,Fiber optic,0
8721,71,F,47,42.78,2047.12,Two year,Electronic Check,0,DSL,0
8722,70,F,23,104.89,2442.2,One year,Bank Transfer,1,Fiber optic,0
8723,45,M,19,112.37,2117.2,Month-to-month,Credit Card,0,Fiber optic,1
8724,34,F,52,90.02,4639.78,Month-to-month,Credit Card,1,None,1
8725,45,M,34,23.0,748.21,Month-to-month,Bank Transfer,0,None,1
8726,58,M,29,98.62,2843.89,Month-to-month,Credit Card,0,Fiber optic,1
8727,19,F,61,73.19,4445.12,Month-to-month,Electronic Check,0,DSL,1
8728,42,M,35,95.81,3307.18,Month-to-month,Bank Transfer,0,Fiber optic,1
8729,75,F,5,63.73,311.86,Two year,Credit Card,1,DSL,0
8730,67,M,7,24.13,129.5,One year,Bank Transfer,0,Fiber optic,0
8731,58,F,41,88.17,3587.06,Month-to-month,Credit Card,0,Fiber optic,1
8732,23,F,2,64.41,157.57,Month-to-month,Electronic Check,0,Fiber optic,1
8733,28,M,10,107.4,1073.49,Month-to-month,Credit Card,0,DSL,1
8734,74,F,44,93.81,4114.94,Month-to-month,Electronic Check,0,Fiber optic,1
8735,78,F,70,55.96,3885.74,Month-to-month,Bank Transfer,0,Fiber optic,1
8736,55,F,35,92.41,3270.98,Month-to-month,Electronic Check,0,DSL,1
8737,23,F,62,69.52,4350.61,Month-to-month,Bank Transfer,0,DSL,1
8738,62,M,20,39.94,800.67,Month-to-month,Credit Card,1,None,0
8739,28,M,35,61.99,2211.78,Month-to-month,Credit Card,0,Fiber optic,1
8740,31,M,37,42.26,1560.1,Month-to-month,Credit Card,0,None,1
8741,19,F,72,20.5,1436.72,Month-to-month,Credit Card,0,Fiber optic,1
8742,57,M,54,44.68,2364.42,Month-to-month,Bank Transfer,0,DSL,1
8743,20,F,28,40.95,1109.44,One year,Bank Transfer,0,Fiber optic,0
8744,72,F,70,20.43,1442.37,Month-to-month,Credit Card,1,None,0
8745,70,F,32,98.39,3130.57,One year,Bank Transfer,0,DSL,1
8746,52,M,11,27.7,319.53,One year,Bank Transfer,0,Fiber optic,0
8747,50,M,42,64.91,2727.02,Month-to-month,Bank Transfer,0,Fiber optic,1
8748,41,M,23,61.79,1404.47,Month-to-month,Credit Card,0,DSL,1
8749,36,M,30,38.14,1116.07,One year,Electronic Check,1,Fiber optic,0
8750,35,F,9,116.69,1008.31,One year,Electronic Check,0,DSL,1
8751,66,M,59,80.37,4770.07,Month-to-month,Bank Transfer,1,Fiber optic,1
8752,69,M,28,101.35,2869.7,Two year,Electronic Check,1,DSL,0
8753,78,M,33,69.61,2301.28,Two year,Electronic Check,0,None,0
8754,41,M,47,92.28,4302.87,Two year,Bank Transfer,0,DSL,1
8755,62,F,22,116.98,2549.91,Month-to-month,Bank Transfer,0,Fiber optic,1
8756,52,M,29,54.84,1635.87,One year,Bank Transfer,1,Fiber optic,0
8757,79,M,34,70.43,2367.21,One year,Credit Card,0,Fiber optic,0
8758,18,M,42,71.45,2956.58,Month-to-month,Electronic Check,0,Fiber optic,1
8759,53,F,52,119.2,6203.4,One year,Electronic Check,0,Fiber optic,1
8760,42,M,47,43.31,2011.76,Month-to-month,Bank Transfer,0,DSL,1
8761,62,M,51,87.53,4509.77,Month-to-month,Credit Card,0,DSL,1
8762,66,M,45,33.82,1529.38,Two year,Bank Transfer,0,Fiber optic,0
8763,77,F,34,112.71,3878.72,Two year,Credit Card,0,Fiber optic,1
8764,79,F,21,79.04,1688.4,Two year,Electronic Check,1,Fiber optic,0
8765,60,M,13,105.94,1399.53,Two year,Bank Transfer,1,Fiber optic,1
8766,51,M,54,109.52,5947.12,Month-to-month,Bank Transfer,0,None,1
8767,42,F,25,75.71,1903.24,One year,Electronic Check,1,Fiber optic,0
8768,33,F,21,88.2,1803.31,Two year,Credit Card,0,DSL,1
8769,51,F,1,89.87,79.12,Month-to-month,Credit Card,1,DSL,1
8770,46,F,58,66.05,3802.8,One year,Electronic Check,0,Fiber optic,0
8771,36,F,69,63.48,4373.55,Month-to-month,Credit Card,0,Fiber optic,1
8772,40,M,71,38.62,2739.07,Two year,Electronic Check,0,DSL,0
8773,36,M,13,58.39,721.85,One year,Electronic Check,0,DSL,0
8774,42,M,52,119.08,6144.5,Month-to-month,Electronic Check,1,Fiber optic,1
8775,33,M,23,46.99,1044.59,One year,Credit Card,0,None,0
8776,71,F,21,96.24,2056.78,One year,Bank Transfer,0,Fiber optic,1
8777,68,F,6,25.93,181.17,Month-to-month,Electronic Check,0,DSL,1
8778,26,F,20,66.75,1364.89,Month-to-month,Credit Card,1,DSL,0
8779,18,F,40,25.84,1011.23,Month-to-month,Electronic Check,0,Fiber optic,1
8780,59,F,9,67.58,581.83,Month-to-month,Credit Card,1,Fiber optic,1
8781,36,M,50,22.76,1091.74,Two year,Electronic Check,0,Fiber optic,0
8782,50,M,28,81.33,2274.47,Month-to-month,Credit Card,0,DSL,1
8783,51,M,11,78.65,853.39,One year,Electronic Check,0,Fiber optic,0
8784,33,M,56,99.78,5621.27,Month-to-month,Electronic Check,0,Fiber optic,1
8785,61,M,35,78.33,2759.74,Month-to-month,Electronic Check,1,Fiber optic,1
8786,57,F,25,112.6,2779.43,Month-to-month,Credit Card,1,DSL,1
8787,72,F,19,98.31,1916.61,Month-to-month,Bank Transfer,0,Fiber optic,1
8788,35,F,31,33.27,1058.43,Month-to-month,Electronic Check,0,Fiber optic,1
8789,51,F,50,46.55,2349.52,Month-to-month,Credit Card,1,Fiber optic,1
8790,42,F,63,22.62,1396.72,Two year,Credit Card,0,None,0
8791,78,M,47,58.61,2795.19,One year,Credit Card,0,Fiber optic,0
8792,62,M,1,70.95,68.34,One year,Bank Transfer,1,Fiber optic,0
8793,23,M,58,114.59,6625.99,Month-to-month,Bank Transfer,0,DSL,1
8794,38,F,10,72.23,737.78,Month-to-month,Bank Transfer,0,Fiber optic,1
8795,75,F,8,98.1,755.98,Month-to-month,Electronic Check,0,DSL,1
8796,23,F,26,46.8,1257.56,Month-to-month,Electronic Check,1,None,0
8797,49,F,34,35.32,1236.31,Month-to-month,Credit Card,0,DSL,1
8798,58,M,19,101.08,1917.01,Month-to-month,Credit Card,0,DSL,1
8799,65,F,72,44.74,3190.35,One year,Electronic Check,0,DSL,0
8800,60,M,1,107.13,106.78,One year,Credit Card,1,Fiber optic,1
8801,56,F,48,36.98,1739.95,Two year,Credit Card,1,Fiber optic,0
8802,48,M,25,105.16,2605.98,Two year,Bank Transfer,0,DSL,1
8803,59,F,24,97.28,2332.99,Two year,Electronic Check,0,Fiber optic,1
8804,27,F,47,81.12,3764.75,Month-to-month,Bank Transfer,0,Fiber optic,1
8805,47,M,69,105.02,7272.95,Month-to-month,Credit Card,0,Fiber optic,1
8806,74,M,67,53.07,3525.38,Month-to-month,Electronic Check,0,DSL,1
8807,69,F,32,36.6,1207.86,Two year,Bank Transfer,0,Fiber optic,0
8808,35,M,17,35.7,559.13,Month-to-month,Electronic Check,1,DSL,0
8809,77,F,61,47.04,2872.65,Month-to-month,Credit Card,0,None,1
8810,41,F,69,64.62,4486.45,Month-to-month,Credit Card,0,DSL,1
8811,69,M,11,107.6,1157.39,Month-to-month,Credit Card,0,Fiber optic,1
8812,78,F,38,28.95,1120.86,One year,Electronic Check,0,Fiber optic,0
8813,26,F,68,111.52,7605.45,One year,Electronic Check,0,Fiber optic,1
8814,48,M,19,112.55,2152.23,One year,Bank Transfer,1,Fiber optic,1
8815,32,F,17,92.72,1562.67,One year,Electronic Check,0,Fiber optic,1
8816,21,F,13,110.03,1458.9,Month-to-month,Bank Transfer,1,Fiber optic,1
8817,57,F,1,97.0,109.84,Month-to-month,Bank Transfer,0,Fiber optic,1
8818,26,F,2,72.83,154.7,One year,Bank Transfer,0,None,0
8819,62,M,66,80.08,5317.2,Month-to-month,Electronic Check,1,Fiber optic,1
8820,26,M,68,82.82,5606.22,Month-to-month,Electronic Check,1,DSL,1
8821,43,M,16,32.69,496.29,Two year,Electronic Check,0,DSL,0
8822,21,F,4,39.31,145.88,Month-to-month,Bank Transfer,0,Fiber optic,1
8823,34,M,57,72.34,4080.69,Month-to-month,Credit Card,0,DSL,1
8824,33,M,23,31.52,708.7,One year,Bank Transfer,0,Fiber optic,0
8825,32,M,2,116.5,223.63,Month-to-month,Bank Transfer,0,None,1
8826,52,F,67,70.71,4737.08,Month-to-month,Bank Transfer,0,Fiber optic,1
8827,74,M,26,58.01,1483.66,One year,Electronic Check,0,DSL,0
8828,69,M,7,35.75,290.93,One year,Bank Transfer,0,Fiber optic,0
8829,22,F,44,61.65,2691.11,Month-to-month,Bank Transfer,0,Fiber optic,1
8830,72,F,33,50.24,1693.08,Two year,Bank Transfer,0,DSL,0
8831,22,F,64,28.79,1837.06,Month-to-month,Credit Card,0,Fiber optic,1
8832,37,F,36,116.7,4223.02,Month-to-month,Electronic Check,0,Fiber optic,1
8833,32,F,4,46.5,147.09,Month-to-month,Bank Transfer,1,Fiber optic,1
8834,35,F,23,89.05,2052.61,Month-to-month,Bank Transfer,1,Fiber optic,1
8835,64,M,25,29.13,774.33,Month-to-month,Credit Card,1,Fiber optic,1
8836,19,M,27,111.32,3022.27,Month-to-month,Electronic Check,1,Fiber optic,1
8837,46,F,51,79.08,4065.11,Month-to-month,Bank Transfer,1,Fiber optic,1
8838,30,F,69,85.69,5888.72,One year,Electronic Check,0,None,1
8839,21,M,23,98.18,2288.16,Month-to-month,Bank Transfer,0,Fiber optic,1
8840,59,F,9,80.59,710.44,Month-to-month,Bank Transfer,0,DSL,1
8841,62,F,33,27.09,892.48,One year,Electronic Check,0,Fiber optic,0
8842,27,M,35,62.96,2172.4,Month-to-month,Credit Card,0,None,1
8843,78,F,50,46.2,2308.57,Month-to-month,Bank Transfer,0,DSL,1
8844,48,F,24,68.67,1649.65,Month-to-month,Electronic Check,0,Fiber optic,1
8845,58,M,24,60.43,1462.55,Month-to-month,Bank Transfer,1,DSL,0
8846,25,M,19,102.65,1987.21,One year,Bank Transfer,0,Fiber optic,1
8847,20,M,39,44.7,1723.79,Month-to-month,Credit Card,1,Fiber optic,1
8848,65,M,61,40.13,2496.34,Month-to-month,Credit Card,1,Fiber optic,1
8849,63,M,25,115.81,2930.02,Month-to-month,Electronic Check,0,DSL,1
8850,26,F,25,114.95,2864.04,Month-to-month,Bank Transfer,1,Fiber optic,1
8851,47,F,27,119.35,3195.12,Month-to-month,Bank Transfer,1,Fiber optic,1
8852,70,F,32,76.84,2416.03,Month-to-month,Electronic Check,1,None,0
8853,28,F,11,31.31,317.85,One year,Bank Transfer,1,DSL,0
8854,52,F,69,108.02,7491.83,One year,Bank Transfer,1,Fiber optic,0
8855,54,M,33,34.51,1118.03,One year,Electronic Check,0,Fiber optic,0
8856,78,F,19,35.56,639.44,One year,Credit Card,0,DSL,0
8857,59,F,16,39.34,581.71,Month-to-month,Bank Transfer,0,DSL,1
8858,30,F,11,85.34,918.51,Month-to-month,Credit Card,0,DSL,1
8859,53,F,69,30.72,2091.3,Month-to-month,Credit Card,0,Fiber optic,1
8860,73,F,55,97.83,5340.87,Month-to-month,Credit Card,0,Fiber optic,1
8861,30,M,25,25.83,690.86,Month-to-month,Electronic Check,0,DSL,1
8862,29,F,34,31.04,1032.12,Two year,Electronic Check,0,None,0
8863,54,F,12,63.45,712.02,One year,Electronic Check,1,Fiber optic,0
8864,27,F,21,57.92,1260.75,Month-to-month,Credit Card,0,Fiber optic,1
8865,77,F,29,118.97,3457.98,Month-to-month,Credit Card,0,Fiber optic,1
8866,73,F,51,116.69,5909.47,One year,Credit Card,0,Fiber optic,1
8867,26,F,23,38.97,849.45,Month-to-month,Bank Transfer,0,Fiber optic,1
8868,69,M,33,114.67,3744.89,Month-to-month,Credit Card,0,Fiber optic,1
8869,24,F,8,89.23,722.99,Month-to-month,Bank Transfer,1,None,1
8870,19,M,42,60.88,2513.15,Month-to-month,Credit Card,0,Fiber optic,1
8871,71,M,69,93.96,6490.05,Two year,Bank Transfer,0,Fiber optic,1
8872,73,F,41,110.01,4525.66,Month-to-month,Bank Transfer,1,Fiber optic,1
8873,77,F,63,38.01,2359.39,One year,Electronic Check,0,DSL,0
8874,40,F,14,39.6,553.24,Month-to-month,Electronic Check,0,DSL,1
8875,56,M,62,60.87,3820.33,One year,Credit Card,0,None,0
8876,57,F,46,36.92,1731.97,Month-to-month,Electronic Check,0,Fiber optic,1
8877,56,F,67,56.04,3777.02,One year,Bank Transfer,1,None,0
8878,38,F,53,84.57,4483.98,One year,Electronic Check,1,Fiber optic,0
8879,40,M,52,101.28,5255.99,Month-to-month,Electronic Check,0,DSL,1
8880,46,M,7,50.19,346.47,Month-to-month,Bank Transfer,0,Fiber optic,1
8881,31,F,54,48.17,2627.64,Two year,Credit Card,1,DSL,0
8882,43,M,11,97.97,1083.1,Month-to-month,Credit Card,0,Fiber optic,1
8883,68,F,25,58.1,1478.97,One year,Bank Transfer,0,DSL,0
8884,22,M,59,101.85,6056.14,One year,Electronic Check,0,Fiber optic,1
8885,72,F,66,119.34,7890.49,Month-to-month,Credit Card,0,Fiber optic,1
8886,48,M,27,117.97,3195.5,One year,Bank Transfer,0,Fiber optic,1
8887,42,F,58,86.27,4994.28,Month-to-month,Credit Card,0,Fiber optic,1
8888,48,F,11,57.52,602.4,Month-to-month,Bank Transfer,0,Fiber optic,1
8889,67,M,55,26.55,1447.67,One year,Electronic Check,0,Fiber optic,0
8890,37,M,19,93.8,1784.21,One year,Credit Card,0,Fiber optic,1
8891,61,M,39,117.8,4547.69,Month-to-month,Bank Transfer,0,DSL,1
8892,72,M,70,26.8,1873.58,Two year,Credit Card,0,None,0
8893,34,M,11,20.62,263.03,Month-to-month,Electronic Check,0,DSL,1
8894,62,F,14,103.18,1492.18,One year,Credit Card,0,Fiber optic,1
8895,19,F,60,30.23,1849.35,Month-to-month,Bank Transfer,1,Fiber optic,1
8896,42,M,36,28.16,980.96,Month-to-month,Electronic Check,0,Fiber optic,1
8897,30,F,41,111.03,4517.73,Month-to-month,Bank Transfer,0,Fiber optic,1
8898,75,F,2,27.96,45.25,Month-to-month,Electronic Check,1,Fiber optic,1
8899,56,M,57,31.4,1762.34,Month-to-month,Credit Card,1,DSL,0
8900,45,F,60,76.96,4635.2,Two year,Electronic Check,0,DSL,0
8901,59,F,20,95.68,1872.06,Two year,Electronic Check,1,Fiber optic,1
8902,72,M,22,59.96,1313.49,Month-to-month,Electronic Check,0,Fiber optic,1
8903,23,M,4,62.06,226.28,Month-to-month,Electronic Check,1,DSL,0
8904,20,F,56,83.26,4672.1,Month-to-month,Bank Transfer,0,Fiber optic,1
8905,75,M,58,70.54,4121.03,Two year,Electronic Check,0,DSL,0
8906,52,F,65,21.86,1463.26,Month-to-month,Bank Transfer,1,DSL,0
8907,35,M,58,31.36,1865.27,Month-to-month,Bank Transfer,1,DSL,0
8908,28,M,30,78.16,2329.92,One year,Credit Card,0,DSL,0
8909,71,M,19,99.37,1923.61,Month-to-month,Credit Card,1,Fiber optic,1
8910,37,M,62,96.31,5980.42,Month-to-month,Electronic Check,0,Fiber optic,1
8911,22,F,68,94.01,6411.91,Month-to-month,Electronic Check,1,Fiber optic,1
8912,36,M,44,97.13,4308.83,Two year,Credit Card,0,Fiber optic,1
8913,39,M,61,24.44,1453.85,One year,Credit Card,0,DSL,0
8914,76,F,21,109.51,2344.45,Two year,Bank Transfer,0,DSL,1
8915,77,F,10,108.93,1094.04,Month-to-month,Electronic Check,1,DSL,1
8916,36,F,30,73.19,2179.3,Two year,Credit Card,0,Fiber optic,0
8917,79,F,24,44.86,1060.51,One year,Credit Card,1,None,0
8918,64,M,48,79.22,3827.66,Month-to-month,Bank Transfer,0,DSL,1
8919,79,F,55,75.79,4186.32,Two year,Bank Transfer,0,Fiber optic,0
8920,33,M,52,42.3,2222.55,One year,Credit Card,0,Fiber optic,0
8921,41,F,38,80.31,3027.08,One year,Electronic Check,0,Fiber optic,1
8922,58,M,67,99.73,6648.93,One year,Bank Transfer,0,Fiber optic,1
8923,21,F,8,100.61,827.07,One year,Bank Transfer,0,Fiber optic,1
8924,32,M,29,25.97,732.98,Two year,Electronic Check,0,Fiber optic,0
8925,42,M,10,39.72,369.44,Month-to-month,Credit Card,0,Fiber optic,1
8926,61,F,69,86.82,5962.04,Two year,Credit Card,0,Fiber optic,1
8927,72,M,68,105.98,7171.48,Two year,Electronic Check,1,Fiber optic,0
8928,52,M,49,72.12,3526.56,Month-to-month,Electronic Check,1,Fiber optic,1
8929,72,M,58,90.75,5239.59,Month-to-month,Bank Transfer,1,Fiber optic,1
8930,31,M,35,22.11,813.24,Month-to-month,Credit Card,0,Fiber optic,1
8931,66,F,50,80.84,4060.91,One year,Credit Card,1,Fiber optic,0
8932,36,M,40,116.19,4671.99,One year,Credit Card,0,DSL,1
8933,55,M,12,86.1,1023.56,Month-to-month,Electronic Check,0,Fiber optic,1
8934,53,F,16,112.23,1805.7,Month-to-month,Electronic Check,0,Fiber optic,1
8935,24,F,48,76.6,3676.88,Two year,Credit Card,0,Fiber optic,0
8936,47,F,1,104.34,71.09,One year,Electronic Check,0,Fiber optic,1
8937,36,M,65,32.42,2062.09,Month-to-month,Electronic Check,1,Fiber optic,1
8938,66,M,22,32.35,730.05,Month-to-month,Electronic Check,1,Fiber optic,1
8939,42,F,15,32.02,442.42,Two year,Credit Card,1,Fiber optic,0
8940,33,M,67,68.88,4570.69,Month-to-month,Credit Card,0,None,1
8941,64,F,14,53.03,736.61,Month-to-month,Credit Card,0,None,1
8942,71,M,19,91.92,1770.28,One year,Bank Transfer,0,DSL,1
8943,57,F,40,110.26,4437.29,Month-to-month,Credit Card,1,Fiber optic,1
8944,68,M,4,81.94,365.11,Month-to-month,Bank Transfer,1,Fiber optic,1
8945,25,F,33,41.32,1333.48,Two year,Electronic Check,0,Fiber optic,0
8946,35,M,43,113.09,4911.43,Month-to-month,Electronic Check,0,Fiber optic,1
8947,45,F,37,72.79,2719.55,Month-to-month,Electronic Check,0,DSL,1
8948,33,M,66,91.99,6037.06,Month-to-month,Credit Card,1,Fiber optic,1
8949,69,M,27,109.05,2978.42,One year,Bank Transfer,0,Fiber optic,1
8950,36,M,45,118.98,5354.0,Month-to-month,Credit Card,0,Fiber optic,1
8951,59,F,50,70.61,3487.15,One year,Credit Card,1,DSL,0
8952,34,M,63,100.81,6314.23,Month-to-month,Electronic Check,0,DSL,1
8953,62,M,6,76.69,453.53,One year,Bank Transfer,0,Fiber optic,0
8954,30,M,67,68.65,4602.6,One year,Credit Card,1,DSL,0
8955,24,F,67,73.77,4987.34,One year,Bank Transfer,0,DSL,0
8956,44,M,59,68.43,4008.94,One year,Credit Card,1,Fiber optic,0
8957,27,F,13,62.1,804.71,Month-to-month,Electronic Check,0,Fiber optic,1
8958,51,M,21,92.37,1912.36,Month-to-month,Credit Card,0,DSL,1
8959,53,F,64,44.97,2883.92,One year,Bank Transfer,1,Fiber optic,0
8960,42,F,37,81.64,3061.61,Month-to-month,Electronic Check,1,Fiber optic,1
8961,23,M,48,91.3,4389.18,Month-to-month,Credit Card,1,Fiber optic,1
8962,41,F,56,109.21,6116.77,Month-to-month,Bank Transfer,0,None,1
8963,35,F,44,53.19,2365.37,Two year,Bank Transfer,0,DSL,0
8964,40,M,13,106.06,1343.54,Two year,Electronic Check,0,Fiber optic,1
8965,23,F,4,114.53,498.68,One year,Electronic Check,0,None,1
8966,46,F,33,84.87,2808.47,Two year,Credit Card,0,Fiber optic,1
8967,79,F,37,97.14,3612.81,One year,Electronic Check,0,None,1
8968,42,F,53,60.57,3242.11,Month-to-month,Credit Card,1,DSL,0
8969,72,M,24,115.21,2778.54,Month-to-month,Bank Transfer,1,None,1
8970,34,F,51,87.09,4455.71,Month-to-month,Electronic Check,1,Fiber optic,1
8971,63,F,41,51.02,2114.78,One year,Bank Transfer,1,DSL,0
8972,41,M,29,60.43,1707.69,Month-to-month,Bank Transfer,1,Fiber optic,1
8973,28,M,59,81.78,4813.24,Month-to-month,Credit Card,0,Fiber optic,1
8974,43,F,40,43.41,1782.69,Two year,Electronic Check,1,Fiber optic,0
8975,68,M,51,95.39,4840.68,Month-to-month,Credit Card,0,Fiber optic,1
8976,79,M,50,42.47,2127.73,Month-to-month,Electronic Check,1,Fiber optic,1
8977,51,M,36,79.18,2818.02,One year,Credit Card,0,DSL,0
8978,45,M,60,89.7,5364.33,Month-to-month,Credit Card,0,DSL,1
8979,20,M,18,105.97,1929.17,One year,Credit Card,1,Fiber optic,0
8980,28,M,20,93.39,1882.11,Month-to-month,Bank Transfer,0,Fiber optic,1
8981,55,M,5,99.88,490.83,One year,Electronic Check,1,Fiber optic,0
8982,78,M,18,111.29,2047.03,Month-to-month,Bank Transfer,0,DSL,1
8983,31,M,40,79.78,3218.7,Month-to-month,Bank Transfer,0,Fiber optic,1
8984,68,F,1,104.63,81.42,Month-to-month,Credit Card,0,DSL,1
8985,43,F,19,43.19,817.15,Month-to-month,Credit Card,1,DSL,0
8986,65,F,26,101.47,2676.02,Month-to-month,Bank Transfer,1,Fiber optic,1
8987,38,F,29,42.17,1175.18,Month-to-month,Electronic Check,1,DSL,0
8988,71,F,59,113.46,6702.29,Month-to-month,Credit Card,0,Fiber optic,1
8989,73,M,63,53.0,3312.2,Month-to-month,Bank Transfer,0,Fiber optic,1
8990,56,M,62,37.18,2261.54,One year,Electronic Check,0,Fiber optic,0
8991,47,F,48,34.82,1712.65,Two year,Electronic Check,0,Fiber optic,0
8992,76,F,62,38.73,2432.89,Month-to-month,Bank Transfer,0,Fiber optic,1
8993,25,M,18,64.75,1134.03,Month-to-month,Bank Transfer,0,Fiber optic,1
8994,68,F,66,72.21,4799.55,Month-to-month,Electronic Check,0,Fiber optic,1
8995,37,M,27,111.38,2971.9,One year,Electronic Check,1,DSL,0
8996,65,F,6,58.1,346.22,Two year,Bank Transfer,0,Fiber optic,0
8997,49,M,70,41.75,2945.08,One year,Bank Transfer,0,Fiber optic,0
8998,39,F,59,94.38,5571.8,Month-to-month,Electronic Check,0,Fiber optic,1
8999,76,M,6,33.47,235.9,One year,Credit Card,1,DSL,0
9000,24,F,31,109.23,3397.82,One year,Electronic Check,1,DSL,0
9001,26,F,56,60.94,3405.84,Month-to-month,Electronic Check,0,Fiber optic,1
9002,62,M,54,81.38,4437.04,Month-to-month,Electronic Check,0,None,1
9003,18,M,41,38.62,1537.05,One year,Electronic Check,0,DSL,0
9004,46,F,18,34.55,620.74,One year,Credit Card,0,Fiber optic,0
9005,25,F,23,99.88,2313.32,One year,Bank Transfer,0,DSL,1
9006,73,M,36,62.97,2300.53,One year,Electronic Check,1,None,0
9007,71,M,25,118.67,2970.87,Two year,Bank Transfer,0,Fiber optic,1
9008,21,M,7,72.43,545.56,One year,Bank Transfer,0,DSL,0
9009,52,F,20,104.57,2084.03,Month-to-month,Bank Transfer,0,DSL,1
9010,76,F,5,118.0,571.71,One year,Electronic Check,0,Fiber optic,1
9011,20,M,18,48.12,913.54,Month-to-month,Electronic Check,0,Fiber optic,1
9012,71,F,33,100.09,3319.69,Month-to-month,Electronic Check,0,Fiber optic,1
9013,62,F,35,22.2,769.58,Two year,Credit Card,0,Fiber optic,0
9014,57,M,65,87.98,5756.52,Two year,Bank Transfer,0,None,1
9015,24,F,63,94.52,5973.07,Two year,Credit Card,1,Fiber optic,1
9016,44,M,72,67.74,4891.07,Month-to-month,Credit Card,1,DSL,0
9017,18,M,71,36.21,2593.76,Month-to-month,Electronic Check,0,Fiber optic,1
9018,44,F,41,81.67,3372.3,Month-to-month,Bank Transfer,0,Fiber optic,1
9019,33,F,50,109.75,5486.8,Month-to-month,Bank Transfer,0,Fiber optic,1
9020,55,M,30,113.13,3385.83,Month-to-month,Electronic Check,1,DSL,1
9021,24,M,38,94.61,3636.11,Month-to-month,Electronic Check,0,DSL,1
9022,61,M,35,46.37,1622.67,Month-to-month,Credit Card,0,Fiber optic,1
9023,40,F,66,107.03,7035.56,Two year,Electronic Check,0,Fiber optic,1
9024,58,M,46,108.88,5010.64,Month-to-month,Credit Card,0,Fiber optic,1
9025,76,M,8,56.72,407.2,Month-to-month,Bank Transfer,1,DSL,0
9026,28,M,68,38.3,2626.73,Month-to-month,Credit Card,1,DSL,0
9027,59,M,37,107.47,3939.09,Two year,Electronic Check,1,DSL,0
9028,70,F,13,108.51,1371.8,Month-to-month,Bank Transfer,0,Fiber optic,1
9029,50,F,45,30.09,1398.69,Month-to-month,Credit Card,0,Fiber optic,1
9030,67,M,29,116.7,3411.56,Month-to-month,Credit Card,0,Fiber optic,1
9031,53,F,41,73.31,2997.13,One year,Bank Transfer,0,DSL,0
9032,54,F,56,119.37,6658.68,Month-to-month,Credit Card,0,Fiber optic,1
9033,58,F,16,64.5,1066.35,One year,Credit Card,1,Fiber optic,0
9034,76,M,12,73.33,926.82,Month-to-month,Credit Card,1,Fiber optic,1
9035,34,F,66,46.61,3077.1,One year,Electronic Check,0,None,0
9036,52,F,62,109.89,6821.19,One year,Electronic Check,0,Fiber optic,1
9037,65,M,19,64.37,1197.34,Month-to-month,Electronic Check,0,Fiber optic,1
9038,22,M,30,101.46,3052.73,Month-to-month,Credit Card,0,Fiber optic,1
9039,65,F,16,27.97,437.58,One year,Bank Transfer,1,Fiber optic,0
9040,49,F,13,98.82,1319.22,Two year,Credit Card,0,DSL,1
9041,20,M,69,69.02,4750.09,Month-to-month,Credit Card,0,Fiber optic,1
9042,69,M,23,20.54,487.3,Month-to-month,Electronic Check,0,Fiber optic,1
9043,64,M,62,42.63,2613.41,Month-to-month,Electronic Check,0,Fiber optic,1
9044,79,M,31,39.37,1179.54,Month-to-month,Credit Card,1,Fiber optic,1
9045,52,F,53,95.18,4998.58,One year,Electronic Check,0,Fiber optic,1
9046,69,M,17,67.72,1142.8,One year,Credit Card,0,Fiber optic,0
9047,31,F,49,35.97,1728.88,Month-to-month,Electronic Check,0,Fiber optic,1
9048,65,F,49,45.68,2287.67,Two year,Credit Card,0,Fiber optic,0
9049,78,F,67,70.41,4747.31,Month-to-month,Credit Card,0,Fiber optic,1
9050,78,M,26,21.96,590.3,Month-to-month,Bank Transfer,0,DSL,1
9051,48,M,13,62.41,841.66,Month-to-month,Electronic Check,0,Fiber optic,1
9052,48,F,38,87.81,3313.05,Month-to-month,Bank Transfer,0,DSL,1
9053,34,F,22,71.78,1617.09,Month-to-month,Electronic Check,1,DSL,0
9054,77,F,29,79.81,2364.05,Month-to-month,Electronic Check,0,Fiber optic,1
9055,41,F,45,52.66,2348.69,One year,Electronic Check,0,Fiber optic,0
9056,69,F,46,38.31,1810.72,Month-to-month,Bank Transfer,1,Fiber optic,1
9057,40,M,39,100.97,3919.87,Month-to-month,Electronic Check,0,None,1
9058,35,M,69,110.56,7579.81,One year,Credit Card,0,Fiber optic,1
9059,67,M,68,71.07,4819.48,One year,Credit Card,1,DSL,0
9060,71,F,39,50.5,2019.25,Month-to-month,Electronic Check,0,Fiber optic,1
9061,31,F,20,71.12,1435.92,Month-to-month,Electronic Check,1,None,0
9062,67,M,68,107.9,7356.75,Month-to-month,Electronic Check,1,Fiber optic,1
9063,32,M,35,89.14,3093.73,Month-to-month,Electronic Check,0,Fiber optic,1
9064,32,F,8,105.86,811.47,Month-to-month,Electronic Check,0,DSL,1
9065,23,M,52,52.84,2786.23,Month-to-month,Electronic Check,0,DSL,1
9066,44,M,40,91.2,3639.34,Month-to-month,Bank Transfer,0,Fiber optic,1
9067,32,M,36,85.3,3021.21,One year,Credit Card,1,Fiber optic,1
9068,67,F,6,77.16,442.38,Month-to-month,Electronic Check,0,DSL,1
9069,53,F,70,72.82,5066.97,One year,Bank Transfer,0,Fiber optic,0
9070,72,M,16,75.1,1211.98,Month-to-month,Bank Transfer,0,DSL,1
9071,25,F,46,104.97,4854.23,Month-to-month,Electronic Check,0,DSL,1
9072,32,M,59,111.6,6584.15,One year,Bank Transfer,1,DSL,0
9073,20,M,38,31.29,1157.61,Month-to-month,Credit Card,0,Fiber optic,1
9074,79,F,18,76.88,1339.64,Month-to-month,Electronic Check,0,Fiber optic,1
9075,64,F,12,111.84,1323.43,Two year,Electronic Check,0,Fiber optic,1
9076,30,F,54,33.47,1837.98,Two year,Credit Card,0,Fiber optic,0
9077,58,M,47,61.29,2872.58,One year,Bank Transfer,0,DSL,0
9078,51,M,1,28.91,4.14,Month-to-month,Electronic Check,0,Fiber optic,1
9079,41,M,15,31.35,422.32,Month-to-month,Credit Card,0,Fiber optic,1
9080,57,F,21,110.41,2318.22,Month-to-month,Credit Card,0,Fiber optic,1
9081,49,M,1,64.62,83.1,Month-to-month,Electronic Check,1,None,0
9082,78,M,67,88.87,5923.32,Month-to-month,Credit Card,0,Fiber optic,1
9083,49,M,12,33.89,410.4,One year,Electronic Check,0,Fiber optic,0
9084,47,M,28,22.19,613.39,Two year,Bank Transfer,0,DSL,0
9085,69,F,39,109.05,4273.34,One year,Electronic Check,1,DSL,0
9086,66,F,37,77.45,2901.71,Two year,Electronic Check,0,DSL,0
9087,30,F,60,22.0,1300.7,Month-to-month,Credit Card,1,Fiber optic,1
9088,18,M,31,119.23,3736.61,One year,Credit Card,0,DSL,1
9089,51,M,58,69.22,4035.46,Two year,Bank Transfer,1,Fiber optic,0
9090,79,M,11,67.59,697.21,One year,Electronic Check,0,Fiber optic,0
9091,32,F,29,82.09,2409.73,Month-to-month,Bank Transfer,0,None,1
9092,61,F,13,20.79,269.73,Two year,Credit Card,0,Fiber optic,0
9093,31,F,51,76.91,3966.96,One year,Bank Transfer,1,Fiber optic,0
9094,74,F,54,82.95,4461.66,Month-to-month,Electronic Check,0,Fiber optic,1
9095,46,F,19,49.7,953.42,Month-to-month,Electronic Check,1,Fiber optic,1
9096,51,M,58,92.69,5421.63,Month-to-month,Electronic Check,1,Fiber optic,1
9097,35,F,36,57.74,2055.76,One year,Credit Card,0,DSL,0
9098,71,F,28,91.78,2567.04,Month-to-month,Credit Card,1,Fiber optic,1
9099,24,F,68,34.38,2363.09,Month-to-month,Electronic Check,1,Fiber optic,1
9100,46,M,3,111.37,353.22,Two year,Credit Card,0,Fiber optic,1
9101,72,F,41,107.95,4459.82,Two year,Bank Transfer,0,Fiber optic,1
9102,48,F,35,35.06,1229.08,Month-to-month,Bank Transfer,1,Fiber optic,1
9103,78,F,50,113.85,5674.39,One year,Electronic Check,0,Fiber optic,1
9104,42,M,30,75.78,2276.91,One year,Credit Card,1,Fiber optic,0
9105,55,M,72,90.16,6476.52,One year,Electronic Check,1,None,0
9106,31,F,70,104.03,7249.74,Two year,Bank Transfer,0,Fiber optic,1
9107,25,F,54,28.36,1536.94,One year,Bank Transfer,0,None,0
9108,44,F,71,36.93,2576.87,Month-to-month,Credit Card,1,Fiber optic,1
9109,71,F,51,49.04,2454.7,Month-to-month,Bank Transfer,1,Fiber optic,1
9110,19,M,28,67.72,1852.62,One year,Credit Card,0,DSL,0
9111,34,F,64,54.61,3512.3,One year,Credit Card,1,DSL,0
9112,54,M,21,70.58,1472.88,One year,Bank Transfer,0,DSL,0
9113,31,F,27,38.59,1041.34,One year,Bank Transfer,0,None,0
9114,42,M,27,88.22,2366.28,Month-to-month,Electronic Check,0,Fiber optic,1
9115,73,M,50,25.57,1253.86,Month-to-month,Credit Card,1,DSL,0
9116,47,F,29,56.14,1613.89,Month-to-month,Electronic Check,0,Fiber optic,1
9117,46,M,39,37.9,1447.44,Two year,Credit Card,0,Fiber optic,0
9118,37,F,57,92.99,5318.31,One year,Bank Transfer,0,Fiber optic,1
9119,38,M,37,108.37,3969.86,Month-to-month,Credit Card,1,None,1
9120,78,M,64,27.88,1786.01,Month-to-month,Electronic Check,0,Fiber optic,1
9121,70,F,48,98.5,4725.68,Month-to-month,Credit Card,0,Fiber optic,1
9122,39,F,22,109.57,2390.73,Month-to-month,Bank Transfer,0,DSL,1
9123,52,M,30,117.4,3482.23,Month-to-month,Electronic Check,0,Fiber optic,1
9124,54,M,28,77.94,2202.66,Two year,Credit Card,1,Fiber optic,0
9125,33,F,23,52.74,1219.97,Two year,Credit Card,1,Fiber optic,0
9126,67,F,4,52.2,239.75,Month-to-month,Credit Card,0,Fiber optic,1
9127,75,F,3,57.9,147.25,Month-to-month,Credit Card,0,Fiber optic,1
9128,66,M,61,81.27,4986.63,One year,Credit Card,1,Fiber optic,1
9129,60,F,4,69.02,255.27,One year,Bank Transfer,0,DSL,0
9130,34,F,65,85.36,5509.66,One year,Bank Transfer,0,DSL,1
9131,33,M,12,23.93,250.65,One year,Electronic Check,1,Fiber optic,0
9132,75,F,13,30.59,369.78,Month-to-month,Credit Card,0,None,1
9133,72,F,34,117.65,4018.34,Two year,Bank Transfer,0,DSL,1
9134,19,F,59,119.54,7027.26,One year,Bank Transfer,1,Fiber optic,1
9135,21,F,31,94.67,2945.16,One year,Credit Card,0,DSL,1
9136,38,M,71,45.64,3216.09,Month-to-month,Electronic Check,0,Fiber optic,1
9137,56,F,13,115.34,1485.94,Two year,Credit Card,0,Fiber optic,1
9138,51,F,54,41.37,2272.95,Month-to-month,Electronic Check,0,Fiber optic,1
9139,47,F,2,93.14,186.32,Two year,Electronic Check,1,Fiber optic,0
9140,23,F,33,31.53,1050.52,Two year,Bank Transfer,0,Fiber optic,0
9141,34,F,50,84.89,4213.43,Two year,Electronic Check,0,Fiber optic,1
9142,56,F,7,95.95,634.8,One year,Bank Transfer,0,Fiber optic,1
9143,42,M,18,105.96,1898.6,One year,Bank Transfer,0,DSL,1
9144,22,M,51,93.43,4800.47,Two year,Credit Card,0,Fiber optic,1
9145,22,M,8,112.35,872.89,Two year,Credit Card,0,DSL,1
9146,37,F,55,72.09,3977.12,One year,Electronic Check,0,DSL,0
9147,33,F,43,87.74,3810.03,Month-to-month,Credit Card,0,Fiber optic,1
9148,68,F,59,56.96,3404.08,Month-to-month,Credit Card,1,DSL,0
9149,58,M,30,21.04,680.58,Two year,Electronic Check,0,DSL,0
9150,54,F,59,95.67,5670.83,One year,Credit Card,0,Fiber optic,1
9151,57,M,9,106.99,920.41,Month-to-month,Bank Transfer,0,Fiber optic,1
9152,26,F,68,37.39,2579.67,Month-to-month,Credit Card,0,None,1
9153,22,F,39,22.86,930.1,Month-to-month,Credit Card,0,None,1
9154,59,M,11,36.45,406.68,Two year,Credit Card,0,DSL,0
9155,74,M,2,109.53,175.8,One year,Bank Transfer,1,DSL,0
9156,19,M,23,49.55,1137.32,Month-to-month,Electronic Check,0,Fiber optic,1
9157,26,M,63,43.37,2703.38,One year,Bank Transfer,0,Fiber optic,0
9158,60,M,22,21.46,466.33,Two year,Electronic Check,0,DSL,0
9159,53,M,61,49.71,3054.72,Month-to-month,Bank Transfer,0,Fiber optic,1
9160,39,F,26,91.56,2397.32,Month-to-month,Credit Card,0,None,1
9161,39,M,12,115.91,1418.92,Month-to-month,Bank Transfer,0,Fiber optic,1
9162,39,F,32,51.27,1638.29,One year,Electronic Check,1,Fiber optic,0
9163,51,F,9,44.07,397.71,Two year,Credit Card,0,Fiber optic,0
9164,72,F,69,108.81,7551.46,Month-to-month,Electronic Check,0,Fiber optic,1
9165,46,F,71,105.25,7485.87,Month-to-month,Credit Card,0,Fiber optic,1
9166,55,F,33,52.82,1767.81,Month-to-month,Credit Card,0,DSL,1
9167,76,M,24,26.88,661.57,One year,Bank Transfer,1,DSL,0
9168,63,M,69,119.2,8238.85,Two year,Electronic Check,1,Fiber optic,0
9169,50,M,38,88.07,3388.01,Month-to-month,Bank Transfer,0,None,1
9170,35,F,11,112.66,1224.91,One year,Electronic Check,0,Fiber optic,1
9171,24,M,32,54.19,1726.85,Two year,Bank Transfer,1,None,0
9172,18,F,64,84.77,5413.26,Month-to-month,Credit Card,0,Fiber optic,1
9173,50,F,72,87.45,6322.92,One year,Electronic Check,0,Fiber optic,1
9174,18,F,20,107.29,2182.64,Month-to-month,Electronic Check,0,Fiber optic,1
9175,41,F,34,119.31,4042.29,Month-to-month,Bank Transfer,1,Fiber optic,1
9176,21,M,42,30.87,1260.77,Month-to-month,Electronic Check,0,Fiber optic,1
9177,21,M,8,83.11,664.29,One year,Bank Transfer,1,DSL,0
9178,78,M,66,53.64,3588.67,Month-to-month,Bank Transfer,0,Fiber optic,1
9179,35,M,21,101.17,2094.94,Month-to-month,Electronic Check,0,Fiber optic,1
9180,44,M,70,95.41,6673.9,Month-to-month,Bank Transfer,0,DSL,1
9181,60,F,5,109.25,523.39,One year,Electronic Check,0,Fiber optic,1
9182,76,M,67,54.37,3685.06,Two year,Credit Card,0,Fiber optic,0
9183,49,F,43,38.45,1658.44,Month-to-month,Bank Transfer,0,Fiber optic,1
9184,50,F,16,22.18,362.75,Month-to-month,Credit Card,1,Fiber optic,1
9185,45,F,35,45.55,1545.08,Month-to-month,Bank Transfer,1,Fiber optic,1
9186,59,M,43,56.72,2454.24,Month-to-month,Electronic Check,0,Fiber optic,1
9187,58,F,39,114.61,4450.43,Month-to-month,Bank Transfer,1,Fiber optic,1
9188,72,F,10,69.14,692.74,Month-to-month,Bank Transfer,1,Fiber optic,1
9189,53,M,20,75.64,1515.91,Month-to-month,Electronic Check,0,Fiber optic,1
9190,77,F,1,108.01,117.23,Month-to-month,Credit Card,0,DSL,1
9191,23,F,6,108.51,683.41,Two year,Electronic Check,0,Fiber optic,1
9192,79,F,53,72.79,3837.76,Month-to-month,Credit Card,0,Fiber optic,1
9193,33,M,46,31.37,1418.64,Month-to-month,Credit Card,1,Fiber optic,1
9194,51,F,66,47.05,3134.88,Month-to-month,Bank Transfer,0,DSL,1
9195,40,F,38,65.69,2518.09,One year,Bank Transfer,0,Fiber optic,0
9196,67,M,33,95.12,3111.52,Month-to-month,Credit Card,0,None,1
9197,59,M,67,91.17,6058.47,One year,Electronic Check,0,Fiber optic,1
9198,41,F,35,84.27,2966.04,Month-to-month,Credit Card,0,Fiber optic,1
9199,73,M,45,108.02,4826.62,One year,Bank Transfer,0,DSL,1
9200,66,M,22,100.26,2251.42,Month-to-month,Electronic Check,0,Fiber optic,1
9201,30,M,68,118.21,8048.72,Month-to-month,Electronic Check,0,Fiber optic,1
9202,73,M,17,108.92,1886.61,One year,Bank Transfer,0,Fiber optic,1
9203,35,M,5,39.57,228.41,Month-to-month,Electronic Check,0,Fiber optic,1
9204,71,M,57,25.76,1474.1,Month-to-month,Electronic Check,0,Fiber optic,1
9205,30,M,40,61.45,2451.84,Month-to-month,Credit Card,0,Fiber optic,1
9206,66,F,30,81.75,2452.18,Two year,Credit Card,0,DSL,1
9207,54,M,42,84.31,3571.32,Month-to-month,Bank Transfer,0,DSL,1
9208,60,M,7,46.75,341.3,Month-to-month,Credit Card,0,DSL,1
9209,56,M,71,105.99,7495.86,One year,Electronic Check,0,DSL,1
9210,78,F,19,52.92,1016.42,One year,Bank Transfer,1,DSL,0
9211,59,M,41,111.91,4578.78,One year,Bank Transfer,0,Fiber optic,1
9212,34,M,34,67.16,2239.57,Month-to-month,Bank Transfer,0,DSL,1
9213,32,F,22,21.04,451.01,Month-to-month,Electronic Check,0,Fiber optic,1
9214,35,M,52,36.2,1855.16,Month-to-month,Credit Card,1,Fiber optic,1
9215,40,F,6,30.23,215.24,One year,Electronic Check,0,Fiber optic,0
9216,71,F,25,24.4,570.5,Month-to-month,Electronic Check,0,DSL,1
9217,68,M,66,91.4,6018.46,Month-to-month,Credit Card,1,DSL,1
9218,47,F,10,39.23,411.85,Month-to-month,Credit Card,0,Fiber optic,1
9219,75,M,26,103.86,2740.1,Month-to-month,Electronic Check,0,Fiber optic,1
9220,51,M,5,46.45,215.78,Month-to-month,Credit Card,0,DSL,1
9221,75,F,68,23.23,1590.28,One year,Electronic Check,1,Fiber optic,0
9222,21,F,71,102.07,7234.33,Month-to-month,Credit Card,0,DSL,1
9223,20,M,50,66.61,3300.79,Two year,Electronic Check,0,Fiber optic,0
9224,24,M,17,79.95,1341.72,Month-to-month,Credit Card,0,None,1
9225,73,F,11,53.62,603.41,Month-to-month,Bank Transfer,0,Fiber optic,1
9226,35,M,53,24.6,1325.43,Month-to-month,Credit Card,1,Fiber optic,1
9227,59,M,50,57.02,2838.06,Month-to-month,Electronic Check,0,Fiber optic,1
9228,24,M,8,71.83,539.89,Month-to-month,Credit Card,0,DSL,1
9229,57,F,62,21.17,1276.5,Two year,Credit Card,0,Fiber optic,0
9230,23,M,29,77.43,2276.73,Month-to-month,Electronic Check,0,Fiber optic,1
9231,39,M,44,109.3,4824.53,One year,Credit Card,0,Fiber optic,1
9232,75,M,45,41.78,1902.9,Two year,Bank Transfer,1,Fiber optic,0
9233,18,F,29,112.68,3266.55,Month-to-month,Bank Transfer,0,DSL,1
9234,21,F,59,29.76,1751.57,One year,Bank Transfer,1,DSL,0
9235,63,F,15,102.54,1509.22,One year,Bank Transfer,1,Fiber optic,1
9236,66,M,70,104.03,7248.93,One year,Credit Card,0,Fiber optic,1
9237,69,F,44,45.78,1979.71,Month-to-month,Bank Transfer,1,Fiber optic,1
9238,67,M,36,115.78,4217.26,Two year,Credit Card,0,DSL,1
9239,60,F,57,61.66,3546.71,Month-to-month,Bank Transfer,1,Fiber optic,1
9240,46,M,64,34.13,2196.93,One year,Bank Transfer,1,Fiber optic,0
9241,38,F,38,79.17,2979.9,Month-to-month,Electronic Check,0,Fiber optic,1
9242,43,M,17,119.66,2017.99,Two year,Credit Card,0,Fiber optic,1
9243,31,M,27,109.93,2953.19,Month-to-month,Credit Card,1,Fiber optic,1
9244,26,F,17,47.86,811.39,One year,Credit Card,0,DSL,0
9245,76,M,63,77.7,4887.3,Two year,Electronic Check,0,DSL,0
9246,64,F,11,31.54,390.36,Month-to-month,Credit Card,1,DSL,0
9247,29,F,64,66.18,4257.6,Month-to-month,Electronic Check,0,Fiber optic,1
9248,59,M,39,72.31,2778.23,Month-to-month,Credit Card,1,Fiber optic,1
9249,68,M,2,51.53,89.06,Month-to-month,Bank Transfer,0,Fiber optic,1
9250,73,F,66,68.42,4479.02,Month-to-month,Electronic Check,0,None,1
9251,68,F,54,111.99,6025.4,Month-to-month,Electronic Check,0,Fiber optic,1
9252,23,F,29,70.01,2076.18,Month-to-month,Electronic Check,1,Fiber optic,1
9253,37,M,45,103.1,4660.03,One year,Credit Card,0,Fiber optic,1
9254,41,F,31,51.74,1554.73,Month-to-month,Bank Transfer,1,None,0
9255,44,M,49,117.14,5722.75,Two year,Electronic Check,0,Fiber optic,1
9256,55,M,9,29.35,258.02,Two year,Electronic Check,0,DSL,0
9257,25,F,27,78.56,2131.37,One year,Credit Card,1,Fiber optic,0
9258,18,F,56,98.99,5543.41,Two year,Credit Card,0,Fiber optic,1
9259,71,M,45,101.4,4519.98,Two year,Bank Transfer,1,DSL,0
9260,66,M,43,39.83,1714.24,Month-to-month,Electronic Check,1,DSL,0
9261,66,M,22,60.16,1286.55,Two year,Electronic Check,0,Fiber optic,0
9262,41,M,33,82.42,2721.78,Two year,Electronic Check,0,Fiber optic,1
9263,64,F,27,51.59,1367.54,Month-to-month,Electronic Check,1,Fiber optic,1
9264,24,M,40,85.83,3397.62,Month-to-month,Electronic Check,1,DSL,1
9265,36,F,26,57.88,1483.67,Month-to-month,Bank Transfer,0,DSL,1
9266,39,F,45,55.09,2439.01,One year,Electronic Check,1,Fiber optic,0
9267,74,F,45,30.81,1364.85,One year,Credit Card,1,Fiber optic,0
9268,72,M,26,23.93,658.87,Two year,Electronic Check,1,Fiber optic,0
9269,77,M,70,103.53,7227.82,One year,Electronic Check,1,DSL,0
9270,52,F,67,68.95,4616.67,Month-to-month,Electronic Check,0,DSL,1
9271,79,F,6,76.29,459.72,Month-to-month,Electronic Check,0,DSL,1
9272,47,F,28,57.22,1569.99,Month-to-month,Electronic Check,1,DSL,0
9273,46,F,67,33.67,2250.07,Month-to-month,Bank Transfer,0,Fiber optic,1
9274,39,M,13,64.96,879.78,One year,Credit Card,0,DSL,0
9275,28,F,63,42.9,2660.75,One year,Bank Transfer,1,Fiber optic,0
9276,37,M,13,103.77,1391.29,Two year,Credit Card,1,Fiber optic,0
9277,79,M,1,118.68,155.79,One year,Credit Card,0,Fiber optic,1
9278,46,M,40,108.91,4391.98,Month-to-month,Credit Card,0,Fiber optic,1
9279,68,M,37,72.83,2664.56,Month-to-month,Electronic Check,1,DSL,0
9280,58,F,31,82.81,2565.54,Month-to-month,Bank Transfer,1,Fiber optic,1
9281,59,M,17,114.81,1963.39,Month-to-month,Credit Card,0,DSL,1
9282,51,F,9,73.87,624.82,Month-to-month,Credit Card,0,DSL,1
9283,18,M,64,83.86,5372.72,Month-to-month,Electronic Check,0,Fiber optic,1
9284,48,F,57,82.92,4760.44,Month-to-month,Electronic Check,1,Fiber optic,1
9285,47,F,13,90.81,1224.19,Month-to-month,Bank Transfer,0,DSL,1
9286,65,F,37,84.03,3086.94,Month-to-month,Credit Card,0,Fiber optic,1
9287,35,F,14,87.07,1197.85,Month-to-month,Credit Card,0,Fiber optic,1
9288,72,F,25,92.59,2291.82,Month-to-month,Credit Card,0,Fiber optic,1
9289,75,M,57,100.91,5717.22,Month-to-month,Bank Transfer,0,Fiber optic,1
9290,34,F,71,60.31,4275.08,One year,Electronic Check,0,Fiber optic,0
9291,55,M,42,94.58,4000.81,Two year,Electronic Check,0,Fiber optic,1
9292,31,F,42,30.02,1282.05,Month-to-month,Bank Transfer,0,Fiber optic,1
9293,40,M,47,107.62,5098.17,Month-to-month,Electronic Check,1,Fiber optic,1
9294,42,M,44,49.0,2141.57,One year,Credit Card,0,Fiber optic,0
9295,32,M,41,60.35,2481.57,Month-to-month,Credit Card,1,Fiber optic,1
9296,63,F,3,100.36,327.73,Month-to-month,Bank Transfer,0,Fiber optic,1
9297,73,M,1,83.7,123.52,One year,Electronic Check,0,DSL,1
9298,39,F,11,50.86,596.64,Month-to-month,Bank Transfer,0,DSL,1
9299,20,F,7,42.54,294.33,Month-to-month,Bank Transfer,1,Fiber optic,1
9300,73,M,12,115.77,1429.93,Month-to-month,Electronic Check,0,Fiber optic,1
9301,72,M,38,28.78,1088.05,Month-to-month,Bank Transfer,0,DSL,1
9302,36,F,54,20.43,1143.5,Month-to-month,Credit Card,0,DSL,1
9303,74,F,67,87.29,5876.13,Month-to-month,Bank Transfer,0,DSL,1
9304,61,F,53,81.45,4289.01,One year,Credit Card,1,DSL,0
9305,51,F,32,93.76,3043.29,Month-to-month,Credit Card,0,Fiber optic,1
9306,52,F,45,93.16,4166.45,Month-to-month,Bank Transfer,0,DSL,1
9307,67,F,51,106.33,5463.67,Month-to-month,Credit Card,1,DSL,1
9308,78,M,37,112.21,4163.28,Month-to-month,Bank Transfer,0,DSL,1
9309,18,F,59,97.5,5769.24,Month-to-month,Bank Transfer,1,None,1
9310,69,F,54,43.23,2295.35,Month-to-month,Electronic Check,0,DSL,1
9311,38,M,18,66.35,1150.87,One year,Bank Transfer,1,Fiber optic,0
9312,46,M,1,84.17,131.0,Month-to-month,Credit Card,0,Fiber optic,1
9313,23,M,21,73.94,1536.43,Month-to-month,Bank Transfer,0,DSL,1
9314,54,F,28,35.89,1039.36,Month-to-month,Bank Transfer,0,None,1
9315,18,M,16,78.93,1283.33,Two year,Electronic Check,0,DSL,0
9316,68,M,48,108.65,5225.61,Month-to-month,Electronic Check,0,Fiber optic,1
9317,18,F,28,61.85,1750.32,Two year,Credit Card,1,Fiber optic,0
9318,44,F,22,86.89,1870.52,Month-to-month,Credit Card,0,Fiber optic,1
9319,38,F,1,81.59,72.83,One year,Credit Card,0,Fiber optic,1
9320,70,F,42,57.7,2434.11,Month-to-month,Credit Card,0,None,1
9321,33,M,70,76.53,5393.86,Month-to-month,Electronic Check,0,Fiber optic,1
9322,61,F,3,41.02,144.53,One year,Bank Transfer,0,Fiber optic,0
9323,76,M,44,74.61,3258.12,Month-to-month,Electronic Check,0,DSL,1
9324,78,F,27,99.88,2745.25,Month-to-month,Electronic Check,0,Fiber optic,1
9325,71,M,51,95.89,4904.69,Month-to-month,Electronic Check,0,DSL,1
9326,57,F,24,55.8,1339.33,Month-to-month,Bank Transfer,0,Fiber optic,1
9327,43,F,20,31.21,652.34,Month-to-month,Bank Transfer,0,DSL,1
9328,33,F,32,99.99,3209.95,Month-to-month,Electronic Check,1,None,1
9329,45,M,13,46.5,625.5,Two year,Bank Transfer,0,Fiber optic,0
9330,18,M,43,25.3,1099.61,Month-to-month,Electronic Check,1,DSL,0
9331,53,M,20,64.52,1258.28,One year,Electronic Check,0,Fiber optic,0
9332,27,F,2,93.95,192.24,One year,Credit Card,0,Fiber optic,1
9333,60,M,68,100.85,6836.11,Two year,Electronic Check,0,DSL,1
9334,34,F,60,118.22,7100.23,Month-to-month,Electronic Check,1,Fiber optic,1
9335,74,F,4,38.94,118.31,Month-to-month,Electronic Check,1,DSL,0
9336,76,F,17,49.38,812.66,Month-to-month,Credit Card,0,None,1
9337,40,M,1,80.95,111.82,One year,Bank Transfer,0,Fiber optic,1
9338,24,F,33,101.13,3327.82,One year,Credit Card,1,DSL,0
9339,61,M,30,43.41,1319.68,Month-to-month,Bank Transfer,1,None,0
9340,70,F,5,60.99,304.73,Month-to-month,Credit Card,0,Fiber optic,1
9341,24,F,12,60.84,714.15,Month-to-month,Bank Transfer,1,Fiber optic,1
9342,61,F,32,97.29,3112.8,Month-to-month,Credit Card,1,Fiber optic,1
9343,32,M,38,44.09,1706.79,Month-to-month,Electronic Check,1,None,0
9344,51,M,17,116.88,1965.12,Month-to-month,Bank Transfer,0,Fiber optic,1
9345,63,F,58,71.05,4113.04,One year,Credit Card,0,Fiber optic,0
9346,62,M,40,48.21,1898.66,Month-to-month,Credit Card,0,Fiber optic,1
9347,21,M,24,48.43,1147.44,Month-to-month,Credit Card,0,Fiber optic,1
9348,31,F,12,21.83,300.47,One year,Bank Transfer,0,Fiber optic,0
9349,31,F,19,89.24,1724.13,Month-to-month,Electronic Check,0,None,1
9350,33,M,29,97.59,2817.47,Two year,Credit Card,0,DSL,1
9351,24,F,52,23.24,1171.72,Month-to-month,Bank Transfer,0,Fiber optic,1
9352,49,F,17,78.59,1328.03,Month-to-month,Bank Transfer,0,DSL,1
9353,36,M,21,98.17,2088.74,Month-to-month,Electronic Check,1,Fiber optic,1
9354,19,M,60,57.62,3411.58,Month-to-month,Electronic Check,0,None,1
9355,27,F,20,63.27,1289.93,Month-to-month,Electronic Check,1,Fiber optic,1
9356,67,M,53,56.16,2994.47,One year,Bank Transfer,0,Fiber optic,0
9357,78,M,63,51.57,3205.37,Two year,Bank Transfer,0,None,0
9358,34,F,57,69.11,3952.83,Month-to-month,Electronic Check,1,DSL,0
9359,54,F,29,36.61,1041.56,Two year,Credit Card,0,DSL,0
9360,29,F,1,64.07,31.8,One year,Electronic Check,0,Fiber optic,0
9361,23,F,59,114.18,6725.11,Month-to-month,Electronic Check,0,Fiber optic,1
9362,39,M,64,22.74,1425.9,One year,Electronic Check,0,DSL,0
9363,49,M,72,36.47,2658.3,Month-to-month,Electronic Check,1,Fiber optic,1
9364,58,F,71,97.77,6965.87,One year,Credit Card,1,DSL,0
9365,37,F,44,33.21,1509.32,Two year,Credit Card,1,Fiber optic,0
9366,18,F,48,47.13,2265.65,Two year,Electronic Check,0,Fiber optic,0
9367,71,F,15,65.48,941.12,Month-to-month,Bank Transfer,0,DSL,1
9368,64,M,35,114.32,3987.98,Month-to-month,Bank Transfer,0,None,1
9369,70,M,23,38.35,915.91,Two year,Credit Card,0,Fiber optic,0
9370,75,F,53,112.31,5942.12,One year,Electronic Check,1,Fiber optic,0
9371,23,F,45,91.85,4128.82,One year,Bank Transfer,1,Fiber optic,1
9372,36,M,13,87.11,1123.63,One year,Credit Card,1,DSL,0
9373,35,M,34,92.35,3113.44,One year,Credit Card,1,Fiber optic,1
9374,23,M,38,23.12,835.88,One year,Credit Card,0,DSL,0
9375,62,M,70,29.89,2060.36,One year,Credit Card,0,Fiber optic,0
9376,50,F,68,53.48,3623.03,Month-to-month,Electronic Check,1,Fiber optic,1
9377,40,M,5,27.4,111.54,One year,Credit Card,1,Fiber optic,0
9378,40,M,40,118.76,4757.67,Month-to-month,Bank Transfer,0,Fiber optic,1
9379,43,M,70,78.04,5474.19,Two year,Electronic Check,1,Fiber optic,0
9380,30,F,21,68.73,1450.34,Two year,Credit Card,0,Fiber optic,0
9381,24,F,28,98.55,2717.89,Month-to-month,Bank Transfer,0,Fiber optic,1
9382,32,M,3,117.7,369.79,One year,Bank Transfer,1,Fiber optic,0
9383,61,M,23,115.51,2645.19,Two year,Bank Transfer,1,Fiber optic,0
9384,44,F,72,99.31,7188.14,Month-to-month,Electronic Check,1,Fiber optic,1
9385,43,F,19,57.72,1099.24,Two year,Electronic Check,0,None,0
9386,50,M,50,26.6,1288.45,Month-to-month,Bank Transfer,0,None,1
9387,32,F,58,29.84,1681.64,Month-to-month,Electronic Check,0,DSL,1
9388,53,M,20,20.12,422.65,One year,Credit Card,0,None,0
9389,62,F,72,20.19,1443.73,Two year,Credit Card,0,DSL,0
9390,72,M,53,113.64,6001.72,Month-to-month,Credit Card,0,None,1
9391,44,M,9,112.7,1009.02,One year,Electronic Check,0,Fiber optic,1
9392,74,F,4,86.76,304.28,Month-to-month,Electronic Check,0,None,1
9393,22,M,41,92.67,3788.67,Month-to-month,Electronic Check,1,Fiber optic,1
9394,78,F,25,71.32,1764.47,Month-to-month,Bank Transfer,0,DSL,1
9395,19,F,34,43.78,1518.54,Month-to-month,Credit Card,1,DSL,0
9396,72,F,9,111.44,970.45,Two year,Bank Transfer,0,Fiber optic,1
9397,75,M,13,47.77,646.64,One year,Bank Transfer,1,DSL,0
9398,50,M,9,93.97,845.77,One year,Credit Card,1,None,0
9399,33,M,4,44.54,136.35,Month-to-month,Electronic Check,0,DSL,1
9400,40,F,34,107.01,3685.31,Month-to-month,Bank Transfer,0,Fiber optic,1
9401,55,M,7,85.12,619.26,Month-to-month,Bank Transfer,1,Fiber optic,1
9402,72,M,15,84.27,1240.06,One year,Electronic Check,0,DSL,1
9403,33,M,38,29.74,1138.3,Month-to-month,Electronic Check,0,DSL,1
9404,31,M,52,61.95,3261.39,Month-to-month,Credit Card,0,None,1
9405,46,F,7,72.49,550.51,Two year,Bank Transfer,0,Fiber optic,0
9406,43,M,45,49.4,2246.12,Month-to-month,Credit Card,0,Fiber optic,1
9407,52,F,59,108.1,6400.67,One year,Bank Transfer,0,DSL,1
9408,32,F,21,103.77,2156.91,Month-to-month,Credit Card,0,DSL,1
9409,20,F,28,69.36,1991.06,Month-to-month,Credit Card,0,Fiber optic,1
9410,40,F,3,54.0,136.35,Month-to-month,Electronic Check,0,Fiber optic,1
9411,46,M,14,100.15,1361.04,Two year,Bank Transfer,0,None,1
9412,51,M,2,39.69,127.12,Two year,Credit Card,1,DSL,0
9413,50,M,29,27.15,752.63,Month-to-month,Electronic Check,1,Fiber optic,1
9414,58,F,18,24.57,444.42,One year,Electronic Check,1,Fiber optic,0
9415,58,M,37,23.87,880.01,Month-to-month,Electronic Check,0,DSL,1
9416,40,F,45,68.89,3134.87,Month-to-month,Bank Transfer,1,Fiber optic,1
9417,24,M,45,45.53,2038.52,Month-to-month,Credit Card,0,Fiber optic,1
9418,20,M,24,89.04,2137.18,Month-to-month,Bank Transfer,0,Fiber optic,1
9419,75,M,46,85.39,3882.31,One year,Bank Transfer,0,DSL,1
9420,49,F,12,74.2,861.18,Month-to-month,Electronic Check,0,Fiber optic,1
9421,48,M,53,55.28,2963.14,One year,Bank Transfer,1,Fiber optic,0
9422,35,F,45,105.05,4725.09,Two year,Bank Transfer,0,Fiber optic,1
9423,60,F,32,90.97,2884.13,Month-to-month,Credit Card,0,Fiber optic,1
9424,24,F,18,47.15,835.59,Month-to-month,Electronic Check,0,Fiber optic,1
9425,58,M,13,70.17,890.72,Two year,Electronic Check,0,DSL,0
9426,18,M,4,35.63,148.14,Month-to-month,Credit Card,0,Fiber optic,1
9427,78,F,23,52.88,1171.38,One year,Bank Transfer,1,None,0
9428,31,F,62,119.71,7394.52,One year,Credit Card,1,DSL,0
9429,69,F,54,42.38,2274.02,Month-to-month,Credit Card,1,Fiber optic,1
9430,49,F,55,89.83,4983.47,Month-to-month,Bank Transfer,0,DSL,1
9431,23,F,69,43.84,3037.29,Month-to-month,Electronic Check,0,Fiber optic,1
9432,56,M,40,113.81,4552.83,Month-to-month,Credit Card,1,DSL,1
9433,27,M,14,51.01,683.22,Two year,Bank Transfer,0,DSL,0
9434,24,M,28,54.67,1536.55,Month-to-month,Electronic Check,1,Fiber optic,1
9435,43,F,72,79.39,5758.98,Month-to-month,Credit Card,1,Fiber optic,1
9436,51,F,71,78.81,5602.14,Month-to-month,Credit Card,1,Fiber optic,1
9437,47,M,67,77.91,5186.45,One year,Electronic Check,0,Fiber optic,0
9438,53,M,29,77.33,2292.28,One year,Credit Card,0,None,0
9439,38,F,61,51.22,3124.31,One year,Credit Card,0,DSL,0
9440,79,F,68,63.44,4295.88,Month-to-month,Bank Transfer,1,Fiber optic,1
9441,77,F,9,79.34,714.4,One year,Credit Card,1,Fiber optic,0
9442,34,M,17,87.13,1457.58,Two year,Credit Card,0,Fiber optic,1
9443,50,F,49,45.31,2173.23,One year,Bank Transfer,0,Fiber optic,0
9444,27,F,63,90.15,5718.4,Month-to-month,Bank Transfer,0,Fiber optic,1
9445,68,F,46,112.33,5160.07,Two year,Electronic Check,1,Fiber optic,1
9446,64,M,13,95.79,1270.56,Month-to-month,Electronic Check,0,Fiber optic,1
9447,59,F,45,28.42,1326.03,Month-to-month,Electronic Check,0,DSL,1
9448,68,M,53,66.91,3559.49,Two year,Bank Transfer,1,Fiber optic,0
9449,29,F,17,63.53,1099.17,One year,Credit Card,0,None,0
9450,73,F,47,53.65,2565.87,One year,Credit Card,0,None,0
9451,33,M,62,69.13,4287.72,Two year,Credit Card,1,Fiber optic,0
9452,58,F,50,63.96,3179.99,One year,Credit Card,1,Fiber optic,0
9453,49,M,43,20.62,928.8,Month-to-month,Bank Transfer,1,Fiber optic,1
9454,32,F,68,43.66,2925.78,Month-to-month,Electronic Check,1,DSL,0
9455,79,M,72,41.38,2950.82,Month-to-month,Electronic Check,0,None,1
9456,44,F,28,54.93,1522.17,Month-to-month,Electronic Check,1,Fiber optic,1
9457,45,M,45,37.45,1713.46,Month-to-month,Bank Transfer,1,DSL,0
9458,34,M,41,26.78,1138.37,Two year,Electronic Check,0,Fiber optic,0
9459,63,F,36,39.66,1422.94,Month-to-month,Bank Transfer,0,Fiber optic,1
9460,76,M,33,105.42,3457.47,One year,Credit Card,1,DSL,0
9461,67,F,25,99.7,2477.82,Two year,Bank Transfer,0,Fiber optic,1
9462,75,M,19,64.21,1235.64,One year,Bank Transfer,0,None,0
9463,19,F,47,107.78,5031.46,Month-to-month,Electronic Check,1,DSL,1
9464,53,F,33,43.27,1432.65,Two year,Credit Card,0,Fiber optic,0
9465,67,F,67,78.42,5262.98,Month-to-month,Bank Transfer,1,Fiber optic,1
9466,24,F,14,34.29,500.85,Month-to-month,Bank Transfer,1,Fiber optic,1
9467,30,M,33,103.34,3420.61,Month-to-month,Bank Transfer,0,Fiber optic,1
9468,32,F,42,33.06,1348.22,One year,Bank Transfer,1,Fiber optic,0
9469,42,F,65,23.19,1526.23,One year,Electronic Check,0,DSL,0
9470,40,F,47,47.34,2177.15,Month-to-month,Electronic Check,0,DSL,1
9471,77,F,35,110.09,3842.18,Two year,Electronic Check,1,Fiber optic,1
9472,39,F,32,32.95,1046.11,Month-to-month,Credit Card,0,Fiber optic,1
9473,43,M,55,53.07,2880.51,Month-to-month,Electronic Check,0,DSL,1
9474,50,F,54,51.64,2739.55,Month-to-month,Bank Transfer,0,Fiber optic,1
9475,28,M,51,100.16,5065.28,One year,Bank Transfer,0,Fiber optic,1
9476,27,M,59,62.15,3661.48,Month-to-month,Credit Card,0,DSL,1
9477,42,F,72,81.16,5817.56,Month-to-month,Credit Card,0,Fiber optic,1
9478,54,F,14,60.44,803.06,Month-to-month,Bank Transfer,0,Fiber optic,1
9479,65,M,18,75.15,1328.34,Month-to-month,Electronic Check,0,DSL,1
9480,60,M,55,26.24,1446.08,Month-to-month,Electronic Check,0,DSL,1
9481,70,M,56,57.4,3238.61,Month-to-month,Bank Transfer,0,Fiber optic,1
9482,55,F,49,105.51,5161.19,Month-to-month,Credit Card,0,Fiber optic,1
9483,58,M,60,89.11,5357.91,One year,Bank Transfer,0,Fiber optic,1
9484,62,M,53,118.18,6273.22,Month-to-month,Credit Card,1,None,1
9485,41,F,71,98.79,7053.72,Month-to-month,Electronic Check,0,Fiber optic,1
9486,57,M,6,65.15,358.84,Month-to-month,Electronic Check,1,None,0
9487,63,F,70,87.63,6131.74,Month-to-month,Bank Transfer,1,Fiber optic,1
9488,73,M,8,97.59,793.9,Month-to-month,Electronic Check,1,DSL,1
9489,50,F,15,46.97,706.52,Month-to-month,Bank Transfer,0,DSL,1
9490,34,M,26,26.0,671.03,Month-to-month,Bank Transfer,0,Fiber optic,1
9491,41,F,39,60.58,2409.97,Month-to-month,Credit Card,0,Fiber optic,1
9492,54,F,3,34.47,147.61,One year,Bank Transfer,1,Fiber optic,0
9493,74,M,57,47.72,2731.19,Month-to-month,Bank Transfer,0,Fiber optic,1
9494,19,F,10,114.68,1140.76,Month-to-month,Electronic Check,0,Fiber optic,1
9495,49,M,3,104.71,339.67,Month-to-month,Credit Card,0,Fiber optic,1
9496,74,F,46,79.25,3646.79,One year,Credit Card,0,Fiber optic,0
9497,77,F,22,60.13,1372.42,Month-to-month,Credit Card,0,DSL,1
9498,79,F,67,46.43,3129.4,Month-to-month,Electronic Check,1,None,0
9499,41,F,65,77.15,4971.57,One year,Credit Card,0,Fiber optic,0
9500,26,F,19,73.32,1383.27,Month-to-month,Electronic Check,0,Fiber optic,1
9501,21,F,62,98.08,6103.99,One year,Credit Card,0,Fiber optic,1
9502,34,F,57,112.8,6463.84,One year,Bank Transfer,0,Fiber optic,1
9503,34,M,13,52.89,718.91,Two year,Credit Card,0,DSL,0
9504,70,M,16,40.63,697.8,One year,Electronic Check,0,Fiber optic,0
9505,67,F,16,60.28,963.39,Month-to-month,Electronic Check,0,Fiber optic,1
9506,65,F,52,63.75,3279.01,Month-to-month,Bank Transfer,1,Fiber optic,1
9507,47,F,41,23.99,998.81,Month-to-month,Bank Transfer,0,DSL,1
9508,57,M,48,106.17,5053.23,Month-to-month,Electronic Check,1,Fiber optic,1
9509,75,F,39,119.56,4710.19,Month-to-month,Credit Card,0,DSL,1
9510,28,M,13,112.32,1486.01,Month-to-month,Bank Transfer,0,DSL,1
9511,38,F,4,106.07,472.49,Month-to-month,Bank Transfer,0,DSL,1
9512,38,F,43,119.26,5115.91,Month-to-month,Credit Card,0,DSL,1
9513,35,F,46,110.78,5047.46,One year,Electronic Check,1,None,0
9514,72,F,47,88.84,4177.61,Two year,Bank Transfer,0,DSL,1
9515,46,F,53,36.68,1906.16,Month-to-month,Bank Transfer,1,Fiber optic,1
9516,41,M,25,35.64,908.96,Month-to-month,Electronic Check,1,Fiber optic,1
9517,27,F,41,24.88,1019.84,Two year,Credit Card,0,DSL,0
9518,62,M,3,61.18,208.88,Month-to-month,Credit Card,1,None,0
9519,34,M,13,100.88,1290.55,Month-to-month,Bank Transfer,0,Fiber optic,1
9520,35,F,18,69.03,1275.46,Month-to-month,Electronic Check,1,Fiber optic,1
9521,59,F,37,56.63,2110.39,Month-to-month,Credit Card,1,Fiber optic,1
9522,65,F,43,30.92,1378.33,Month-to-month,Electronic Check,0,DSL,1
9523,37,M,34,25.18,823.98,Two year,Bank Transfer,0,Fiber optic,0
9524,54,M,55,59.92,3250.72,Month-to-month,Credit Card,0,DSL,1
9525,62,M,52,29.99,1594.58,Two year,Electronic Check,0,Fiber optic,0
9526,35,F,36,30.35,1076.45,Month-to-month,Electronic Check,0,DSL,1
9527,34,M,54,59.53,3207.74,One year,Bank Transfer,1,Fiber optic,0
9528,26,M,59,70.28,4189.09,Month-to-month,Credit Card,0,Fiber optic,1
9529,31,M,52,38.67,2004.91,Month-to-month,Bank Transfer,0,Fiber optic,1
9530,66,F,19,88.46,1660.54,Month-to-month,Bank Transfer,1,Fiber optic,1
9531,46,M,12,61.87,698.39,Two year,Credit Card,1,Fiber optic,0
9532,48,M,11,29.19,315.38,One year,Electronic Check,0,DSL,0
9533,21,F,48,83.7,4033.1,Month-to-month,Electronic Check,0,Fiber optic,1
9534,35,F,16,55.69,867.96,Month-to-month,Electronic Check,0,DSL,1
9535,76,F,71,25.23,1813.11,One year,Credit Card,1,Fiber optic,0
9536,37,M,47,114.8,5393.43,Two year,Bank Transfer,0,Fiber optic,1
9537,73,M,67,77.12,5202.85,One year,Electronic Check,0,Fiber optic,0
9538,73,M,31,67.77,2067.04,Month-to-month,Electronic Check,1,DSL,0
9539,64,F,8,105.91,872.99,Month-to-month,Credit Card,1,None,1
9540,60,M,61,113.67,6977.13,Month-to-month,Credit Card,0,DSL,1
9541,61,F,44,42.03,1873.46,Month-to-month,Bank Transfer,1,DSL,0
9542,26,F,50,101.01,5041.09,Month-to-month,Bank Transfer,1,None,1
9543,30,M,35,103.11,3581.9,Month-to-month,Electronic Check,0,DSL,1
9544,32,M,61,25.44,1511.68,Month-to-month,Electronic Check,1,Fiber optic,1
9545,44,M,55,91.19,5029.69,Two year,Credit Card,0,DSL,1
9546,32,F,66,26.3,1700.09,Two year,Bank Transfer,0,Fiber optic,0
9547,45,F,14,79.47,1146.41,Month-to-month,Electronic Check,0,Fiber optic,1
9548,54,M,4,86.92,393.75,Month-to-month,Credit Card,0,Fiber optic,1
9549,72,F,17,56.71,927.65,Month-to-month,Bank Transfer,0,Fiber optic,1
9550,36,M,69,108.08,7445.13,Two year,Bank Transfer,0,None,1
9551,43,M,24,100.05,2444.93,Month-to-month,Bank Transfer,1,DSL,1
9552,69,M,49,112.6,5514.47,Month-to-month,Credit Card,0,Fiber optic,1
9553,43,F,55,51.49,2835.49,Month-to-month,Bank Transfer,1,Fiber optic,1
9554,42,F,71,22.15,1597.4,Month-to-month,Credit Card,0,Fiber optic,1
9555,43,M,23,101.15,2297.5,Month-to-month,Credit Card,0,Fiber optic,1
9556,43,M,12,42.3,555.51,Month-to-month,Credit Card,0,Fiber optic,1
9557,63,F,11,66.72,762.01,One year,Bank Transfer,0,Fiber optic,0
9558,45,M,29,101.73,2916.31,Month-to-month,Electronic Check,0,Fiber optic,1
9559,66,F,62,41.61,2540.93,Month-to-month,Electronic Check,0,DSL,1
9560,35,M,53,51.19,2756.57,Month-to-month,Credit Card,1,Fiber optic,1
9561,49,F,48,63.91,3086.18,Month-to-month,Credit Card,0,Fiber optic,1
9562,70,M,66,47.18,3067.74,Month-to-month,Electronic Check,1,DSL,0
9563,20,F,48,66.13,3138.44,Month-to-month,Bank Transfer,1,DSL,0
9564,19,M,59,20.96,1191.42,Month-to-month,Electronic Check,0,None,1
9565,50,F,71,41.22,2974.03,One year,Electronic Check,0,Fiber optic,0
9566,59,F,57,103.26,5885.61,Month-to-month,Bank Transfer,1,Fiber optic,1
9567,36,F,3,61.35,180.26,Month-to-month,Credit Card,0,Fiber optic,1
9568,34,F,32,83.64,2722.06,Two year,Electronic Check,1,Fiber optic,1
9569,61,M,8,43.23,346.3,One year,Credit Card,0,Fiber optic,0
9570,50,F,30,84.99,2551.48,Two year,Bank Transfer,1,DSL,0
9571,29,F,15,120.0,1848.41,Month-to-month,Bank Transfer,1,DSL,1
9572,66,M,55,79.53,4335.29,Month-to-month,Bank Transfer,0,Fiber optic,1
9573,73,F,38,82.84,3196.5,Month-to-month,Bank Transfer,1,Fiber optic,1
9574,20,M,15,31.15,433.82,One year,Bank Transfer,0,Fiber optic,0
9575,60,F,30,60.34,1807.49,Month-to-month,Credit Card,0,Fiber optic,1
9576,66,F,46,106.07,4862.98,Month-to-month,Bank Transfer,0,Fiber optic,1
9577,72,F,64,103.43,6665.06,One year,Credit Card,1,Fiber optic,0
9578,43,F,26,72.24,1876.79,One year,Bank Transfer,0,DSL,0
9579,52,F,67,110.35,7345.75,Two year,Credit Card,0,Fiber optic,1
9580,25,F,36,34.29,1206.61,Two year,Bank Transfer,0,Fiber optic,0
9581,69,M,31,85.82,2653.5,One year,Bank Transfer,1,Fiber optic,0
9582,53,M,40,44.89,1813.24,Month-to-month,Credit Card,0,Fiber optic,1
9583,70,F,46,84.56,3895.95,Month-to-month,Electronic Check,0,Fiber optic,1
9584,71,F,42,28.74,1242.07,Month-to-month,Bank Transfer,0,DSL,1
9585,24,M,18,114.36,2091.32,Month-to-month,Credit Card,1,DSL,1
9586,63,M,36,98.63,3559.73,Month-to-month,Credit Card,0,Fiber optic,1
9587,63,F,50,40.1,2012.13,Month-to-month,Electronic Check,0,Fiber optic,1
9588,53,F,61,83.73,5085.35,Month-to-month,Bank Transfer,0,Fiber optic,1
9589,33,F,40,95.91,3882.19,Two year,Electronic Check,0,Fiber optic,1
9590,41,F,3,40.94,80.51,Two year,Credit Card,1,DSL,0
9591,78,F,7,29.33,195.01,One year,Bank Transfer,0,DSL,0
9592,71,F,31,55.18,1726.66,Month-to-month,Electronic Check,0,DSL,1
9593,79,M,65,33.58,2227.27,Two year,Bank Transfer,0,None,0
9594,18,F,64,76.57,4900.63,Month-to-month,Credit Card,0,Fiber optic,1
9595,66,F,3,62.41,226.82,Month-to-month,Electronic Check,0,None,1
9596,42,M,35,66.24,2278.88,Two year,Credit Card,0,DSL,0
9597,27,M,15,74.29,1117.51,Month-to-month,Credit Card,0,Fiber optic,1
9598,71,M,21,118.21,2464.02,Two year,Electronic Check,0,DSL,1
9599,33,M,62,99.26,6183.69,Month-to-month,Electronic Check,0,DSL,1
9600,33,F,28,82.95,2317.1,Two year,Electronic Check,0,Fiber optic,1
9601,75,M,4,56.37,223.01,Month-to-month,Credit Card,0,Fiber optic,1
9602,25,M,13,22.71,251.71,Month-to-month,Bank Transfer,0,None,1
9603,46,F,51,31.65,1607.95,Month-to-month,Bank Transfer,1,DSL,0
9604,56,M,48,93.09,4426.4,Month-to-month,Bank Transfer,1,None,1
9605,45,M,39,56.92,2199.84,Month-to-month,Bank Transfer,0,Fiber optic,1
9606,23,F,67,53.44,3543.17,Month-to-month,Bank Transfer,0,Fiber optic,1
9607,33,F,58,108.9,6299.65,Month-to-month,Bank Transfer,0,Fiber optic,1
9608,37,F,2,68.45,109.64,Two year,Electronic Check,0,DSL,0
9609,33,F,25,109.96,2727.52,Month-to-month,Bank Transfer,1,Fiber optic,1
9610,24,F,11,108.66,1160.1,Month-to-month,Credit Card,0,Fiber optic,1
9611,58,F,1,28.02,21.98,One year,Credit Card,0,DSL,0
9612,31,F,48,114.54,5497.68,Month-to-month,Bank Transfer,0,Fiber optic,1
9613,60,M,48,27.7,1363.26,Month-to-month,Credit Card,0,Fiber optic,1
9614,43,M,10,116.35,1167.38,Month-to-month,Credit Card,1,Fiber optic,1
9615,43,F,30,65.26,1930.68,Month-to-month,Bank Transfer,0,Fiber optic,1
9616,31,M,35,96.09,3386.74,One year,Electronic Check,0,Fiber optic,1
9617,24,F,19,90.61,1701.31,Month-to-month,Electronic Check,1,Fiber optic,1
9618,50,M,53,71.85,3833.69,Two year,Bank Transfer,0,Fiber optic,0
9619,43,F,34,81.95,2775.02,One year,Electronic Check,1,DSL,0
9620,74,M,32,114.99,3681.05,One year,Electronic Check,1,DSL,0
9621,62,F,6,112.74,676.82,Two year,Bank Transfer,0,DSL,1
9622,37,M,13,85.43,1156.15,Month-to-month,Credit Card,0,DSL,1
9623,20,F,64,85.77,5454.65,One year,Electronic Check,1,Fiber optic,1
9624,69,M,7,44.69,356.69,One year,Bank Transfer,0,None,0
9625,21,M,45,102.86,4634.9,Month-to-month,Credit Card,0,Fiber optic,1
9626,78,F,45,83.26,3796.07,One year,Electronic Check,1,None,0
9627,43,M,65,102.62,6677.61,Two year,Bank Transfer,0,DSL,1
9628,28,M,19,85.79,1645.65,Month-to-month,Electronic Check,0,DSL,1
9629,19,M,47,49.93,2371.67,Month-to-month,Electronic Check,1,Fiber optic,1
9630,31,M,46,38.95,1823.88,Month-to-month,Bank Transfer,0,DSL,1
9631,61,M,29,27.7,801.06,One year,Credit Card,0,Fiber optic,0
9632,47,F,61,78.6,4812.46,Month-to-month,Bank Transfer,0,Fiber optic,1
9633,66,F,65,48.41,3158.14,One year,Credit Card,1,None,0
9634,29,M,23,83.05,1900.86,Month-to-month,Bank Transfer,0,DSL,1
9635,43,F,51,25.87,1351.45,Month-to-month,Bank Transfer,0,Fiber optic,1
9636,61,M,63,57.57,3596.15,One year,Electronic Check,1,Fiber optic,0
9637,50,F,22,46.06,980.03,One year,Credit Card,0,DSL,0
9638,30,M,71,57.03,4072.77,One year,Credit Card,1,Fiber optic,0
9639,31,M,33,25.43,852.94,Two year,Credit Card,1,Fiber optic,0
9640,41,M,44,92.42,4048.25,Month-to-month,Electronic Check,1,Fiber optic,1
9641,79,M,7,31.67,235.2,Month-to-month,Bank Transfer,0,Fiber optic,1
9642,51,F,2,21.44,69.94,Month-to-month,Electronic Check,0,Fiber optic,1
9643,61,F,17,114.63,1920.41,Two year,Bank Transfer,0,Fiber optic,1
9644,43,F,65,39.29,2561.99,One year,Bank Transfer,0,DSL,0
9645,38,M,58,102.81,5995.45,Month-to-month,Bank Transfer,0,None,1
9646,45,F,30,116.45,3484.62,Month-to-month,Bank Transfer,1,DSL,1
9647,65,F,26,73.41,1915.83,One year,Bank Transfer,0,Fiber optic,0
9648,53,M,35,72.61,2499.2,Month-to-month,Electronic Check,1,DSL,0
9649,57,M,63,56.74,3607.67,Month-to-month,Credit Card,1,Fiber optic,1
9650,19,M,71,62.56,4471.37,Month-to-month,Bank Transfer,0,DSL,1
9651,59,F,28,68.21,1905.51,Month-to-month,Electronic Check,0,DSL,1
9652,26,F,25,35.21,842.17,One year,Electronic Check,0,Fiber optic,0
9653,40,M,61,56.47,3460.71,Month-to-month,Electronic Check,0,Fiber optic,1
9654,32,F,31,101.61,3157.21,One year,Electronic Check,1,Fiber optic,1
9655,30,M,54,38.24,2106.91,Month-to-month,Electronic Check,0,DSL,1
9656,40,F,67,92.99,6208.31,Month-to-month,Bank Transfer,1,Fiber optic,1
9657,34,M,51,85.16,4296.39,Month-to-month,Credit Card,0,Fiber optic,1
9658,79,F,58,25.73,1467.81,Month-to-month,Bank Transfer,0,None,1
9659,65,F,34,22.24,748.95,Month-to-month,Bank Transfer,1,Fiber optic,1
9660,77,F,59,55.25,3225.29,Month-to-month,Credit Card,0,DSL,1
9661,19,M,21,89.22,1921.59,Two year,Bank Transfer,1,Fiber optic,1
9662,37,M,56,53.04,2942.48,Two year,Credit Card,0,Fiber optic,0
9663,37,M,37,86.77,3228.28,One year,Bank Transfer,1,None,0
9664,76,F,64,86.55,5534.61,Month-to-month,Credit Card,0,Fiber optic,1
9665,63,M,19,100.66,1918.05,One year,Electronic Check,0,Fiber optic,1
9666,20,F,53,29.95,1630.62,Month-to-month,Credit Card,1,Fiber optic,1
9667,72,M,71,77.71,5520.57,Month-to-month,Bank Transfer,0,Fiber optic,1
9668,29,M,63,26.25,1634.27,One year,Bank Transfer,0,Fiber optic,0
9669,57,F,62,37.59,2302.66,Month-to-month,Credit Card,0,Fiber optic,1
9670,19,F,72,52.55,3822.8,Month-to-month,Electronic Check,0,None,1
9671,53,M,19,90.74,1772.73,One year,Bank Transfer,0,Fiber optic,1
9672,31,M,2,117.39,209.96,Month-to-month,Electronic Check,0,Fiber optic,1
9673,33,F,6,54.25,347.69,Month-to-month,Credit Card,1,Fiber optic,1
9674,36,F,29,72.11,2091.77,One year,Credit Card,0,None,0
9675,51,M,41,45.91,1902.17,Month-to-month,Credit Card,1,DSL,0
9676,61,F,51,87.55,4511.47,One year,Electronic Check,0,Fiber optic,1
9677,78,M,5,56.66,260.91,Month-to-month,Electronic Check,0,Fiber optic,1
9678,63,M,41,68.16,2818.55,Month-to-month,Credit Card,0,DSL,1
9679,23,M,62,76.78,4754.15,Two year,Credit Card,0,DSL,0
9680,30,F,30,88.62,2673.85,Month-to-month,Credit Card,0,DSL,1
9681,53,M,62,26.01,1603.29,Month-to-month,Electronic Check,1,DSL,0
9682,39,M,27,75.49,2059.06,Month-to-month,Electronic Check,0,DSL,1
9683,35,F,50,63.12,3139.75,Month-to-month,Electronic Check,0,None,1
9684,29,F,52,33.38,1734.6,Month-to-month,Credit Card,1,None,0
9685,69,F,49,40.8,2020.08,Month-to-month,Electronic Check,1,DSL,0
9686,76,M,62,108.39,6674.45,Month-to-month,Bank Transfer,1,DSL,1
9687,71,F,60,107.18,6413.61,Month-to-month,Electronic Check,1,Fiber optic,1
9688,47,F,54,23.33,1264.44,Two year,Electronic Check,0,Fiber optic,0
9689,70,M,5,88.94,402.11,One year,Bank Transfer,0,DSL,1
9690,68,M,9,75.42,699.1,Month-to-month,Electronic Check,1,Fiber optic,1
9691,57,M,34,113.98,3906.65,Month-to-month,Credit Card,1,DSL,1
9692,24,M,36,110.8,3955.13,Two year,Bank Transfer,0,DSL,1
9693,49,F,20,77.96,1582.55,Month-to-month,Credit Card,1,Fiber optic,1
9694,65,M,63,33.9,2150.32,Month-to-month,Bank Transfer,1,DSL,0
9695,36,F,67,65.98,4411.75,Month-to-month,Electronic Check,0,DSL,1
9696,23,M,30,92.52,2742.1,Two year,Bank Transfer,0,Fiber optic,1
9697,37,M,69,115.17,7992.22,Month-to-month,Electronic Check,0,Fiber optic,1
9698,44,F,70,56.38,3943.0,Month-to-month,Electronic Check,0,None,1
9699,70,F,3,98.47,263.77,One year,Credit Card,0,DSL,1
9700,60,F,49,88.33,4349.99,Two year,Bank Transfer,0,None,1
9701,54,M,42,27.83,1179.65,One year,Bank Transfer,0,None,0
9702,65,M,24,75.8,1850.82,Month-to-month,Electronic Check,1,Fiber optic,1
9703,24,F,44,38.35,1737.01,Two year,Credit Card,0,Fiber optic,0
9704,76,F,1,88.35,42.84,Month-to-month,Credit Card,0,Fiber optic,1
9705,22,M,54,81.01,4398.47,One year,Electronic Check,0,Fiber optic,1
9706,28,F,52,117.3,6148.51,Month-to-month,Credit Card,0,DSL,1
9707,32,F,36,113.54,4091.26,One year,Credit Card,0,None,1
9708,20,M,38,20.94,817.29,Month-to-month,Electronic Check,1,Fiber optic,1
9709,75,F,44,28.0,1226.11,Month-to-month,Credit Card,1,Fiber optic,1
9710,22,M,47,96.91,4540.45,Month-to-month,Electronic Check,0,Fiber optic,1
9711,40,M,29,88.56,2587.89,Month-to-month,Credit Card,0,Fiber optic,1
9712,70,M,51,100.09,5153.4,One year,Electronic Check,0,DSL,1
9713,54,F,41,46.68,1873.05,One year,Bank Transfer,0,Fiber optic,0
9714,26,F,64,104.93,6707.73,Two year,Credit Card,1,DSL,0
9715,32,F,48,64.24,3127.58,Month-to-month,Credit Card,0,DSL,1
9716,20,F,22,46.19,977.46,Month-to-month,Credit Card,0,Fiber optic,1
9717,46,M,17,21.06,373.11,Two year,Credit Card,1,Fiber optic,0
9718,23,M,5,107.14,528.72,One year,Credit Card,0,None,1
9719,34,F,61,73.53,4473.02,Month-to-month,Electronic Check,0,Fiber optic,1
9720,43,F,6,117.54,676.18,Month-to-month,Credit Card,0,Fiber optic,1
9721,38,F,53,91.47,4815.54,Month-to-month,Electronic Check,0,DSL,1
9722,25,F,17,28.04,478.31,Month-to-month,Bank Transfer,1,Fiber optic,1
9723,38,M,59,78.82,4638.12,Month-to-month,Bank Transfer,1,None,0
9724,74,F,39,21.71,845.84,One year,Electronic Check,0,Fiber optic,0
9725,28,M,54,75.78,4061.71,Month-to-month,Bank Transfer,0,Fiber optic,1
9726,55,F,48,55.02,2625.98,Month-to-month,Electronic Check,0,DSL,1
9727,25,F,37,84.33,3169.85,One year,Credit Card,0,Fiber optic,1
9728,59,F,48,74.16,3546.49,Two year,Electronic Check,0,DSL,0
9729,41,M,68,46.14,3128.79,One year,Bank Transfer,1,Fiber optic,0
9730,78,F,27,36.24,930.47,Month-to-month,Electronic Check,0,Fiber optic,1
9731,52,M,27,60.47,1620.77,Month-to-month,Bank Transfer,1,Fiber optic,1
9732,72,M,72,118.68,8571.3,One year,Electronic Check,0,Fiber optic,1
9733,31,F,63,63.57,4006.47,Month-to-month,Bank Transfer,1,DSL,0
9734,72,M,52,94.88,4949.46,One year,Credit Card,0,Fiber optic,1
9735,31,M,47,25.7,1213.56,Month-to-month,Electronic Check,1,Fiber optic,1
9736,27,M,21,57.89,1176.24,One year,Credit Card,1,Fiber optic,0
9737,29,F,57,78.03,4430.92,Month-to-month,Credit Card,0,DSL,1
9738,55,M,42,95.12,4014.46,Month-to-month,Credit Card,0,DSL,1
9739,61,M,48,72.84,3501.11,Month-to-month,Bank Transfer,1,None,0
9740,72,F,27,71.53,1948.81,One year,Bank Transfer,1,Fiber optic,0
9741,63,F,72,96.39,6926.1,Month-to-month,Credit Card,0,DSL,1
9742,51,M,33,51.33,1663.26,Month-to-month,Electronic Check,0,DSL,1
9743,58,M,35,29.06,1050.08,One year,Bank Transfer,0,Fiber optic,0
9744,27,M,16,54.72,863.15,Month-to-month,Bank Transfer,0,Fiber optic,1
9745,75,M,36,35.9,1307.9,Two year,Credit Card,0,DSL,0
9746,34,F,66,116.59,7683.06,Two year,Bank Transfer,1,DSL,0
9747,34,F,56,77.75,4396.73,Month-to-month,Electronic Check,0,DSL,1
9748,20,M,17,64.66,1148.41,Month-to-month,Bank Transfer,1,Fiber optic,1
9749,79,F,20,111.21,2239.09,Month-to-month,Bank Transfer,0,Fiber optic,1
9750,48,M,8,110.04,890.54,One year,Electronic Check,0,Fiber optic,1
9751,68,F,18,61.57,1142.34,Two year,Electronic Check,0,DSL,0
9752,18,F,18,107.47,1936.08,One year,Bank Transfer,0,Fiber optic,1
9753,29,M,18,26.4,512.15,Month-to-month,Electronic Check,0,DSL,1
9754,56,M,2,108.57,208.43,Month-to-month,Bank Transfer,0,DSL,1
9755,21,M,72,51.06,3629.51,Month-to-month,Electronic Check,1,Fiber optic,1
9756,59,M,51,76.51,3944.67,One year,Credit Card,1,Fiber optic,0
9757,30,F,10,46.97,491.85,Two year,Bank Transfer,0,Fiber optic,0
9758,51,F,14,118.48,1659.8,One year,Credit Card,0,Fiber optic,1
9759,59,M,26,27.18,751.17,One year,Bank Transfer,0,DSL,0
9760,38,F,47,64.7,3079.58,Month-to-month,Electronic Check,1,Fiber optic,1
9761,39,F,30,82.1,2423.84,Month-to-month,Credit Card,0,Fiber optic,1
9762,74,M,56,81.56,4579.8,Month-to-month,Bank Transfer,1,Fiber optic,1
9763,21,M,42,93.88,3946.77,Two year,Electronic Check,0,Fiber optic,1
9764,35,F,4,92.44,397.41,Month-to-month,Electronic Check,1,DSL,1
9765,22,M,11,99.31,1072.49,One year,Credit Card,1,Fiber optic,0
9766,36,M,24,43.43,993.13,One year,Bank Transfer,0,Fiber optic,0
9767,19,F,67,57.05,3790.89,One year,Credit Card,0,Fiber optic,0
9768,29,F,37,58.2,2124.49,Month-to-month,Bank Transfer,1,DSL,0
9769,34,M,2,115.58,210.3,Month-to-month,Electronic Check,0,DSL,1
9770,27,F,12,60.93,718.2,One year,Electronic Check,1,None,0
9771,51,M,21,42.19,906.65,Two year,Electronic Check,1,Fiber optic,0
9772,23,M,69,83.23,5700.29,Month-to-month,Bank Transfer,1,Fiber optic,1
9773,25,F,71,62.73,4452.48,Month-to-month,Bank Transfer,1,Fiber optic,1
9774,78,F,64,45.01,2880.5,Month-to-month,Electronic Check,1,Fiber optic,1
9775,68,M,68,91.51,6234.27,Month-to-month,Bank Transfer,0,Fiber optic,1
9776,28,M,43,39.19,1666.22,Two year,Bank Transfer,0,Fiber optic,0
9777,74,M,54,83.34,4476.34,One year,Electronic Check,1,Fiber optic,0
9778,29,F,62,63.05,3907.49,Month-to-month,Electronic Check,1,Fiber optic,1
9779,26,M,12,51.92,639.0,One year,Bank Transfer,1,None,0
9780,19,F,1,114.6,69.06,Month-to-month,Bank Transfer,0,Fiber optic,1
9781,25,M,72,52.44,3755.04,Month-to-month,Credit Card,0,Fiber optic,1
9782,75,F,33,54.75,1835.48,Month-to-month,Bank Transfer,0,Fiber optic,1
9783,28,M,64,107.06,6850.26,One year,Credit Card,0,Fiber optic,1
9784,77,F,68,32.9,2282.38,Two year,Bank Transfer,0,DSL,0
9785,70,M,14,30.81,468.09,Month-to-month,Credit Card,1,Fiber optic,1
9786,53,M,14,48.27,660.17,Month-to-month,Credit Card,1,Fiber optic,1
9787,27,M,9,79.16,735.07,Month-to-month,Electronic Check,0,Fiber optic,1
9788,38,M,26,58.43,1496.61,Month-to-month,Bank Transfer,0,DSL,1
9789,37,F,49,80.86,3929.67,Month-to-month,Electronic Check,0,Fiber optic,1
9790,65,F,17,35.98,649.76,Month-to-month,Electronic Check,0,DSL,1
9791,25,F,68,46.15,3123.22,Month-to-month,Bank Transfer,0,DSL,1
9792,53,F,60,76.52,4561.54,One year,Electronic Check,0,Fiber optic,0
9793,46,F,3,41.71,171.63,Month-to-month,Electronic Check,1,Fiber optic,1
9794,59,M,25,62.28,1510.1,Month-to-month,Electronic Check,0,Fiber optic,1
9795,29,F,21,77.26,1609.15,Month-to-month,Electronic Check,0,DSL,1
9796,78,F,12,117.37,1362.28,Month-to-month,Credit Card,1,Fiber optic,1
9797,31,F,54,27.99,1511.87,Month-to-month,Bank Transfer,0,Fiber optic,1
9798,65,F,1,66.04,56.16,Two year,Bank Transfer,1,Fiber optic,0
9799,71,M,1,59.63,81.7,Month-to-month,Electronic Check,1,DSL,0
9800,67,M,45,102.42,4654.3,Month-to-month,Bank Transfer,1,None,1
9801,38,M,46,110.03,5063.35,Month-to-month,Credit Card,0,Fiber optic,1
9802,39,M,48,110.7,5292.14,Month-to-month,Electronic Check,0,Fiber optic,1
9803,38,F,7,57.51,439.79,Month-to-month,Electronic Check,0,Fiber optic,1
9804,61,F,10,50.47,515.15,Two year,Electronic Check,0,DSL,0
9805,67,M,15,64.91,979.0,Month-to-month,Credit Card,0,DSL,1
9806,47,M,40,54.4,2144.86,Month-to-month,Bank Transfer,0,Fiber optic,1
9807,56,F,11,91.89,964.85,Month-to-month,Credit Card,1,Fiber optic,1
9808,37,F,56,41.36,2312.3,One year,Bank Transfer,0,Fiber optic,0
9809,41,M,46,85.87,3952.82,Month-to-month,Credit Card,0,DSL,1
9810,40,M,45,112.7,5034.21,Month-to-month,Credit Card,1,Fiber optic,1
9811,24,M,13,47.99,579.81,Month-to-month,Electronic Check,0,Fiber optic,1
9812,26,M,27,87.69,2339.24,Month-to-month,Electronic Check,1,Fiber optic,1
9813,18,F,50,34.36,1674.31,Month-to-month,Electronic Check,0,Fiber optic,1
9814,43,F,61,32.14,1916.15,Month-to-month,Credit Card,0,DSL,1
9815,55,F,13,31.56,404.7,Month-to-month,Credit Card,0,Fiber optic,1
9816,55,M,12,33.85,437.22,Month-to-month,Bank Transfer,0,Fiber optic,1
9817,71,F,29,41.62,1223.38,Month-to-month,Credit Card,0,Fiber optic,1
9818,78,F,20,76.28,1543.54,One year,Bank Transfer,0,Fiber optic,0
9819,61,M,31,96.7,2973.94,Two year,Electronic Check,0,DSL,1
9820,39,M,8,32.69,212.63,Two year,Electronic Check,0,DSL,0
9821,61,M,24,107.0,2563.06,Month-to-month,Credit Card,0,DSL,1
9822,27,M,39,104.27,4054.24,One year,Bank Transfer,1,DSL,0
9823,72,M,33,92.74,3105.14,One year,Bank Transfer,0,Fiber optic,1
9824,79,M,42,62.6,2586.4,Month-to-month,Electronic Check,1,DSL,0
9825,75,F,15,20.16,330.04,Month-to-month,Credit Card,1,DSL,0
9826,23,F,68,93.48,6345.18,Month-to-month,Bank Transfer,0,Fiber optic,1
9827,34,F,65,107.9,7046.46,Two year,Bank Transfer,1,DSL,0
9828,68,F,32,53.53,1712.45,Month-to-month,Bank Transfer,0,Fiber optic,1
9829,67,F,11,91.8,1041.85,Month-to-month,Electronic Check,0,DSL,1
9830,55,F,37,26.2,966.08,One year,Credit Card,0,Fiber optic,0
9831,41,M,19,90.95,1718.24,One year,Bank Transfer,0,Fiber optic,1
9832,68,M,51,26.83,1414.7,Month-to-month,Credit Card,1,Fiber optic,1
9833,27,M,34,78.72,2663.37,One year,Bank Transfer,1,DSL,0
9834,73,F,71,79.76,5693.49,Month-to-month,Electronic Check,1,DSL,0
9835,25,F,60,50.22,2969.9,Two year,Credit Card,0,DSL,0
9836,38,M,53,27.91,1435.49,Month-to-month,Bank Transfer,0,Fiber optic,1
9837,73,M,12,114.93,1372.97,Month-to-month,Electronic Check,0,Fiber optic,1
9838,23,M,62,73.56,4569.28,Month-to-month,Electronic Check,0,DSL,1
9839,38,M,66,77.98,5157.53,One year,Electronic Check,1,Fiber optic,0
9840,74,M,48,81.5,3865.64,Two year,Bank Transfer,0,Fiber optic,1
9841,79,F,40,109.1,4383.67,Month-to-month,Electronic Check,0,Fiber optic,1
9842,56,F,24,26.03,587.71,Month-to-month,Electronic Check,0,Fiber optic,1
9843,41,F,50,109.33,5512.03,Month-to-month,Electronic Check,0,Fiber optic,1
9844,50,M,68,43.97,2973.31,Month-to-month,Electronic Check,0,DSL,1
9845,76,F,43,27.8,1171.54,One year,Electronic Check,1,None,0
9846,35,M,17,85.73,1436.54,Month-to-month,Bank Transfer,1,DSL,1
9847,73,F,55,117.7,6517.24,Month-to-month,Credit Card,0,DSL,1
9848,45,M,34,25.72,872.76,Two year,Bank Transfer,0,DSL,0
9849,74,M,70,62.61,4376.17,Month-to-month,Bank Transfer,1,DSL,0
9850,69,F,60,72.98,4385.39,Month-to-month,Bank Transfer,0,Fiber optic,1
9851,49,F,51,45.21,2348.79,Month-to-month,Credit Card,0,None,1
9852,29,F,35,118.29,4120.98,Two year,Credit Card,0,Fiber optic,1
9853,65,F,34,84.1,2827.48,Month-to-month,Electronic Check,0,Fiber optic,1
9854,59,F,16,104.44,1680.59,Month-to-month,Credit Card,1,Fiber optic,1
9855,44,M,18,61.58,1107.61,Month-to-month,Bank Transfer,1,Fiber optic,1
9856,27,F,38,55.4,2061.4,One year,Electronic Check,0,Fiber optic,0
9857,63,F,43,75.32,3240.95,One year,Credit Card,0,Fiber optic,0
9858,74,M,32,63.53,2039.2,Month-to-month,Bank Transfer,0,None,1
9859,69,F,7,91.49,659.85,Two year,Electronic Check,1,Fiber optic,0
9860,59,M,46,46.58,2192.23,Month-to-month,Electronic Check,1,Fiber optic,1
9861,49,F,61,64.96,3954.72,Month-to-month,Electronic Check,1,Fiber optic,1
9862,59,F,18,109.51,1972.2,Month-to-month,Bank Transfer,0,DSL,1
9863,43,M,71,95.61,6745.81,One year,Electronic Check,1,None,0
9864,42,F,40,36.81,1505.56,Month-to-month,Bank Transfer,0,Fiber optic,1
9865,28,F,50,108.69,5394.32,Two year,Credit Card,0,DSL,1
9866,40,F,5,78.9,437.88,Month-to-month,Electronic Check,0,Fiber optic,1
9867,51,F,54,87.93,4733.07,Two year,Credit Card,0,Fiber optic,1
9868,74,M,58,49.43,2850.7,Month-to-month,Electronic Check,0,Fiber optic,1
9869,69,M,22,64.15,1394.16,Two year,Electronic Check,0,DSL,0
9870,57,F,38,100.68,3870.89,Month-to-month,Electronic Check,0,None,1
9871,79,F,49,53.07,2648.44,Month-to-month,Bank Transfer,1,DSL,0
9872,40,M,1,36.51,83.83,Month-to-month,Credit Card,0,None,1
9873,46,M,36,57.83,2102.36,Month-to-month,Electronic Check,0,Fiber optic,1
9874,48,F,28,26.92,714.87,Two year,Electronic Check,0,None,0
9875,24,M,35,91.79,3201.29,Month-to-month,Bank Transfer,0,Fiber optic,1
9876,57,M,60,34.77,2065.13,Month-to-month,Electronic Check,1,Fiber optic,1
9877,50,M,62,48.51,3028.46,Month-to-month,Bank Transfer,0,DSL,1
9878,38,M,46,108.11,4972.33,One year,Electronic Check,0,DSL,1
9879,19,F,61,74.05,4528.7,Month-to-month,Credit Card,0,DSL,1
9880,35,M,65,52.13,3339.32,Month-to-month,Bank Transfer,0,Fiber optic,1
9881,64,F,26,74.77,1972.31,Two year,Bank Transfer,1,Fiber optic,0
9882,50,F,35,41.83,1509.26,Two year,Electronic Check,1,DSL,0
9883,54,M,57,22.52,1300.58,One year,Credit Card,0,DSL,0
9884,51,F,63,80.37,5098.5,Month-to-month,Electronic Check,0,Fiber optic,1
9885,37,F,4,91.41,363.47,Month-to-month,Bank Transfer,0,DSL,1
9886,52,M,42,107.98,4487.18,One year,Electronic Check,1,None,0
9887,68,M,45,97.19,4422.6,One year,Credit Card,1,DSL,0
9888,67,M,39,112.67,4350.01,Two year,Bank Transfer,0,Fiber optic,1
9889,78,F,65,118.6,7678.28,Month-to-month,Credit Card,1,Fiber optic,1
9890,71,F,22,94.49,2034.02,One year,Credit Card,0,DSL,1
9891,35,F,11,106.79,1187.19,One year,Bank Transfer,0,Fiber optic,1
9892,63,F,37,87.37,3241.01,Two year,Credit Card,1,DSL,0
9893,79,M,51,37.09,1862.56,Month-to-month,Electronic Check,1,DSL,0
9894,41,F,58,38.17,2259.53,Month-to-month,Bank Transfer,0,Fiber optic,1
9895,25,M,7,31.03,258.56,Month-to-month,Credit Card,0,Fiber optic,1
9896,78,M,8,114.3,892.38,One year,Credit Card,1,Fiber optic,0
9897,47,M,51,87.28,4467.17,Month-to-month,Electronic Check,0,DSL,1
9898,61,M,23,98.99,2312.29,Two year,Electronic Check,0,Fiber optic,1
9899,70,F,9,53.12,464.06,Month-to-month,Electronic Check,0,Fiber optic,1
9900,27,M,46,66.04,3013.2,Month-to-month,Electronic Check,0,DSL,1
9901,40,F,38,23.98,886.86,Month-to-month,Credit Card,0,DSL,1
9902,69,M,13,108.9,1447.75,Two year,Credit Card,0,None,1
9903,66,M,7,105.3,733.41,One year,Credit Card,0,Fiber optic,1
9904,28,M,11,98.48,1104.81,Month-to-month,Bank Transfer,0,Fiber optic,1
9905,19,F,50,25.83,1306.53,Month-to-month,Credit Card,0,DSL,1
9906,75,M,67,37.42,2487.76,Month-to-month,Bank Transfer,0,DSL,1
9907,43,M,41,53.42,2161.03,Month-to-month,Credit Card,0,Fiber optic,1
9908,53,M,29,46.31,1305.57,Month-to-month,Electronic Check,0,DSL,1
9909,50,M,37,103.85,3794.84,Month-to-month,Credit Card,0,Fiber optic,1
9910,64,F,56,39.48,2169.01,One year,Bank Transfer,0,Fiber optic,0
9911,30,F,16,73.21,1146.98,Month-to-month,Electronic Check,1,DSL,0
9912,57,M,44,77.14,3415.52,One year,Credit Card,0,Fiber optic,0
9913,42,M,50,62.5,3090.49,Month-to-month,Bank Transfer,0,Fiber optic,1
9914,21,F,71,44.07,3131.31,Month-to-month,Credit Card,0,DSL,1
9915,59,F,6,116.03,670.69,One year,Electronic Check,0,Fiber optic,1
9916,36,F,18,61.34,1105.3,Month-to-month,Bank Transfer,1,DSL,0
9917,35,M,19,92.73,1786.87,Month-to-month,Electronic Check,0,Fiber optic,1
9918,54,F,51,38.4,1935.0,Month-to-month,Bank Transfer,1,Fiber optic,1
9919,47,M,66,102.28,6735.27,One year,Electronic Check,1,Fiber optic,1
9920,36,F,3,41.59,147.07,Month-to-month,Bank Transfer,1,Fiber optic,1
9921,75,F,54,87.53,4731.25,Month-to-month,Bank Transfer,1,DSL,1
9922,40,M,49,70.65,3421.31,One year,Credit Card,1,None,0
9923,76,F,28,34.66,996.3,Month-to-month,Electronic Check,0,Fiber optic,1
9924,71,M,38,22.49,832.36,Month-to-month,Credit Card,0,Fiber optic,1
9925,33,F,28,113.07,3154.47,Month-to-month,Electronic Check,0,Fiber optic,1
9926,18,M,32,32.57,1016.76,One year,Electronic Check,1,Fiber optic,0
9927,29,F,41,90.5,3714.84,One year,Credit Card,0,DSL,1
9928,41,F,36,85.27,3090.5,One year,Bank Transfer,1,Fiber optic,0
9929,51,M,36,54.17,1980.44,One year,Electronic Check,0,None,0
9930,70,M,66,38.54,2585.85,Month-to-month,Bank Transfer,0,Fiber optic,1
9931,74,M,10,37.83,364.22,Month-to-month,Electronic Check,0,Fiber optic,1
9932,25,M,70,78.53,5540.36,One year,Credit Card,1,Fiber optic,0
9933,35,F,72,74.69,5389.38,Two year,Bank Transfer,0,DSL,0
9934,74,F,63,107.59,6767.13,One year,Credit Card,1,DSL,0
9935,65,F,22,84.0,1886.73,One year,Electronic Check,0,DSL,1
9936,22,F,20,101.93,2046.56,Month-to-month,Credit Card,0,Fiber optic,1
9937,43,F,33,23.24,762.35,Month-to-month,Electronic Check,0,Fiber optic,1
9938,47,F,15,87.1,1257.65,Month-to-month,Bank Transfer,0,None,1
9939,71,M,7,43.37,325.34,Month-to-month,Bank Transfer,0,Fiber optic,1
9940,30,F,50,45.28,2221.73,Month-to-month,Credit Card,0,DSL,1
9941,36,F,10,92.06,899.54,Month-to-month,Credit Card,0,None,1
9942,46,M,37,99.34,3721.75,Month-to-month,Bank Transfer,0,Fiber optic,1
9943,20,F,59,57.17,3338.55,Month-to-month,Credit Card,0,Fiber optic,1
9944,43,F,63,99.01,6218.81,Month-to-month,Credit Card,1,DSL,1
9945,57,F,21,64.37,1395.0,One year,Bank Transfer,0,Fiber optic,0
9946,76,M,37,105.76,3896.89,Month-to-month,Electronic Check,1,Fiber optic,1
9947,75,M,45,22.49,994.92,Two year,Credit Card,1,Fiber optic,0
9948,75,F,14,28.35,411.7,Month-to-month,Credit Card,1,Fiber optic,1
9949,29,M,43,97.64,4161.66,One year,Bank Transfer,0,Fiber optic,1
9950,19,F,33,82.41,2766.81,Month-to-month,Electronic Check,1,Fiber optic,1
9951,28,F,3,75.9,205.2,Month-to-month,Electronic Check,0,Fiber optic,1
9952,61,F,44,81.4,3610.17,One year,Credit Card,0,None,1
9953,45,M,35,113.02,3934.46,Month-to-month,Credit Card,1,None,1
9954,35,F,25,85.55,2116.29,One year,Electronic Check,0,Fiber optic,1
9955,30,F,8,84.75,633.75,Month-to-month,Credit Card,0,Fiber optic,1
9956,54,F,62,95.95,5910.83,Month-to-month,Electronic Check,0,Fiber optic,1
9957,39,F,18,106.66,1922.08,Month-to-month,Credit Card,0,Fiber optic,1
9958,29,F,28,46.19,1301.0,Month-to-month,Credit Card,0,Fiber optic,1
9959,19,M,12,81.67,1011.62,Month-to-month,Bank Transfer,1,None,1
9960,54,F,64,78.4,4973.62,One year,Electronic Check,0,Fiber optic,0
9961,24,M,2,33.48,52.58,One year,Electronic Check,0,DSL,0
9962,43,F,59,72.03,4219.79,Two year,Credit Card,0,Fiber optic,0
9963,43,M,37,26.96,983.31,Two year,Bank Transfer,0,Fiber optic,0
9964,41,F,4,38.5,139.43,Month-to-month,Electronic Check,1,DSL,0
9965,29,F,41,111.3,4548.73,Month-to-month,Credit Card,0,Fiber optic,1
9966,33,M,45,31.92,1417.36,One year,Credit Card,1,Fiber optic,0
9967,40,M,34,77.89,2674.66,Month-to-month,Bank Transfer,0,DSL,1
9968,57,F,13,52.35,699.52,Two year,Electronic Check,0,Fiber optic,0
9969,79,M,7,75.53,512.86,Month-to-month,Electronic Check,1,Fiber optic,1
9970,77,M,32,43.5,1356.65,Month-to-month,Credit Card,1,Fiber optic,1
9971,26,F,23,64.44,1483.95,Month-to-month,Credit Card,0,Fiber optic,1
9972,49,F,49,106.73,5271.65,Month-to-month,Bank Transfer,0,None,1
9973,32,F,72,57.62,4111.0,Month-to-month,Electronic Check,0,DSL,1
9974,54,F,47,55.3,2624.4,Month-to-month,Electronic Check,0,None,1
9975,30,F,37,64.61,2400.51,Month-to-month,Bank Transfer,0,DSL,1
9976,22,M,48,30.05,1451.26,Month-to-month,Electronic Check,0,DSL,1
9977,28,F,29,58.73,1746.64,Month-to-month,Bank Transfer,1,Fiber optic,1
9978,27,M,37,20.69,811.12,Month-to-month,Electronic Check,0,None,1
9979,69,F,23,70.34,1592.2,One year,Bank Transfer,0,DSL,0
9980,30,F,38,104.79,4012.87,One year,Bank Transfer,1,Fiber optic,0
9981,58,M,44,75.21,3321.32,Two year,Credit Card,0,Fiber optic,0
9982,70,F,5,80.77,394.73,Month-to-month,Electronic Check,0,Fiber optic,1
9983,63,M,52,23.06,1215.68,Month-to-month,Credit Card,0,Fiber optic,1
9984,67,M,40,105.95,4283.6,Two year,Bank Transfer,0,Fiber optic,1
9985,32,M,11,58.5,645.19,Month-to-month,Bank Transfer,0,Fiber optic,1
9986,59,F,2,117.49,278.99,Month-to-month,Bank Transfer,1,Fiber optic,1
9987,73,F,35,32.05,1136.04,Month-to-month,Electronic Check,0,Fiber optic,1
9988,24,F,45,114.47,5149.44,Two year,Credit Card,1,DSL,0
9989,57,F,49,83.43,4102.49,Month-to-month,Bank Transfer,0,DSL,1
9990,45,F,35,25.23,893.3,Month-to-month,Electronic Check,1,Fiber optic,1
9991,49,F,72,117.17,8428.41,One year,Bank Transfer,0,None,1
9992,52,M,32,21.39,690.73,Month-to-month,Bank Transfer,1,DSL,0
9993,32,F,68,93.07,6349.08,Two year,Bank Transfer,0,DSL,1
9994,65,F,71,108.95,7769.34,Month-to-month,Bank Transfer,0,Fiber optic,1
9995,53,F,39,37.58,1446.05,One year,Credit Card,1,DSL,0
9996,38,F,48,54.34,2559.78,One year,Bank Transfer,0,Fiber optic,0
9997,23,M,37,76.12,2821.56,Month-to-month,Bank Transfer,0,Fiber optic,1
9998,18,M,60,87.98,5277.73,Month-to-month,Credit Card,0,None,1
9999,21,M,4,107.19,384.18,Month-to-month,Credit Card,1,Fiber optic,1
10000,28,M,23,96.11,2223.78,One year,Bank Transfer,0,Fiber optic,1
